-1545.322876,-548.234009,17.01,546.888428,-252.331085,8.12,-104,-3984,-8,-0.0132,-0.001916,-2.207474,0,0,0,1,100,-1.,-0.999969,-0.291321,-0.999969,0.,0,1,0
-1536.151245,-552.540222,17.01,566.436646,-281.882721,8.12,-104,-4365,-8,-0.0132,-0.001434,-2.257096,0,0,0,1,100,-1.,-0.999969,-0.291321,-0.999969,0.,0,1,0
-1526.669312,-557.337769,17.01,583.744873,-313.153107,8.12,-104,-4754,-8,-0.013115,-0.000177,-2.301224,0,0,0,1,100,-1.,-0.999969,-0.291321,-0.999969,0.,0,1,0
-1516.912354,-562.664673,17.01,598.71875,-346.019104,8.12,-104,-5151,-8,-0.0131,0.,-2.339825,0,0,0,1,100,-1.,-0.999969,-0.291321,-0.999969,0.,0,1,0
-1506.929688,-568.541077,17.01,611.245422,-380.363312,8.12,-104,-5556,-8,-0.013,0.,-2.372831,0,0,0,1,100,-1.,-0.999969,-0.291321,-0.999969,0.,0,1,0
-1496.751709,-574.995972,17.01,621.220703,-416.075592,8.12,-104,-5965,-8,-0.012825,0.,-2.400577,0,0,0,1,100,-1.,-0.999969,-0.291321,-0.999969,0.,0,1,0
-1486.421997,-582.038452,17.01,628.609497,-452.968353,8.12,-104,-6381,-8,-0.012628,0.,-2.423,0,0,0,1,100,-1.,-0.999969,-0.291321,-0.999969,0.,0,1,0
-1475.987549,-589.69751,17.01,633.323547,-490.903656,8.12,-104,-6798,-8,-0.012431,0.,-2.44037,0,0,0,1,100,-1.,-0.999969,-0.291321,-0.999969,0.,0,1,0
-1465.4823,-597.982056,17.01,635.391296,-529.654663,8.12,-104,-7217,-8,-0.012234,0.,-2.45294,0,0,0,1,100,-1.,-0.999969,-0.2677,-0.999969,0.,0,1,0
-1454.95752,-606.915039,17.01,634.744507,-569.089661,8.12,-104,-7642,-8,-0.012038,0.000623,-2.460931,0,0,0,1,100,-1.,-0.999969,-0.110229,-0.999969,0.,0,1,0
-1444.460571,-616.49231,17.01,631.353271,-609.032227,8.12,-104,-8067,-8,-0.011841,0.002054,-2.464631,0,0,0,1,100,-1.,-0.999969,0.,-0.999969,0.,0,1,0
-1434.037231,-626.727295,17.01,625.255554,-649.275208,8.12,-104,-8492,-8,-0.011744,0.002923,-2.464131,0,0,0,1,100,-1.,-0.897583,0.,-0.897583,0.,0,0,0
-1423.727051,-637.635193,17.01,616.499512,-689.628601,8.12,-104,-8917,-8,-0.011548,0.003557,-2.459721,0,0,0,1,100,-1.,-0.464539,0.212585,-0.464539,0.,0,0,0
-1413.651367,-649.101196,17.01,589.865234,-705.624268,8.189672,-104,-9340,-8,-0.009821,0.003944,-2.360519,0,0,0,1,100,-1.,0.,0.212585,0.,0.,0,0,0
-1404.197754,-660.542542,17.01,537.659607,-672.639954,8.23918,-104,-9732,-8,-0.005603,0.003708,-1.998161,0,0,0,1,100,-1.,0.322815,0.228333,0.322815,0.,0,0,0
-1395.578369,-671.424622,17.01,491.771545,-634.749268,8.274261,-104,-10060,-8,-0.003202,0.002372,-1.514953,0,0,0,1,100,-1.,0.692871,0.425171,0.692871,0.,0,0,0
-1387.687012,-681.661255,17.01,450.313263,-592.86377,8.303934,-104,-10298,-8,-0.002061,0.0015,-0.999222,0,0,0,1,100,-1.,0.866089,0.5354,0.866089,0.,0,0,0
-1380.45752,-691.199951,17.01,412.673553,-546.812927,8.333607,-104,-10451,-8,-0.001736,0.,-0.482221,0,0,0,1,100,-1.,0.999969,0.559021,0.999969,0.,0,1,0
-1373.833984,-699.973755,17.01,376.977295,-498.520447,8.353278,-104,-10520,-8,-0.001998,0.,-0.041078,0,0,0,1,100,-1.,0.999969,0.527527,0.999969,0.,0,1,0
-1367.733398,-708.036926,17.01,355.449799,-466.131012,8.311146,-104,-10518,-8,-0.002884,-0.000325,0.35239,0,0,0,1,100,-1.,0.999969,0.527527,0.999969,0.,0,1,0
-1361.740845,-715.870422,17.01,377.873383,-485.292786,8.264752,-104,-10438,-8,-0.00491,-0.001248,0.879525,0,0,0,1,100,-1.,0.999969,0.527527,0.999969,0.,0,1,0
-1355.37854,-724.013428,17.01,401.183105,-504.112213,8.227704,-104,-10275,-8,-0.006238,0.,1.282937,0,0,0,1,100,-1.,0.999969,0.527527,0.999969,0.,0,1,0
-1348.627319,-732.463989,17.01,426.185303,-521.555847,8.208032,-104,-10045,-8,-0.007298,0.,1.587195,0,0,0,1,100,-1.,0.999969,0.527527,0.999969,0.,0,1,0
-1341.456665,-741.191467,17.01,453.278564,-536.880066,8.188359,-104,-9766,-8,-0.008166,0.,1.814052,0,0,0,1,100,-1.,0.999969,0.527527,0.999969,0.,0,1,0
-1333.828369,-750.157715,17.01,482.493774,-549.653259,8.179999,-104,-9449,-8,-0.008839,0.,1.983202,0,0,0,1,100,-1.,0.999969,0.527527,0.999969,0.,0,1,0
-1325.705444,-759.313843,17.01,513.717041,-559.57196,8.179999,-104,-9106,-8,-0.00932,0.,2.109631,0,0,0,1,100,-1.,0.999969,0.527527,0.999969,0.,0,1,0
-1317.068359,-768.613464,17.01,546.687561,-566.529663,8.179999,-104,-8748,-8,-0.009713,0.,2.20393,0,0,0,1,100,-1.,0.999969,0.527527,0.999969,0.,0,1,0
-1307.878784,-778.018127,17.01,581.111938,-570.478333,8.179999,-104,-8374,-8,-0.010107,0.,2.273722,0,0,0,1,100,-1.,0.999969,0.527527,0.999969,0.,0,1,0
-1298.109131,-787.470764,17.01,616.753113,-571.359863,8.179999,-104,-7984,-8,-0.0105,0.,2.324603,0,0,0,1,100,-1.,0.999969,0.527527,0.999969,0.,0,1,0
-1287.754028,-796.923462,17.01,653.389282,-569.061218,8.179999,-104,-7587,-8,-0.010797,0.,2.360462,0,0,0,1,100,-1.,0.999969,0.527527,0.999969,0.,0,1,0
-1276.790039,-806.328064,17.01,690.714478,-563.676575,8.179999,-104,-7185,-8,-0.011093,0.,2.384594,0,0,0,1,100,-1.,0.999969,0.527527,0.999969,0.,0,1,0
-1265.206909,-815.627686,17.01,728.425415,-555.356384,8.179999,-104,-6780,-8,-0.01129,0.,2.399011,0,0,0,1,100,-1.,0.999969,0.527527,0.999969,0.,0,1,0
-1253.004761,-824.775085,17.01,766.316956,-544.107788,8.179999,-104,-6371,-8,-0.011487,0.,2.405425,0,0,0,1,100,-1.,0.999969,0.527527,0.999969,0.,0,1,0
-1240.183716,-833.72168,17.01,804.138489,-530.035767,8.179999,-104,-5962,-8,-0.011684,0.,2.405096,0,0,0,1,100,-1.,0.999969,0.527527,0.999969,0.,0,1,0
-1226.725464,-842.411377,17.01,841.664917,-513.28241,8.179999,-104,-5553,-8,-0.01188,0.,2.398986,0,0,0,1,100,-1.,0.999969,0.527527,0.999969,0.,0,1,0
-1212.664429,-850.822571,17.01,878.723755,-493.91272,8.179999,-104,-5144,-8,-0.0119,0.,2.389123,0,0,0,1,100,-1.,0.999969,0.527527,0.999969,0.,0,1,0
-1197.986084,-858.893982,17.01,915.188721,-471.784027,8.179999,-104,-4737,-8,-0.0119,0.,2.382407,0,0,0,1,100,-1.,0.999969,0.527527,0.999969,0.,0,0,0
-1182.713013,-866.590881,17.01,950.834229,-447.142395,8.179999,-104,-4336,-8,-0.0119,0.,2.378472,0,0,0,1,100,-1.,0.999969,0.527527,0.999969,0.,0,0,0
-1167.006958,-873.797058,17.01,951.375732,-408.617065,8.266897,-104,-3935,-8,-0.011566,0.001009,2.322332,0,0,0,1,100,-1.,0.999969,0.527527,0.999969,0.,0,0,0
-1151.587402,-880.279297,17.01,906.659241,-356.798706,8.322793,-104,-3545,-8,-0.011008,0.002392,2.183254,0,0,0,1,100,-1.,0.999969,0.527527,0.999969,0.,0,0,0
-1136.905762,-885.916382,17.01,859.804688,-306.34668,8.362137,-104,-3179,-8,-0.010418,0.002439,2.077755,0,0,0,1,100,-1.,0.999969,0.5354,0.999969,0.,0,0,0
-1123.000122,-890.743164,17.01,810.686096,-258.398193,8.38574,-104,-2833,-8,-0.009885,0.002085,1.99408,0,0,0,1,100,-1.,0.999969,0.590515,0.999969,0.,0,0,0
-1109.908447,-894.797668,17.01,759.412292,-213.825272,8.4,-104,-2497,-8,-0.009546,0.001746,1.919671,0,0,0,1,100,-1.,0.968445,0.653503,0.968445,0.,0,0,0
-1097.668701,-898.138062,17.01,706.179626,-173.101807,8.4,-104,-2175,-8,-0.0094,0.001398,1.84567,0,0,0,1,100,-1.,0.960571,0.653503,0.960571,0.,0,0,0
-1086.314209,-900.825684,17.01,651.393494,-137.030853,8.4,-104,-1868,-8,-0.009548,0.001152,1.7567,0,0,0,1,100,-1.,0.889709,0.724365,0.889709,0.,0,0,0
-1075.854004,-902.941956,17.01,595.302551,-105.490219,8.4,-104,-1576,-8,-0.009744,0.,1.657176,0,0,0,1,100,-1.,0.818848,0.818848,0.818848,0.,0,0,0
-1066.317017,-904.557129,17.01,538.470459,-79.121574,8.389999,-104,-1302,-8,-0.010041,0.,1.531032,0,0,0,1,100,-1.,0.787354,0.834595,0.787354,0.,0,0,0
-1057.722412,-905.762512,17.01,481.226898,-57.716206,8.38,-104,-1051,-8,-0.010375,0.,1.381747,0,0,0,1,100,-1.,0.488159,0.992065,0.488159,0.,0,0,0
-1050.065674,-906.634094,17.01,423.602844,-40.496273,8.37,-104,-823,-8,-0.010634,0.,1.225132,0,0,0,1,100,-1.,0.440918,0.999969,0.440918,0.,0,0,0
-1043.353638,-907.247986,17.01,366.345245,-28.660999,8.346881,-104,-623,-8,-0.011162,0.,1.025736,0,0,0,1,100,-1.,0.322815,0.999969,0.322815,0.,0,0,0
-1037.572998,-907.680237,17.01,309.209961,-20.229071,8.33,-104,-460,-8,-0.0114,0.,0.827945,0,0,0,1,100,-1.,0.2677,0.999969,0.2677,0.,0,0,0
-1032.737915,-907.989502,17.01,252.038269,-14.415833,8.32,-104,-330,-8,-0.0115,0.,0.642919,0,0,0,1,100,-1.,0.24408,0.999969,0.24408,0.,0,0,0
-1028.831177,-908.209229,17.01,194.836761,-10.582435,8.309999,-104,-231,-8,-0.011379,0.,0.477561,0,0,0,1,100,-1.,0.181091,0.999969,0.181091,0.,0,0,0
-1025.864746,-908.37262,17.01,137.596542,-8.222582,8.309999,-104,-159,-8,-0.011182,0.,0.334358,0,0,0,1,100,-1.,0.118103,0.999969,0.118103,0.,0,0,0
-1023.8349,-908.498901,17.01,80.319115,-6.915226,8.309999,-104,-110,-8,-0.01087,0.,0.214136,0,0,0,1,100,-1.,0.110229,0.999969,0.110229,0.,0,0,0
-1022.744629,-908.605713,17.01,23.026194,-6.126947,8.309999,-104,-83,-8,-0.010477,0.,0.122547,0,0,0,1,100,-1.,0.,0.999969,0.,0.,0,0,0
-1022.58075,-908.704102,17.01,-17.03804,-5.796179,8.309999,-104,-68,-8,-0.009884,-0.001158,0.072308,0,0,0,1,100,-1.,0.,0.999969,0.,0.,0,0,0
-1022.957397,-908.802002,17.01,-42.864811,-4.459233,8.309999,-104,-60,-8,-0.009495,-0.00221,0.048607,0,0,0,1,100,-1.,0.,0.999969,0.,0.,0,0,0
-1023.759644,-908.870361,17.01,-68.265999,-2.959327,8.309999,-104,-52,-8,-0.0093,-0.002502,0.037307,0,0,0,1,100,-1.,0.,0.999969,0.,0.,0,0,0
-1024.97937,-908.909668,17.01,-93.239868,-1.80855,8.309999,-104,-52,-8,-0.009202,-0.002698,0.027274,0,0,0,1,100,-1.,0.,0.999969,0.,0.,0,0,0
-1026.6073,-908.929504,17.01,-117.786301,-0.968957,8.309999,-104,-52,-8,-0.0092,-0.0027,0.019965,0,0,0,1,100,-1.,0.,0.999969,0.,0.,0,0,0
-1028.641235,-908.949158,17.01,-141.926331,-0.343601,8.309999,-104,-52,-8,-0.0092,-0.002792,0.014603,0,0,0,1,100,-1.,0.,0.999969,0.,0.,0,0,0
-1031.062744,-908.949951,17.01,-165.660126,0.124886,8.309999,-104,-52,-8,-0.0092,-0.0028,0.010705,0,0,0,1,100,-1.,0.,0.999969,0.,0.,0,0,0
-1033.871094,-908.949951,17.01,-188.996231,0.485022,8.309999,-104,-52,-8,-0.0092,-0.0028,0.007791,0,0,0,1,100,-1.,-0.102356,0.999969,-0.102356,0.,0,0,0
-1037.066284,-908.941772,17.01,-211.945435,0.774841,8.309999,-104,-52,-8,-0.0092,-0.002882,0.00568,0,0,0,1,100,-1.,-0.149597,0.999969,-0.149597,0.,0,0,0
-1040.630615,-908.914246,17.01,-234.444122,2.570895,8.309999,-104,-52,-8,-0.008742,-0.0029,0.047953,0,0,0,1,100,-1.,-0.165344,0.999969,-0.165344,0.,0,0,0
-1044.562256,-908.86731,17.01,-256.515442,4.724747,8.309999,-104,-45,-8,-0.008425,-0.0029,0.103752,0,0,0,1,100,-1.,-0.283447,0.999969,-0.283447,0.,0,0,0
-1048.85437,-908.783875,17.01,-278.220032,6.537579,8.309999,-104,-27,-8,-0.0084,-0.0029,0.154983,0,0,0,1,100,-1.,-0.488159,0.936951,-0.488159,0.,0,0,0
-1053.494751,-908.661682,17.01,-299.367554,9.612447,8.309999,-104,-1,-8,-0.008031,-0.003,0.24891,0,0,0,1,100,-1.,-0.747986,0.763733,-0.747986,0.,0,1,0
-1058.483276,-908.487732,17.01,-319.545532,15.060448,8.3,-104,45,-8,-0.007203,-0.0031,0.41884,0,0,0,1,100,-1.,-0.936951,0.448792,-0.936951,0.,0,1,0
-1063.640259,-908.213989,17.01,-300.622009,19.803448,8.215054,-104,124,-8,-0.007335,-0.004859,0.573066,0,0,0,1,100,-1.,-0.999969,0.354309,-0.999969,0.,0,1,0
-1068.131714,-907.901367,17.01,-226.235764,16.31871,8.142274,-104,218,-8,-0.00975,-0.007573,0.476207,0,0,0,1,100,-1.,-0.999969,0.307068,-0.999969,0.,0,1,0
-1071.404663,-907.64856,17.01,-152.401627,10.812681,8.104419,-104,290,-8,-0.011602,-0.008567,0.305555,0,0,0,1,100,-1.,-0.999969,0.,-0.999969,0.,0,1,0
-1073.463989,-907.493713,17.01,-79.507927,3.22957,8.084746,-104,330,-8,-0.013168,-0.008853,0.062791,0,0,0,1,100,-1.,-0.999969,0.,-0.999969,0.,0,1,0
-1074.338989,-907.474731,17.01,-15.206367,-4.888246,8.08,-104,328,-8,-0.014052,-0.008506,-0.197773,0,0,0,1,100,-1.,-0.999969,0.,-0.999969,0.,0,1,0
-1074.283447,-907.572144,17.01,26.090202,-9.495885,8.08,-104,287,-8,-0.013654,-0.007462,-0.344624,0,0,0,1,100,-1.,-0.999969,0.,-0.999969,0.,0,1,0
-1073.555054,-907.746948,17.01,66.59967,-14.515615,8.08,-104,219,-8,-0.0135,-0.007057,-0.497201,0,0,0,1,100,-1.,-0.999969,0.,-0.999969,0.,0,1,0
-1072.169189,-908.003052,17.01,106.051834,-20.353655,8.09,-104,126,-8,-0.0135,-0.006861,-0.661128,0,0,0,1,100,-1.,-0.999969,0.,-0.999969,0.,0,1,0
-1070.139038,-908.355896,17.01,144.590576,-26.96763,8.09,-104,2,-8,-0.0136,-0.006664,-0.829849,0,0,0,1,100,-1.,-0.999969,0.,-0.999969,0.,0,1,0
-1067.473755,-908.822021,17.01,182.288666,-34.414452,8.093287,-104,-152,-8,-0.0137,-0.006467,-0.997211,0,0,0,1,100,-1.,-0.999969,0.,-0.999969,0.,0,1,0
-1064.202637,-909.423584,17.01,219.187256,-42.792301,8.099999,-104,-330,-8,-0.0137,-0.00627,-1.158725,0,0,0,1,100,-1.,-0.999969,0.,-0.999969,0.,0,1,0
-1060.331665,-910.173157,17.01,255.277466,-52.243034,8.099999,-104,-537,-8,-0.0137,-0.006047,-1.311251,0,0,0,1,100,-1.,-0.999969,0.,-0.999969,0.,0,1,0
-1055.863281,-911.079773,17.01,290.508942,-62.922215,8.099999,-104,-769,-8,-0.0137,-0.005754,-1.453134,0,0,0,1,100,-1.,-0.999969,0.,-0.999969,0.,0,1,0
-1050.82666,-912.172485,17.01,324.820679,-75.015923,8.099999,-104,-1028,-8,-0.01368,-0.00546,-1.583011,0,0,0,1,100,-1.,-0.999969,-0.13385,-0.999969,0.,0,1,0
-1045.230591,-913.471924,17.01,358.107635,-88.691025,8.099999,-104,-1308,-8,-0.0136,-0.005067,-1.700065,0,0,0,1,100,-1.,-0.999969,-0.204712,-0.999969,0.,0,1,0
-1039.094238,-915.004822,17.01,390.284668,-104.061752,8.099999,-104,-1605,-8,-0.0135,-0.004674,-1.804077,0,0,0,1,100,-1.,-0.999969,-0.24408,-0.999969,0.,0,1,0
-1032.435547,-916.800232,17.01,421.256744,-121.177116,8.099999,-104,-1916,-8,-0.0134,-0.00428,-1.895029,0,0,0,1,100,-1.,-0.999969,-0.259827,-0.999969,0.,0,1,0
-1025.276001,-918.878418,17.01,450.91806,-140.084167,8.099999,-104,-2243,-8,-0.0133,-0.003887,-1.973027,0,0,0,1,100,-1.,-0.999969,-0.2677,-0.999969,0.,0,1,0
-1017.633057,-921.285522,17.01,479.142548,-160.84198,8.11,-104,-2586,-8,-0.013297,-0.003493,-2.038538,0,0,0,1,100,-1.,-0.999969,-0.2677,-0.999969,0.,0,0,0
-1009.53595,-924.041443,17.01,505.631989,-183.7117,8.11,-104,-2940,-8,-0.0132,-0.0031,-2.098628,0,0,0,1,100,-1.,-0.999969,-0.2677,-0.999969,0.,0,0,0
-1001.077515,-927.168091,17.01,522.65863,-206.315735,8.16809,-104,-3306,-8,-0.013006,-0.002706,-2.154534,0,0,0,1,100,-1.,-0.999969,-0.2677,-0.999969,0.,0,0,0
-992.726135,-930.502075,17.01,466.738129,-193.840271,8.238062,-104,-3665,-8,-0.009103,0.,-1.909408,0,0,0,1,100,-1.,-0.999969,-0.2677,-0.999969,0.,0,0,0
-985.313477,-933.619019,17.01,409.456726,-179.740616,8.288053,-104,-3985,-8,-0.007178,0.,-1.684519,0,0,0,1,100,-1.,-0.999969,-0.2677,-0.999969,0.,0,0,0
-978.829956,-936.503845,17.01,352.484985,-163.570633,8.318698,-104,-4266,-8,-0.006252,0.,-1.472901,0,0,0,1,100,-1.,-0.999969,-0.2677,-0.999969,0.,0,0,0
-973.274963,-939.11145,17.01,296.52951,-144.655594,8.338371,-104,-4512,-8,-0.005733,0.,-1.260459,0,0,0,1,100,-1.,-0.999969,-0.2677,-0.999969,0.,0,0,0
-968.640503,-941.394714,17.01,242.060349,-122.743866,8.34,-104,-4720,-8,-0.00542,0.,-1.037823,0,0,0,1,100,-1.,-0.999969,-0.2677,-0.999969,0.,0,0,0
-964.889832,-943.304321,17.01,189.421844,-97.818199,8.34,-104,-4890,-8,-0.005223,0.,-0.798505,0,0,0,1,100,-1.,-0.999969,-0.2677,-0.999969,0.,0,0,0
-961.992188,-944.794922,17.01,138.807526,-70.069519,8.34,-104,-5017,-8,-0.004952,0.,-0.537644,0,0,0,1,100,-1.,-0.999969,-0.2677,-0.999969,0.,0,0,0
-959.914612,-945.816528,17.01,90.294266,-39.769146,8.34,-104,-5099,-8,-0.004729,0.,-0.250845,0,0,0,1,100,-1.,-0.999969,-0.2677,-0.999969,0.,0,0,0
-958.623352,-946.337646,17.01,43.982777,-7.17543,8.34,-104,-5131,-8,-0.004465,0.,0.068413,0,0,0,1,100,-1.,-0.999969,-0.2677,-0.999969,0.,0,0,0
-958.076721,-946.329529,17.01,9.386778,18.18531,8.34,-104,-5111,-8,-0.005376,0.,0.293502,0,0,0,1,100,-1.,-0.999969,-0.2677,-0.999969,0.,0,0,0
-958.004272,-945.964172,17.01,-11.79554,32.969769,8.34,-104,-5057,-8,-0.006543,0.,0.438206,0,0,0,1,100,-1.,-0.999969,-0.2677,-0.999969,0.,0,0,0
-958.282227,-945.363037,17.01,-33.274651,46.926884,8.34,-104,-4979,-8,-0.007115,0.,0.569567,0,0,0,1,100,-1.,-0.999969,-0.2677,-0.999969,0.,0,0,0
-958.922241,-944.535217,17.01,-54.49049,60.471714,8.334579,-104,-4878,-8,-0.007454,0.,0.694419,0,0,0,1,100,-1.,-0.999969,-0.2677,-0.999969,0.,0,0,0
-959.895386,-943.489441,17.01,-75.388504,73.656464,8.33,-104,-4757,-8,-0.007651,0.,0.814762,0,0,0,1,100,-1.,-0.999969,-0.2677,-0.999969,0.,0,0,0
-961.212158,-942.231201,17.01,-96.089035,86.337517,8.33,-104,-4616,-8,-0.007848,0.,0.931383,0,0,0,1,100,-1.,-0.999969,-0.2677,-0.999969,0.,0,0,0
-962.872681,-940.764954,17.01,-116.734116,98.339417,8.33,-104,-4453,-8,-0.007944,0.,1.043952,0,0,0,1,100,-1.,-0.999969,-0.2677,-0.999969,0.,0,0,0
-964.866211,-939.104187,17.01,-137.464325,109.479424,8.33,-104,-4273,-8,-0.008,0.,1.15193,0,0,0,1,100,-1.,-0.999969,-0.2677,-0.999969,0.,0,0,0
-967.207886,-937.269287,17.01,-158.349503,119.62442,8.33,-104,-4077,-8,-0.0081,0.,1.254914,0,0,0,1,100,-1.,-0.999969,-0.2677,-0.999969,0.,0,0,0
-969.884338,-935.273743,17.01,-179.464386,128.647827,8.33,-104,-3860,-8,-0.008135,0.,1.352447,0,0,0,1,100,-1.,-0.999969,-0.2677,-0.999969,0.,0,0,0
-972.905884,-933.126648,17.01,-200.843872,136.380646,8.33,-104,-3625,-8,-0.0082,0.,1.444239,0,0,0,1,100,-1.,-0.999969,-0.2677,-0.999969,0.,0,0,0
-976.292175,-930.85968,17.01,-222.494171,142.725342,8.33,-104,-3375,-8,-0.0083,0.,1.5302,0,0,0,1,100,-1.,-0.999969,-0.2677,-0.999969,0.,0,0,0
-980.026733,-928.496033,17.01,-244.412842,147.589325,8.33,-104,-3110,-8,-0.0083,0.,1.610039,0,0,0,1,100,-1.,-0.999969,-0.2677,-0.999969,0.,0,0,0
-984.121582,-926.059875,17.01,-266.554413,150.912949,8.33,-104,-2837,-8,-0.0084,0.,1.68381,0,0,0,1,100,-1.,-0.999969,-0.2677,-0.999969,0.,0,0,0
-988.583984,-923.569397,17.01,-288.856445,152.648102,8.33,-104,-2548,-8,-0.0084,0.,1.751601,0,0,0,1,100,-1.,-0.999969,-0.2677,-0.999969,0.,0,0,0
-993.40387,-921.071045,17.01,-311.267944,152.708145,8.33,-104,-2249,-8,-0.0084,0.,1.813605,0,0,0,1,100,-1.,-0.999969,-0.2677,-0.999969,0.,0,0,0
-998.59137,-918.573792,17.01,-333.712799,151.071732,8.33,-104,-1937,-8,-0.0084,0.,1.869998,0,0,0,1,100,-1.,-0.999969,-0.2677,-0.999969,0.,0,0,0
-1004.146423,-916.107544,17.01,-356.104187,147.70433,8.33,-104,-1618,-8,-0.0084,0.,1.920898,0,0,0,1,100,-1.,-0.999969,-0.2677,-0.999969,0.,0,0,0
-1010.069031,-913.7099,17.01,-378.356964,142.595901,8.33,-104,-1292,-8,-0.0084,-0.00103,1.966675,0,0,0,1,100,-1.,-0.999969,-0.2677,-0.999969,0.,0,0,0
-1016.358948,-911.399963,17.01,-400.366089,135.746658,8.33,-104,-957,-8,-0.0085,-0.002005,2.007335,0,0,0,1,100,-1.,-0.999969,-0.2677,-0.999969,0.,0,0,0
-1023.008362,-909.206543,17.01,-422.034912,127.168976,8.33,-104,-615,-8,-0.0085,-0.002497,2.043333,0,0,0,1,100,-1.,-0.999969,-0.2677,-0.999969,0.,0,0,0
-1030.017212,-907.158752,17.01,-443.257202,116.842125,8.33,-104,-268,-8,-0.0085,-0.00289,2.074763,0,0,0,1,100,-1.,-0.999969,-0.2677,-0.999969,0.,0,0,0
-1037.37439,-905.294128,17.01,-463.93924,104.851051,8.33,-104,85,-8,-0.0085,-0.003192,2.101936,0,0,0,1,100,-1.,-0.999969,-0.2677,-0.999969,0.,0,0,0
-1045.061035,-903.631836,17.01,-483.977081,91.222946,8.33,-104,443,-8,-0.0085,-0.003577,2.12513,0,0,0,1,100,-1.,-0.999969,-0.2677,-0.999969,0.,0,0,0
-1053.067749,-902.200806,17.01,-503.283722,75.989258,8.33,-104,805,-8,-0.0085,-0.003871,2.144455,0,0,0,1,100,-1.,-0.999969,-0.2677,-0.999969,0.,0,0,0
-1061.394165,-901.028381,17.01,-521.756653,59.245647,8.33,-104,1167,-8,-0.008418,-0.004164,2.160668,0,0,0,1,100,-1.,-0.999969,-0.2677,-0.999969,0.,0,0,0
-1070.02002,-900.12677,17.01,-539.307556,41.210026,8.33,-104,1536,-8,-0.008221,-0.004458,2.177458,0,0,0,1,100,-1.,-0.999969,-0.2677,-0.999969,0.,0,0,0
-1078.930176,-899.521057,17.01,-555.87793,21.879465,8.33,-104,1906,-8,-0.008024,-0.004776,2.194924,0,0,0,1,100,-1.,-0.999969,-0.2677,-0.999969,0.,0,0,0
-1088.111328,-899.242126,17.01,-571.400635,1.338298,8.33,-104,2279,-8,-0.007828,-0.005072,2.212432,0,0,0,1,100,-1.,-0.999969,-0.2677,-0.999969,0.,0,0,0
-1097.539429,-899.305847,17.01,-585.794983,-20.423584,8.33,-104,2656,-8,-0.007631,-0.005338,2.229465,0,0,0,1,100,-1.,-0.999969,-0.2677,-0.999969,0.,0,0,0
-1107.199707,-899.737122,17.01,-598.998901,-43.337509,8.33,-104,3034,-8,-0.007434,-0.005631,2.245723,0,0,0,1,100,-1.,-0.999969,-0.251953,-0.999969,0.,0,0,0
-1117.06958,-900.552185,17.01,-610.96167,-67.309097,8.33,-104,3414,-8,-0.007238,-0.005925,2.261046,0,0,0,1,100,-1.,-0.858215,0.,-0.858215,0.,0,0,0
-1127.126953,-901.760071,17.01,-621.617432,-92.327766,8.33,-104,3800,-8,-0.007041,-0.006218,2.275182,0,0,0,1,100,-1.,-0.299194,0.251953,-0.299194,0.,0,0,0
-1137.352905,-903.385315,17.01,-630.157532,-121.063705,8.33,-104,4183,-8,-0.007456,-0.006712,2.210772,0,0,0,1,100,-1.,0.2677,0.220459,0.2677,0.,0,0,0
-1147.702515,-905.512329,17.01,-632.411926,-159.153778,8.314738,-104,4544,-8,-0.009816,-0.007963,1.862722,0,0,0,1,100,-1.,0.425171,0.24408,0.425171,0.,0,0,0
-1158.055054,-908.289307,17.01,-627.183594,-201.673325,8.270133,-104,4837,-8,-0.012296,-0.009596,1.303783,0,0,0,1,100,-1.,0.936951,0.480286,0.936951,0.,0,0,0
-1168.305664,-911.763489,17.01,-620.831116,-240.871796,8.225394,-104,5035,-8,-0.013246,-0.010538,0.764016,0,0,0,1,100,-1.,0.999969,0.472412,0.999969,0.,0,0,0
-1178.44165,-915.86676,17.01,-609.875366,-279.163025,8.171444,-104,5137,-8,-0.014628,-0.011628,0.111377,0,0,0,1,100,-1.,0.999969,0.456665,0.999969,0.,0,0,0
-1188.402832,-920.577271,17.01,-601.675354,-311.571503,8.146049,-104,5127,-8,-0.01486,-0.012,-0.478725,0,0,0,1,100,-1.,0.999969,0.448792,0.999969,0.,0,0,0
-1198.247681,-925.793457,17.01,-599.040405,-336.888,8.143622,-104,5023,-8,-0.014355,-0.011728,-0.964667,0,0,0,1,100,-1.,0.999969,0.448792,0.999969,0.,0,0,0
-1208.070679,-931.388672,17.01,-602.157654,-354.919739,8.16659,-104,4839,-8,-0.013402,-0.011168,-1.348958,0,0,0,1,100,-1.,0.999969,0.448792,0.999969,0.,0,0,0
-1217.974365,-937.262024,17.01,-610.44751,-365.90741,8.205935,-104,4594,-8,-0.012222,-0.010381,-1.641985,0,0,0,1,100,-1.,0.999969,0.448792,0.999969,0.,0,0,0
-1228.0271,-943.285583,17.01,-623.027466,-370.400299,8.24264,-104,4302,-8,-0.011068,-0.009494,-1.855558,0,0,0,1,100,-1.,0.999969,0.448792,0.999969,0.,0,0,0
-1238.307495,-949.362,17.01,-638.878113,-369.111359,8.272311,-104,3975,-8,-0.010108,-0.008708,-2.005101,0,0,0,1,100,-1.,0.999969,0.448792,0.999969,0.,0,0,0
-1248.853271,-955.391113,17.01,-656.968384,-362.847443,8.291984,-104,3623,-8,-0.00944,-0.00794,-2.108814,0,0,0,1,100,-1.,0.999969,0.440918,0.999969,0.,0,0,0
-1259.700806,-961.298584,17.01,-676.436035,-352.36853,8.311656,-104,3256,-8,-0.008983,-0.00735,-2.181386,0,0,0,1,100,-1.,0.999969,0.433044,0.999969,0.,0,0,0
-1270.869141,-967.02594,17.01,-696.616272,-338.291351,8.331328,-104,2878,-8,-0.008787,-0.00676,-2.23227,0,0,0,1,100,-1.,0.999969,0.417297,0.999969,0.,0,0,0
-1282.367432,-972.508179,17.01,-717.002747,-321.117279,8.341001,-104,2492,-8,-0.0086,-0.00628,-2.267891,0,0,0,1,100,-1.,0.999969,0.409424,0.999969,0.,0,0,0
-1294.203125,-977.689575,17.01,-737.21106,-301.239685,8.349999,-104,2099,-8,-0.0086,-0.005887,-2.292532,0,0,0,1,100,-1.,0.999969,0.409424,0.999969,0.,0,0,0
-1306.367554,-982.540405,17.01,-756.957642,-278.99295,8.36,-104,1705,-8,-0.0086,-0.005493,-2.309114,0,0,0,1,100,-1.,0.999969,0.393677,0.999969,0.,0,0,0
-1318.851318,-987.023682,17.01,-775.986328,-254.687057,8.36,-104,1304,-8,-0.0086,-0.0051,-2.320006,0,0,0,1,100,-1.,0.999969,0.37793,0.999969,0.,0,0,0
-1331.647095,-991.087585,17.01,-794.117981,-228.480362,8.36,-104,902,-8,-0.0086,-0.004706,-2.326413,0,0,0,1,100,-1.,0.999969,0.362183,0.999969,0.,0,0,0
-1344.733154,-994.71637,17.01,-811.205811,-200.646133,8.37,-104,501,-8,-0.0087,-0.004313,-2.329717,0,0,0,1,100,-1.,0.999969,0.354309,0.999969,0.,0,0,0
-1358.090454,-997.881226,17.01,-827.126099,-171.38533,8.37,-104,100,-8,-0.0088,-0.00401,-2.33059,0,0,0,1,100,-1.,0.999969,0.338562,0.999969,0.,0,0,0
-1371.709717,-1000.57312,17.01,-841.782227,-140.870728,8.37,-104,-302,-8,-0.0089,-0.003626,-2.32969,0,0,0,1,100,-1.,0.999969,0.330688,0.999969,0.,0,0,0
-1385.562134,-1002.754639,17.01,-855.099731,-109.244461,8.37,-104,-703,-8,-0.009084,-0.003332,-2.327327,0,0,0,1,100,-1.,0.999969,0.314941,0.999969,0.,0,0,0
-1399.628784,-1004.413818,17.01,-867.017639,-76.640587,8.37,-104,-1104,-8,-0.0091,-0.002939,-2.32397,0,0,0,1,100,-1.,0.999969,0.299194,0.999969,0.,0,0,0
-1413.882568,-1005.532959,17.01,-877.490234,-43.159073,8.37,-104,-1506,-8,-0.0092,-0.002646,-2.319724,0,0,0,1,100,-1.,0.999969,0.291321,0.999969,0.,0,0,0
-1428.303101,-1006.103088,17.01,-886.467896,-8.918167,8.37,-104,-1907,-8,-0.0093,-0.002252,-2.314877,0,0,0,1,100,-1.,0.999969,0.291321,0.999969,0.,0,0,0
-1442.871338,-1006.112244,17.01,-893.919617,26.000204,8.37,-104,-2308,-8,-0.009371,-0.001929,-2.309521,0,0,0,1,100,-1.,0.999969,0.291321,0.999969,0.,0,0,0
-1457.551636,-1005.54364,17.01,-899.802856,61.499992,8.37,-104,-2707,-8,-0.0094,-0.001565,-2.303711,0,0,0,1,100,-1.,0.999969,0.291321,0.999969,0.,0,0,0
-1472.322144,-1004.394714,17.01,-904.139099,97.38459,8.37,-104,-3100,-8,-0.009464,-0.001236,-2.297548,0,0,0,1,100,-1.,0.999969,0.291321,0.999969,0.,0,0,0
-1487.153809,-1002.649353,17.01,-906.924927,133.540009,8.37,-104,-3494,-8,-0.0095,-0.000392,-2.291092,0,0,0,1,100,-1.,0.999969,0.283447,0.999969,0.,0,0,0
-1502.027954,-1000.314331,17.01,-908.143921,169.923218,8.37,-104,-3887,-8,-0.0095,0.,-2.284385,0,0,0,1,100,-1.,0.999969,0.24408,0.999969,0.,0,1,0
-1516.9198,-997.379578,17.01,-907.780518,206.489014,8.37,-104,-4280,-8,-0.0095,0.,-2.277446,0,0,0,1,100,-1.,0.,0.,0.,0.,0,1,0
-1531.670288,-993.905823,17.01,-878.108032,231.836716,8.304696,-104,-4674,-8,-0.009802,-0.001071,-2.221615,0,0,0,1,100,-1.,0.,0.,0.,0.,0,1,0
-1545.598389,-990.120056,17.01,-789.599365,244.929932,8.245679,-104,-5040,-8,-0.007857,-0.00513,-1.693825,0,0,0,1,100,-1.,0.,0.,0.,0.,0,1,0
-1558.069702,-986.143005,17.01,-703.227112,249.192184,8.201108,-104,-5313,-8,-0.007933,-0.006044,-1.26465,0,0,0,1,100,-1.,0.,0.,0.,0.,0,1,0
-1569.141968,-982.138123,17.01,-620.63855,244.936844,8.165882,-104,-5520,-8,-0.008706,-0.006018,-0.934334,0,0,0,1,100,-1.,0.,0.,0.,0.,0,1,0
-1578.875977,-978.238403,17.01,-541.808472,233.240738,8.146209,-104,-5672,-8,-0.00969,-0.005586,-0.68266,0,0,0,1,100,-1.,0.,0.,0.,0.,0,1,0
-1587.334229,-974.550171,17.01,-466.436554,215.210327,8.126537,-104,-5785,-8,-0.010673,-0.004996,-0.493222,0,0,0,1,100,-1.,0.,0.,0.,0.,0,1,0
-1594.570679,-971.178406,17.01,-394.086823,191.96817,8.12,-104,-5866,-8,-0.011525,-0.004406,-0.352541,0,0,0,1,100,-1.,0.,0.,0.,0.,0,1,0
-1600.636353,-968.205383,17.01,-324.281006,164.509567,8.117192,-104,-5923,-8,-0.012284,-0.003944,-0.249513,0,0,0,1,100,-1.,0.,0.,0.,0.,0,1,0
-1605.572998,-965.704773,17.01,-256.539673,133.731491,8.11,-104,-5964,-8,-0.01285,-0.00355,-0.175163,0,0,0,1,100,-1.,0.,0.,0.,0.,0,1,0
-1609.4021,-963.721375,17.01,-190.422821,100.384407,8.11,-104,-5995,-8,-0.013243,-0.003257,-0.122217,0,0,0,1,100,-1.,0.,0.,0.,0.,0,1,0
-1612.149658,-962.293274,17.01,-125.558426,65.077507,8.108175,-104,-6017,-8,-0.013618,-0.002982,-0.085119,0,0,0,1,100,-1.,0.,0.,0.,0.,0,1,0
-1613.844849,-961.447083,17.01,-61.650711,28.26775,8.099999,-104,-6033,-8,-0.013815,-0.002785,-0.059679,0,0,0,1,100,-1.,0.,0.,0.,0.,0,1,0
-1614.495361,-961.21167,17.01,-0.111839,-8.762326,8.099999,-104,-6044,-8,-0.013942,-0.002495,-0.044309,0,0,0,1,100,-1.,0.,0.,0.,0.,0,1,0
-1614.240601,-961.51355,17.01,36.120125,-30.287985,8.099999,-104,-6052,-8,-0.013192,-0.001099,-0.034154,0,0,0,1,100,-1.,0.,0.,0.,0.,0,1,0
-1613.386597,-962.163574,17.01,71.660034,-51.565563,8.099999,-104,-6060,-8,-0.013095,0.,-0.024159,0,0,0,1,100,-1.,0.,0.,0.,0.,0,1,0
-1611.952515,-963.161804,17.01,106.33065,-72.8908,8.099999,-104,-6068,-8,-0.013,0.,-0.015843,0,0,0,1,100,-1.,0.,0.,0.,0.,0,1,0
-1609.955444,-964.509583,17.01,140.196045,-94.205673,8.099999,-104,-6076,-8,-0.013,0.,-0.010336,0,0,0,1,100,-1.,-0.259827,-0.141724,-0.259827,0.,0,1,0
-1607.404419,-966.207214,17.01,173.322815,-115.423546,8.099999,-104,-6084,-8,-0.013,0.,-0.006775,0,0,0,1,100,-1.,-0.527527,-0.338562,-0.527527,0.,0,1,0
-1604.330078,-968.271423,17.01,203.082642,-139.821671,8.099999,-104,-6095,-8,-0.013684,0.,-0.123687,0,0,0,1,100,-1.,-0.677124,-0.472412,-0.677124,0.,0,1,0
-1600.780518,-970.750244,17.01,229.139404,-166.600403,8.11,-104,-6129,-8,-0.014666,0.,-0.343092,0,0,0,1,100,-1.,-0.881836,-0.606262,-0.881836,0.,0,1,0
-1596.812378,-973.673218,17.01,253.203674,-194.007111,8.11,-104,-6202,-8,-0.015271,0.001513,-0.589622,0,0,0,1,100,-1.,-0.897583,-0.582642,-0.897583,0.,0,0,0
-1592.464233,-977.049377,17.01,273.951904,-222.80368,8.12,-104,-6320,-8,-0.015782,0.002629,-0.886878,0,0,0,1,100,-1.,-0.897583,-0.574768,-0.897583,0.,0,0,0
-1587.921387,-980.796631,17.01,261.261749,-220.948227,8.211564,-104,-6485,-8,-0.013154,0.003352,-0.988562,0,0,0,1,100,-1.,-0.921204,-0.551147,-0.921204,0.,0,0,0
-1583.822632,-984.275513,17.01,215.797089,-185.073517,8.265126,-104,-6652,-8,-0.009266,0.0037,-0.84072,0,0,0,1,100,-1.,-0.929077,-0.543274,-0.929077,0.,0,0,0
-1580.471191,-987.156799,17.01,171.246811,-148.140717,8.304471,-104,-6790,-8,-0.007221,0.003455,-0.668347,0,0,0,1,100,-1.,-0.936951,-0.519653,-0.936951,0.,0,0,0
-1577.837891,-989.431519,17.01,128.166733,-109.847054,8.326908,-104,-6897,-8,-0.006055,0.003062,-0.465797,0,0,0,1,100,-1.,-0.936951,-0.51178,-0.936951,0.,0,0,0
-1575.907227,-991.070618,17.01,86.79213,-70.173737,8.33658,-104,-6970,-8,-0.005303,0.002668,-0.23073,0,0,0,1,100,-1.,-0.936951,-0.51178,-0.936951,0.,0,0,0
-1574.647339,-992.058838,17.01,47.245407,-29.236332,8.34,-104,-6999,-8,-0.004875,0.002275,0.039459,0,0,0,1,100,-1.,-0.936951,-0.51178,-0.936951,0.,0,0,0
-1574.029297,-992.369995,17.01,15.572283,5.678363,8.34,-104,-6980,-8,-0.005192,0.001882,0.29769,0,0,0,1,100,-1.,-0.936951,-0.51178,-0.936951,0.,0,0,0
-1573.848755,-992.200439,17.01,-2.249475,24.314249,8.34,-104,-6926,-8,-0.006424,0.0017,0.436472,0,0,0,1,100,-1.,-0.936951,-0.51178,-0.936951,0.,0,0,0
-1573.958496,-991.726624,17.01,-20.631887,42.449623,8.34,-104,-6849,-8,-0.007105,0.001853,0.550617,0,0,0,1,100,-1.,-0.936951,-0.51178,-0.936951,0.,0,0,0
-1574.373291,-990.962708,17.01,-38.965591,60.073227,8.335058,-104,-6754,-8,-0.007449,0.0019,0.654995,0,0,0,1,100,-1.,-0.936951,-0.51178,-0.936951,0.,0,0,0
-1575.083008,-989.908569,17.01,-57.149147,77.184647,8.33,-104,-6642,-8,-0.007646,0.0019,0.756614,0,0,0,1,100,-1.,-0.936951,-0.51178,-0.936951,0.,0,0,0
-1576.092773,-988.578552,17.01,-75.271584,93.698708,8.33,-104,-6509,-8,-0.007843,0.001857,0.857315,0,0,0,1,100,-1.,-0.936951,-0.51178,-0.936951,0.,0,0,0
-1577.396851,-986.977722,17.01,-93.457108,109.501305,8.33,-104,-6360,-8,-0.0079,0.00176,0.95673,0,0,0,1,100,-1.,-0.936951,-0.51178,-0.936951,0.,0,0,0
-1579.006714,-985.11969,17.01,-111.839836,124.481972,8.33,-104,-6196,-8,-0.007936,0.001664,1.053971,0,0,0,1,100,-1.,-0.936951,-0.51178,-0.936951,0.,0,0,0
-1580.910034,-983.013489,17.01,-130.497238,138.555618,8.33,-104,-6016,-8,-0.008033,0.001567,1.147524,0,0,0,1,100,-1.,-0.936951,-0.51178,-0.936951,0.,0,0,0
-1583.122925,-980.68811,17.01,-149.522446,151.604187,8.33,-104,-5821,-8,-0.0081,0.0014,1.237149,0,0,0,1,100,-1.,-0.936951,-0.51178,-0.936951,0.,0,0,0
-1585.647827,-978.152588,17.01,-168.949814,163.53624,8.33,-104,-5610,-8,-0.0082,0.001274,1.322365,0,0,0,1,100,-1.,-0.936951,-0.51178,-0.936951,0.,0,0,0
-1588.499512,-975.425964,17.01,-188.817413,174.256668,8.33,-104,-5384,-8,-0.0083,0.001177,1.402692,0,0,0,1,100,-1.,-0.936951,-0.51178,-0.936951,0.,0,0,0
-1591.674561,-972.537231,17.01,-209.151276,183.672394,8.33,-104,-5142,-8,-0.0084,0.000801,1.47785,0,0,0,1,100,-1.,-0.936951,-0.51178,-0.936951,0.,0,0,0
-1595.186157,-969.495361,17.01,-229.963745,191.687347,8.33,-104,-4890,-8,-0.0085,0.,1.547607,0,0,0,1,100,-1.,-0.936951,-0.51178,-0.936951,0.,0,0,0
-1599.037964,-966.329529,17.01,-251.180466,198.278137,8.33,-104,-4625,-8,-0.0086,0.,1.612129,0,0,0,1,100,-1.,-0.936951,-0.51178,-0.936951,0.,0,0,0
-1603.237915,-963.05957,17.01,-272.790375,203.354706,8.33,-104,-4349,-8,-0.0087,0.,1.671244,0,0,0,1,100,-1.,-0.936951,-0.51178,-0.936951,0.,0,0,0
-1607.796753,-959.712891,17.01,-294.7258,206.883041,8.33,-104,-4066,-8,-0.008707,0.,1.725243,0,0,0,1,100,-1.,-0.936951,-0.51178,-0.936951,0.,0,0,0
-1612.713135,-956.318604,17.01,-316.920959,208.843414,8.33,-104,-3771,-8,-0.008804,0.,1.774212,0,0,0,1,100,-1.,-0.936951,-0.51178,-0.936951,0.,0,0,0
-1617.997192,-952.895569,17.01,-339.308838,209.178802,8.33,-104,-3468,-8,-0.0089,0.,1.818252,0,0,0,1,100,-1.,-0.936951,-0.503906,-0.936951,0.,0,0,0
-1623.651611,-949.472595,17.01,-361.813629,207.846909,8.33,-104,-3157,-8,-0.0089,0.,1.857613,0,0,0,1,100,-1.,-0.936951,-0.503906,-0.936951,0.,0,0,0
-1629.67395,-946.078369,17.01,-384.348358,204.860291,8.33,-104,-2842,-8,-0.0089,0.,1.892422,0,0,0,1,100,-1.,-0.936951,-0.503906,-0.936951,0.,0,0,0
-1636.063843,-942.731873,17.01,-406.816925,200.239075,8.33,-104,-2520,-8,-0.0089,0.,1.923063,0,0,0,1,100,-1.,-0.897583,-0.393677,-0.897583,0.,0,0,0
-1642.821289,-939.470825,17.01,-429.135834,193.999725,8.33,-104,-2194,-8,-0.0089,0.,1.949641,0,0,0,1,100,-1.,-0.897583,-0.393677,-0.897583,0.,0,0,0
-1649.946167,-936.324951,17.01,-451.543549,185.320267,8.33,-104,-1863,-8,-0.009184,0.,1.9493,0,0,0,1,100,-1.,-0.354309,0.,-0.354309,0.,0,0,0
-1657.438721,-933.321167,17.01,-473.473022,175.276596,8.33,-104,-1533,-8,-0.0092,0.,1.950525,0,0,0,1,100,-1.,0.,0.,0.,0.,0,0,0
-1665.288696,-930.536255,17.01,-496.234222,153.221817,8.312268,-104,-1214,-8,-0.011641,0.,1.65088,0,0,0,1,100,-1.,0.,0.,0.,0.,0,0,0
-1673.509033,-928.125977,17.01,-516.652893,126.942612,8.282597,-104,-951,-8,-0.013644,0.,1.246266,0,0,0,1,100,-1.,0.37793,0.236206,0.37793,0.,0,0,0
-1682.060303,-926.141968,17.01,-535.75592,104.227173,8.27,-104,-754,-8,-0.014,0.,0.925994,0,0,0,1,100,-1.,0.810974,0.503906,0.810974,0.,0,0,0
-1690.91687,-924.544128,17.01,-552.403687,78.524902,8.243252,-104,-617,-8,-0.015135,-0.000675,0.494184,0,0,0,1,100,-1.,0.960571,0.551147,0.960571,0.,0,0,0
-1700.034546,-923.375366,17.01,-565.520813,50.403908,8.19716,-104,-559,-8,-0.016757,-0.001857,-0.05213,0,0,0,1,100,-1.,0.999969,0.472412,0.999969,0.,0,0,0
-1709.352051,-922.655518,17.01,-577.696411,26.229019,8.17,-104,-596,-8,-0.0174,-0.002322,-0.570926,0,0,0,1,100,-1.,0.999969,0.385803,0.999969,0.,0,0,0
-1718.868774,-922.30658,17.01,-590.469543,8.64526,8.17,-104,-718,-8,-0.017127,-0.0025,-1.014413,0,0,0,1,100,-1.,0.999969,0.346436,0.999969,0.,0,0,0
-1728.598389,-922.209961,17.01,-604.209106,-1.415032,8.185436,-104,-909,-8,-0.016328,-0.0025,-1.367511,0,0,0,1,100,-1.,0.999969,0.330688,0.999969,0.,0,0,0
-1738.555786,-922.250427,17.01,-618.64624,-4.307382,8.215109,-104,-1160,-8,-0.015193,-0.002349,-1.636732,0,0,0,1,100,-1.,0.999969,0.322815,0.999969,0.,0,0,0
-1748.760254,-922.30957,17.01,-633.336853,-0.718244,8.249562,-104,-1451,-8,-0.014013,-0.0022,-1.834259,0,0,0,1,100,-1.,0.999969,0.299194,0.999969,0.,0,0,0
-1759.201538,-922.28772,17.01,-647.824402,8.356543,8.274453,-104,-1773,-8,-0.012877,-0.002055,-1.976166,0,0,0,1,100,-1.,0.999969,0.251953,0.999969,0.,0,0,0
-1769.875122,-922.093994,17.01,-661.722046,21.99308,8.294126,-104,-2118,-8,-0.012035,-0.001759,-2.078024,0,0,0,1,100,-1.,0.999969,0.228333,0.999969,0.,0,0,0
-1780.776855,-921.666016,17.01,-674.71283,39.339386,8.313798,-104,-2479,-8,-0.011386,-0.001424,-2.152302,0,0,0,1,100,-1.,0.999969,0.212585,0.999969,0.,0,0,0
-1791.878052,-920.93689,17.01,-686.57074,59.749897,8.33347,-104,-2855,-8,-0.010931,-0.001131,-2.207051,0,0,0,1,100,-1.,0.999969,0.204712,0.999969,0.,0,0,0
-1803.172729,-919.86261,17.01,-697.122498,82.714317,8.343143,-104,-3238,-8,-0.010569,0.,-2.247574,0,0,0,1,100,-1.,0.999969,0.196838,0.999969,0.,0,0,0
-1814.645142,-918.40509,17.01,-706.243835,107.793823,8.349999,-104,-3624,-8,-0.010372,0.,-2.277575,0,0,0,1,100,-1.,0.999969,0.204712,0.999969,0.,0,0,0
-1826.257324,-916.52887,17.01,-713.845703,134.589401,8.352487,-104,-4018,-8,-0.010175,0.,-2.299913,0,0,0,1,100,-1.,0.999969,0.204712,0.999969,0.,0,0,0
-1837.983398,-914.212769,17.01,-719.862,162.821625,8.36,-104,-4416,-8,-0.009978,0.,-2.316368,0,0,0,1,100,-1.,0.999969,0.188965,0.999969,0.,0,0,0
-1849.804443,-911.430542,17.01,-724.210388,192.287964,8.36,-104,-4817,-8,-0.009882,0.,-2.328397,0,0,0,1,100,-1.,0.999969,0.204712,0.999969,0.,0,0,0
-1861.691284,-908.153259,17.01,-726.864319,222.738693,8.36,-104,-5219,-8,-0.009785,0.,-2.337011,0,0,0,1,100,-1.,0.999969,0.204712,0.999969,0.,0,0,0
-1873.613892,-904.372986,17.01,-727.827026,253.92897,8.36,-104,-5620,-8,-0.009688,0.,-2.342859,0,0,0,1,100,-1.,0.999969,0.196838,0.999969,0.,0,0,0
-1885.544067,-900.088867,17.01,-727.096008,285.66214,8.360848,-104,-6021,-8,-0.0095,0.,-2.34661,0,0,0,1,100,-1.,0.999969,0.196838,0.999969,0.,0,0,0
-1897.454468,-895.282532,17.01,-724.673096,317.796051,8.37,-104,-6423,-8,-0.009395,0.000052,-2.348726,0,0,0,1,100,-1.,0.999969,0.196838,0.999969,0.,0,0,0
-1909.315796,-889.943665,17.01,-720.557312,350.178772,8.37,-104,-6824,-8,-0.0093,0.001708,-2.349398,0,0,0,1,100,-1.,0.999969,0.157471,0.999969,0.,0,0,0
-1921.099365,-884.071045,17.01,-714.752686,382.697083,8.37,-104,-7225,-8,-0.009201,0.002396,-2.349004,0,0,0,1,100,-1.,0.999969,0.157471,0.999969,0.,0,0,0
-1932.795654,-877.664001,17.01,-707.266357,415.225464,8.37,-104,-7627,-8,-0.009105,0.002891,-2.347637,0,0,0,1,100,-1.,0.999969,0.157471,0.999969,0.,0,0,0
-1944.347656,-870.724487,17.01,-698.116394,447.668457,8.37,-104,-8028,-8,-0.009008,0.003284,-2.345495,0,0,0,1,100,-1.,0.999969,0.157471,0.999969,0.,0,0,0
-1955.744873,-863.253784,17.01,-687.321716,479.920959,8.37,-104,-8429,-8,-0.008811,0.003678,-2.342767,0,0,0,1,100,-1.,0.999969,0.157471,0.999969,0.,0,0,0
-1966.960205,-855.259949,17.01,-674.899841,511.906464,8.37,-104,-8830,-8,-0.008714,0.003971,-2.33936,0,0,0,1,100,-1.,0.999969,0.149597,0.999969,0.,0,1,0
-1977.973877,-846.733826,17.01,-660.864136,543.53064,8.37,-104,-9232,-8,-0.008518,0.004282,-2.335372,0,0,0,1,100,-0.760784,0.984192,0.,0.984192,0.,0,1,0
-1988.635864,-837.832336,17.01,-617.159668,543.008667,8.296304,-104,-9633,-8,-0.009469,0.002999,-2.24407,0,0,0,1,100,-0.631373,0.858215,0.,0.858215,0.,0,1,0
-1998.380981,-829.174438,17.01,-545.804382,508.24115,8.244858,-104,-10011,-8,-0.010703,0.001573,-2.043375,0,0,0,1,100,-0.329412,0.661377,0.,0.661377,0.,0,1,0
-2006.96875,-821.107178,17.01,-476.603058,470.314758,8.222756,-104,-10354,-8,-0.011145,0.0012,-1.821669,0,0,0,1,100,0.,0.480286,0.,0.480286,0.,0,1,0
-2014.438843,-813.672729,17.01,-409.40036,429.314087,8.203084,-104,-10655,-8,-0.0112,0.,-1.559517,0,0,0,1,100,0.,0.24408,0.,0.24408,0.,0,1,0
-2020.819458,-806.929199,17.01,-345.298157,384.567139,8.183412,-104,-10911,-8,-0.011166,0.,-1.284122,0,0,0,1,100,0.,0.,0.,0.,0.,0,1,0
-2026.158691,-800.93335,17.01,-284.570221,335.886597,8.16374,-104,-11120,-8,-0.011263,0.,-1.005535,0,0,0,1,100,0.,0.,0.,0.,0.,0,1,0
-2030.526489,-795.752502,17.01,-227.907639,283.004395,8.144067,-104,-11283,-8,-0.011519,0.,-0.752129,0,0,0,1,100,0.,0.,0.,0.,0.,0,1,0
-2033.984253,-791.461487,17.01,-176.742615,226.632965,8.124395,-104,-11407,-8,-0.011856,0.,-0.563946,0,0,0,1,100,0.,0.,0.,0.,0.,0,1,0
-2036.626709,-788.104309,17.01,-130.121567,167.736191,8.11,-104,-11501,-8,-0.012153,0.000528,-0.422231,0,0,0,1,100,0.,0.,0.,0.,0.,0,1,0
-2038.515991,-785.714905,17.01,-87.251633,106.84478,8.11,-104,-11572,-8,-0.012499,0.002146,-0.317579,0,0,0,1,100,0.,0.,0.,0.,0.,0,1,0
-2039.723267,-784.331238,17.01,-47.506088,44.33773,8.105378,-104,-11627,-8,-0.012746,0.003185,-0.243875,0,0,0,1,100,0.,0.,0.,0.,0.,0,1,0
-2040.291504,-783.987244,17.01,-13.954589,-13.636337,8.099999,-104,-11669,-8,-0.012657,0.004143,-0.203736,0,0,0,1,100,0.,0.102356,0.,0.102356,0.,0,1,0
-2040.376099,-784.486572,17.01,7.542115,-49.975983,8.099999,-104,-11706,-8,-0.011581,0.005219,-0.172832,0,0,0,1,100,0.,0.251953,0.,0.251953,0.,0,1,0
-2040.102661,-785.57196,17.01,29.568302,-85.167679,8.099999,-104,-11736,-8,-0.011064,0.0055,-0.11123,0,0,0,1,100,0.,0.448792,0.,0.448792,0.,0,1,0
-2039.477661,-787.234314,17.01,51.674595,-119.270622,8.11,-104,-11753,-8,-0.010734,0.0053,-0.013854,0,0,0,1,100,0.,0.653503,0.13385,0.653503,0.,0,1,0
-2038.484985,-789.444763,17.01,74.398109,-151.752762,8.12,-104,-11754,-8,-0.01024,0.00484,0.133782,0,0,0,1,100,0.,0.747986,0.149597,0.747986,0.,0,1,0
-2037.112305,-792.181458,17.01,98.068535,-182.126862,8.13,-104,-11726,-8,-0.009747,0.004247,0.337148,0,0,0,1,100,0.,0.795227,0.157471,0.795227,0.,0,1,0
-2035.352539,-795.406555,17.01,122.088181,-211.061356,8.139999,-104,-11662,-8,-0.009377,0.003777,0.562175,0,0,0,1,100,0.,0.999969,0.220459,0.999969,0.,0,1,0
-2033.19397,-799.095886,17.01,146.089294,-239.151169,8.139999,-104,-11559,-8,-0.0092,0.0036,0.780614,0,0,0,1,100,0.,0.999969,0.236206,0.999969,0.,0,1,0
-2030.639282,-803.246094,17.01,171.553299,-264.522827,8.151671,-104,-11421,-8,-0.008983,0.003167,1.036883,0,0,0,1,100,0.,0.999969,0.236206,0.999969,0.,0,1,0
-2027.66687,-807.799255,17.01,197.568024,-288.621521,8.16,-104,-11233,-8,-0.0089,0.003013,1.28297,0,0,0,1,100,0.,0.999969,0.236206,0.999969,0.,0,1,0
-2024.257935,-812.739258,17.01,223.696777,-312.305023,8.16,-104,-11007,-8,-0.00901,0.00321,1.486735,0,0,0,1,100,0.,0.999969,0.236206,0.999969,0.,0,1,0
-2020.414673,-818.066223,17.01,250.362793,-335.118317,8.16,-104,-10746,-8,-0.009314,0.003407,1.653633,0,0,0,1,100,0.,0.999969,0.236206,0.999969,0.,0,1,0
-2016.135254,-823.769287,17.01,277.826538,-356.695465,8.16,-104,-10463,-8,-0.009607,0.003604,1.789425,0,0,0,1,100,0.,0.999969,0.236206,0.999969,0.,0,1,0
-2011.391357,-829.810547,17.01,306.258972,-376.741333,8.16,-104,-10155,-8,-0.01,0.0038,1.898955,0,0,0,1,100,0.,0.999969,0.220459,0.999969,0.,0,1,0
-2006.170166,-836.173584,17.01,335.812225,-394.915863,8.16,-104,-9829,-8,-0.010294,0.0038,1.987627,0,0,0,1,100,0.,0.637756,0.,0.637756,0.,0,1,0
-2000.464844,-842.827087,17.01,366.662689,-410.778778,8.16,-104,-9487,-8,-0.010494,0.003606,2.066091,0,0,0,1,100,0.,0.362183,-0.149597,0.362183,0.,0,1,0
-1994.255981,-849.750732,17.01,393.52771,-431.594025,8.140949,-104,-9144,-8,-0.011943,0.004962,1.902174,0,0,0,1,100,0.,0.,-0.13385,0.,0.,0,0,0
-1987.619629,-857.02948,17.01,418.262207,-453.667847,8.121278,-104,-8835,-8,-0.013436,0.006262,1.607894,0,0,0,1,100,0.,-0.212585,-0.181091,-0.212585,0.,0,0,0
-1980.708496,-864.531738,17.01,422.255493,-458.7836,8.195183,-104,-8583,-8,-0.014332,0.007788,1.169177,0,0,0,1,100,0.,-0.314941,-0.236206,-0.314941,0.,0,0,0
-1973.812866,-872.035217,17.01,415.186432,-452.861908,8.236133,-104,-8407,-8,-0.014239,0.0085,0.735854,0,0,0,1,100,0.,-0.771606,-0.480286,-0.771606,0.,0,0,0
-1967.043213,-879.434265,17.01,408.192993,-446.625244,8.257739,-104,-8301,-8,-0.013868,0.008168,0.364196,0,0,0,1,100,0.,-0.905457,-0.559021,-0.905457,0.,0,0,0
-1960.4021,-886.749451,17.01,394.55423,-443.575287,8.287411,-104,-8264,-8,-0.0143,0.008626,-0.128379,0,0,0,1,100,0.,-0.905457,-0.559021,-0.905457,0.,0,0,0
-1953.996216,-894.006592,17.01,379.928772,-440.808746,8.307083,-104,-8308,-8,-0.014088,0.008388,-0.560328,0,0,0,1,100,0.,-0.905457,-0.559021,-0.905457,0.,0,0,0
-1947.82251,-901.222534,17.01,366.091644,-437.974213,8.309999,-104,-8422,-8,-0.01333,0.00763,-0.88425,0,0,0,1,100,0.,-0.929077,-0.527527,-0.929077,0.,0,0,0
-1941.880859,-908.393311,17.01,352.472687,-435.422211,8.309999,-104,-8587,-8,-0.012379,0.007007,-1.120456,0,0,0,1,100,0.,-0.936951,-0.480286,-0.936951,0.,0,0,0
-1936.155273,-915.518188,17.01,338.238647,-433.412689,8.309999,-104,-8792,-8,-0.011556,0.006478,-1.299546,0,0,0,1,100,0.,-0.936951,-0.472412,-0.936951,0.,0,0,0
-1930.674072,-922.617981,17.01,323.484589,-431.769775,8.309999,-104,-9024,-8,-0.010927,0.006085,-1.430971,0,0,0,1,100,0.,-0.944824,-0.472412,-0.944824,0.,0,1,0
-1925.428955,-929.69458,17.01,308.369568,-430.307983,8.309999,-104,-9276,-8,-0.010337,0.005846,-1.523179,0,0,0,1,100,0.,-0.960571,-0.448792,-0.960571,0.,0,1,0
-1920.349976,-936.858093,17.01,303.566681,-444.606537,8.239532,-104,-9544,-8,-0.010561,0.0058,-1.620386,0,0,0,1,100,0.,-0.976318,-0.409424,-0.976318,0.,0,1,0
-1915.269897,-944.396057,17.01,308.728394,-478.673859,8.180422,-104,-9829,-8,-0.011644,0.005996,-1.776834,0,0,0,1,100,0.,-0.976318,-0.40155,-0.976318,0.,0,1,0
-1910.116577,-952.494995,17.01,311.888428,-512.991821,8.155539,-104,-10141,-8,-0.012,0.006389,-1.91205,0,0,0,1,100,0.,-0.992065,-0.40155,-0.992065,0.,0,1,0
-1904.924561,-961.154907,17.01,312.93866,-547.547546,8.135866,-104,-10477,-8,-0.011959,0.006741,-2.022685,0,0,0,1,100,0.,-0.992065,-0.40155,-0.992065,0.,0,1,0
-1899.729004,-970.389648,17.01,311.304871,-582.379211,8.13,-104,-10830,-8,-0.011762,0.007076,-2.119236,0,0,0,1,100,0.,-0.992065,-0.40155,-0.992065,0.,0,1,0
-1894.575684,-980.191223,17.01,307.050903,-617.347534,8.13,-104,-11199,-8,-0.01143,0.007335,-2.198812,0,0,0,1,100,0.,-0.992065,-0.40155,-0.992065,0.,0,1,0
-1889.499756,-990.566956,17.01,300.110107,-652.325073,8.13,-104,-11582,-8,-0.011037,0.007532,-2.262221,0,0,0,1,100,0.,-0.992065,-0.40155,-0.992065,0.,0,1,0
-1884.555664,-1001.52301,17.01,290.37439,-687.166321,8.13,-104,-11972,-8,-0.010644,0.007728,-2.312382,0,0,0,1,100,0.,-0.992065,-0.40155,-0.992065,0.,0,1,0
-1879.791138,-1013.046875,17.01,277.846222,-721.706116,8.13,-104,-12371,-8,-0.01025,0.007925,-2.351491,0,0,0,1,100,0.,-0.992065,-0.40155,-0.992065,0.,0,1,0
-1875.246704,-1025.141724,17.01,262.520233,-755.772339,8.13,-104,-12777,-8,-0.009857,0.008222,-2.381309,0,0,0,1,100,0.,-0.992065,-0.40155,-0.992065,0.,0,1,0
-1870.969238,-1037.797607,17.01,244.398514,-789.207336,8.13,-104,-13187,-8,-0.009463,0.008418,-2.4032,0,0,0,1,100,0.,-0.992065,-0.40155,-0.992065,0.,0,1,0
-1867.002686,-1051.001465,17.01,223.557037,-821.827942,8.13,-104,-13604,-8,-0.00907,0.008715,-2.418231,0,0,0,1,100,0.,-0.992065,-0.40155,-0.992065,0.,0,1,0
-1863.388672,-1064.727661,17.01,200.049835,-853.46759,8.13,-104,-14021,-8,-0.008676,0.008924,-2.427208,0,0,0,1,100,0.,-0.999969,-0.37793,-0.999969,0.,0,1,0
-1860.174072,-1078.96521,17.01,174.055344,-883.968567,8.13,-104,-14438,-8,-0.008283,0.009209,-2.4308,0,0,0,1,100,0.,-0.999969,-0.354309,-0.999969,0.,0,1,0
