725.330933,-17.057314,17.01,718.511353,1234.967773,8.099999,-104,10362,-8,0.,-0.008338,-0.845332,0,0,0,1,100,0.,0.,0.,0.,0.,0,1,0
737.307007,3.303473,17.01,748.446594,1234.573364,8.099999,-104,10222,-8,0.,-0.008797,-0.636082,0,0,0,1,100,0.,0.,0.,0.,0.,0,1,0
749.769775,23.664255,17.01,776.29895,1235.258423,8.099999,-104,10114,-8,0.,-0.009387,-0.481101,0,0,0,1,100,0.,0.,0.,0.,0.,0,1,0
762.678467,44.030941,17.01,801.76062,1237.369385,8.099999,-104,10035,-8,0.,-0.009918,-0.365381,0,0,0,1,100,0.,0.141724,0.,0.141724,0.,0,1,0
775.991577,64.43811,17.01,824.787048,1241.042236,8.099999,-104,9972,-8,0.,-0.010311,-0.278297,0,0,0,1,100,0.,0.165344,0.,0.165344,0.,0,1,0
789.665894,84.923805,17.01,843.742554,1247.53186,8.099999,-104,9928,-8,0.,-0.0102,-0.149,0,0,0,1,100,0.,0.236206,0.,0.236206,0.,0,1,0
803.649231,105.521141,17.01,860.12854,1255.816528,8.099999,-104,9904,-8,0.,-0.0102,-0.027559,0,0,0,1,100,0.,0.283447,0.,0.283447,0.,0,1,0
817.888916,126.2537,17.01,873.803101,1265.999023,8.099999,-104,9902,-8,0.,-0.0101,0.094816,0,0,0,1,100,0.,0.346436,0.,0.346436,0.,0,1,0
832.342285,147.159546,17.01,884.89679,1277.986084,8.11,-104,9919,-8,0.,-0.010143,0.212818,0,0,0,1,100,0.,0.385803,0.,0.385803,0.,0,1,0
846.967285,168.276718,17.01,893.30127,1291.827271,8.11,-104,9957,-8,0.,-0.010139,0.330548,0,0,0,1,100,0.,0.393677,0.,0.393677,0.,0,1,0
861.714111,189.629608,17.01,899.214233,1307.358887,8.12,-104,10017,-8,0.,-0.010236,0.439898,0,0,0,1,100,0.,0.417297,0.,0.417297,0.,0,1,0
876.557129,211.247253,17.01,902.99231,1324.302368,8.12,-104,10094,-8,0.,-0.010433,0.527356,0,0,0,1,100,0.,0.448792,0.,0.448792,0.,0,1,0
891.445251,233.138687,17.01,904.587158,1342.620483,8.12,-104,10186,-8,0.,-0.010629,0.600613,0,0,0,1,100,0.,0.51178,0.,0.51178,0.,0,1,0
906.354248,255.33551,17.01,903.926208,1362.277588,8.13,-104,10287,-8,0.,-0.010726,0.668878,0,0,0,1,100,0.,0.519653,0.,0.519653,0.,0,1,0
921.231506,277.861206,17.01,900.743286,1383.331055,8.13,-104,10403,-8,0.,-0.0107,0.745969,0,0,0,1,100,0.,0.519653,0.,0.519653,0.,0,1,0
936.054199,300.739685,17.01,895.457031,1405.458496,8.139999,-104,10529,-8,0.,-0.01072,0.815081,0,0,0,1,100,0.,0.519653,0.,0.519653,0.,0,1,0
950.780273,323.987335,17.01,888.571716,1428.304199,8.139999,-104,10668,-8,0.,-0.010916,0.866091,0,0,0,1,100,0.,0.519653,0.,0.519653,0.,0,1,0
965.38562,347.610565,17.01,880.045349,1451.847168,8.139999,-104,10814,-8,0.,-0.011113,0.902739,0,0,0,1,100,0.,0.519653,0.,0.519653,0.,0,1,0
979.836182,371.623352,17.01,869.894043,1475.985107,8.139999,-104,10968,-8,0.,-0.01131,0.929132,0,0,0,1,100,0.,0.519653,0.,0.519653,0.,0,1,0
994.120728,396.032318,17.01,858.123779,1500.650146,8.139999,-104,11125,-8,0.,-0.011407,0.947984,0,0,0,1,100,0.,0.519653,0.,0.519653,0.,0,1,0
1008.201477,420.847534,17.01,844.977173,1525.668213,8.139999,-104,11283,-8,0.,-0.0115,0.961167,0,0,0,1,100,0.,0.519653,0.,0.519653,0.,0,1,0
1022.069458,446.07901,17.01,830.580505,1550.918945,8.139999,-104,11448,-8,0.,-0.0116,0.9708,0,0,0,1,100,0.,0.519653,0.,0.519653,0.,0,1,0
1035.683716,471.72998,17.01,814.808716,1576.393921,8.139999,-104,11613,-8,0.,-0.0116,0.979165,0,0,0,1,100,0.,0.519653,0.,0.519653,0.,0,1,0
1049.036987,497.796509,17.01,797.894226,1601.956787,8.139999,-104,11778,-8,0.,-0.0116,0.98637,0,0,0,1,100,0.,0.519653,0.,0.519653,0.,0,1,0
1062.100586,524.288635,17.01,779.989197,1627.521729,8.139999,-104,11944,-8,0.,-0.01169,0.992415,0,0,0,1,100,0.,0.519653,0.,0.519653,0.,0,1,0
1074.865234,551.197693,17.01,761.199768,1652.993896,8.139999,-104,12109,-8,0.,-0.0117,0.997572,0,0,0,1,100,0.,0.519653,0.,0.519653,0.,0,1,0
1087.320435,578.521301,17.01,741.604248,1678.341553,8.139999,-104,12274,-8,0.,-0.0117,1.001956,0,0,0,1,100,0.,0.519653,0.,0.519653,0.,0,1,0
1099.447998,606.262451,17.01,721.259705,1703.509888,8.139999,-104,12439,-8,0.,-0.0117,1.005646,0,0,0,1,100,0.,0.519653,0.,0.519653,0.,0,1,0
1111.239014,634.417542,17.01,700.205444,1728.459106,8.139999,-104,12608,-8,0.,-0.0117,1.008756,0,0,0,1,100,0.,0.519653,0.,0.519653,0.,0,1,0
1122.681885,662.980835,17.01,678.20459,1753.26062,8.139999,-104,12781,-8,0.,-0.0117,1.011707,0,0,0,1,100,0.,0.519653,0.,0.519653,0.,0,1,0
1133.752441,691.950378,17.01,655.222168,1777.887817,8.139999,-104,12954,-8,0.,-0.0117,1.014587,0,0,0,1,100,0.,0.519653,0.,0.519653,0.,0,1,0
1144.436157,721.326172,17.01,631.355469,1802.281372,8.139999,-104,13127,-8,0.,-0.0117,1.017174,0,0,0,1,100,0.,0.519653,0.,0.519653,0.,0,1,0
1154.726562,751.101746,17.01,606.666687,1826.394287,8.139999,-104,13300,-8,0.,-0.0117,1.019503,0,0,0,1,100,0.,0.519653,0.,0.519653,0.,0,1,0
1164.610596,781.264221,17.01,581.229187,1850.197754,8.139999,-104,13473,-8,0.,-0.0117,1.021607,0,0,0,1,100,0.,0.519653,0.,0.519653,0.,0,1,0
1174.072876,811.81366,17.01,555.075806,1873.670166,8.139999,-104,13646,-8,0.,-0.0117,1.023359,0,0,0,1,100,0.,0.519653,0.,0.519653,0.,0,1,0
1183.104004,842.749939,17.01,528.242981,1896.77356,8.139999,-104,13820,-8,0.,-0.0117,1.024879,0,0,0,1,100,0.,0.519653,0.,0.519653,0.,0,1,0
1191.690308,874.068054,17.01,500.752502,1919.490112,8.139999,-104,13993,-8,0.000508,-0.0117,1.026205,0,0,0,1,100,0.,0.519653,0.,0.519653,0.,0,1,0
1199.816895,905.753662,17.01,472.623749,1941.814941,8.139999,-104,14166,-8,0.00189,-0.0116,1.027238,0,0,0,1,100,0.,0.519653,0.,0.519653,0.,0,1,0
1207.479126,937.806885,17.01,443.875977,1963.719238,8.139999,-104,14339,-8,0.002489,-0.011556,1.028177,0,0,0,1,100,0.,0.519653,0.,0.519653,0.,0,1,0
1214.663086,970.213501,17.01,414.509186,1985.193726,8.15,-104,14512,-8,0.002882,-0.011459,1.028923,0,0,0,1,100,0.,0.51178,0.,0.51178,0.,0,1,0
1221.359741,1002.968262,17.01,384.540924,2006.209595,8.15,-104,14685,-8,0.003138,-0.0114,1.029475,0,0,0,1,100,0.,0.417297,0.,0.417297,0.,0,1,0
1227.566772,1036.071289,17.01,354.096405,2026.761108,8.15,-104,14858,-8,0.003334,-0.0114,1.026914,0,0,0,1,100,0.,0.409424,0.,0.409424,0.,0,1,0
1233.266968,1069.509399,17.01,324.340088,2046.775879,8.15,-104,15030,-8,0.003431,-0.011631,0.989707,0,0,0,1,100,0.,0.409424,0.,0.409424,0.,0,1,0
1238.477295,1103.27356,17.01,294.612488,2066.310303,8.15,-104,15194,-8,0.003628,-0.0117,0.946285,0,0,0,1,100,0.,0.,0.,0.,0.,0,1,0
1243.201294,1137.359741,17.01,264.654266,2085.390381,8.15,-104,15352,-8,0.003825,-0.011575,0.913428,0,0,0,1,100,0.,0.,0.,0.,0.,0,1,0
1247.440918,1171.76062,17.01,239.651489,2103.792725,8.147866,-104,15502,-8,0.0038,-0.012707,0.74998,0,0,0,1,100,0.,0.,0.,0.,0.,0,1,0
1251.290405,1206.453247,17.01,217.297485,2121.795898,8.139999,-104,15617,-8,0.003918,-0.0133,0.559942,0,0,0,1,100,0.,0.,0.,0.,0.,0,1,0
1254.773926,1241.44397,17.01,196.100586,2139.515381,8.13,-104,15701,-8,0.004115,-0.013185,0.422364,0,0,0,1,100,0.,0.,0.,0.,0.,0,1,0
1257.921387,1276.723877,17.01,177.183578,2156.94873,8.13,-104,15767,-8,0.004212,-0.012877,0.321115,0,0,0,1,100,0.,0.,0.,0.,0.,0,1,0
1260.770996,1312.285156,17.01,160.728088,2174.143066,8.13,-104,15818,-8,0.004308,-0.012484,0.24585,0,0,0,1,100,0.,0.,0.,0.,0.,0,1,0
1263.36084,1348.126343,17.01,146.839706,2191.144043,8.13,-104,15853,-8,0.0044,-0.012095,0.189237,0,0,0,1,100,0.,0.,0.,0.,0.,0,1,0
1265.728882,1384.248291,17.01,135.488342,2207.97168,8.13,-104,15880,-8,0.004402,-0.011898,0.146201,1,0,0,1,100,0.,-0.181091,0.,-0.181091,0.,0,1,0
1267.912354,1420.651855,17.01,126.350739,2224.673828,8.13,-104,15900,-8,0.0045,-0.011702,0.113251,1,0,0,1,100,0.,-0.259827,0.,-0.259827,0.,0,1,0
1269.979248,1457.327393,17.01,122.692558,2241.102539,8.12,-104,15912,-8,0.0045,-0.01229,-0.005784,1,0,0,1,100,0.,-0.291321,0.,-0.291321,0.,0,1,0
1271.986694,1494.273804,17.01,122.062447,2257.375732,8.12,-104,15901,-8,0.0045,-0.012692,-0.132009,1,0,0,1,100,0.,-0.362183,0.,-0.362183,0.,0,1,0
1274.002197,1531.482178,17.01,124.103264,2273.50415,8.11,-104,15870,-8,0.0045,-0.0127,-0.239337,1,0,0,1,100,0.,-0.409424,0.,-0.409424,0.,0,1,0
1276.063965,1568.950439,17.01,130.07489,2289.368164,8.11,-104,15820,-8,0.0044,-0.0128,-0.351988,1,0,0,1,100,0.,-0.464539,0.,-0.464539,0.,0,1,0
1278.236572,1606.664917,17.01,139.105453,2295.772217,8.075398,-104,15754,-8,0.004318,-0.0128,-0.458211,1,0,0,1,100,0.,-0.5354,0.,-0.5354,0.,0,1,0
1280.570435,1644.435791,17.01,151.470718,2294.993408,8.034254,-104,15666,-8,0.0042,-0.012979,-0.563298,1,0,0,1,100,0.,-0.637756,0.,-0.637756,0.,0,1,0
1283.12854,1682.188843,17.01,168.215973,2293.822021,8.012455,-104,15562,-8,0.004025,-0.013375,-0.678719,1,0,0,1,100,0.,-0.684998,0.,-0.684998,0.,0,1,0
1285.986938,1719.922729,17.01,189.514938,2292.158691,8.,-104,15439,-8,0.003828,-0.013772,-0.812569,1,0,0,1,100,0.,-0.747986,0.,-0.747986,0.,0,1,0
1289.204956,1757.630371,17.01,214.537552,2289.952637,8.,-104,15293,-8,0.003631,-0.0139,-0.936401,1,0,0,1,100,0.,-0.77948,-0.102356,-0.77948,0.,0,1,0
1292.849487,1795.299316,17.01,243.759857,2287.017334,8.,-104,15124,-8,0.003434,-0.014,-1.057609,1,0,0,1,100,0.,-0.803101,-0.102356,-0.803101,0.,0,1,0
1296.990112,1832.91333,17.01,276.910645,2283.238281,8.,-104,14934,-8,0.003238,-0.013938,-1.164847,1,0,0,1,100,0.,-0.858215,-0.102356,-0.858215,0.,0,1,0
1301.694214,1870.463257,17.01,313.717773,2278.46875,8.,-104,14728,-8,0.003041,-0.013841,-1.256848,1,0,0,1,100,0.,-0.889709,-0.102356,-0.889709,0.,0,1,0
1307.020996,1907.93042,17.01,354.390472,2272.492188,8.,-104,14507,-8,0.002844,-0.0138,-1.350034,1,0,0,1,100,0.,-0.936951,-0.110229,-0.936951,0.,0,1,0
1313.026001,1945.285522,17.01,398.444672,2265.178223,8.,-104,14271,-8,0.002547,-0.013747,-1.437103,1,0,0,1,100,0.,-0.968445,-0.110229,-0.968445,0.,0,1,0
1319.7771,1982.519653,17.01,445.89389,2256.312744,8.,-104,14019,-8,0.002251,-0.0138,-1.523788,1,0,0,1,100,0.,-0.999969,-0.110229,-0.999969,0.,0,1,0
1327.321045,2019.599243,17.01,496.427124,2245.731689,8.,-104,13752,-8,0.001954,-0.013754,-1.605724,1,0,0,1,100,0.,-0.999969,-0.110229,-0.999969,0.,0,1,0
1335.700439,2056.490479,17.01,549.902344,2233.235352,8.,-104,13469,-8,0.001615,-0.0137,-1.682693,1,0,0,1,100,0.,-0.999969,-0.110229,-0.999969,0.,0,1,0
1344.978149,2093.170166,17.01,605.771973,2218.731689,8.,-104,13176,-8,0.001361,-0.013561,-1.744877,1,0,0,1,100,0.,-0.999969,-0.110229,-0.999969,0.,0,1,0
1355.182129,2129.600586,17.01,663.551086,2202.140137,8.,-104,12872,-8,0.000703,-0.013364,-1.792686,1,0,0,1,100,0.,-0.999969,-0.110229,-0.999969,0.,0,0,0
1366.34082,2165.75708,17.01,723.076172,2183.310059,8.,-104,12559,-8,0.,-0.0133,-1.830119,1,0,0,1,100,0.,-0.999969,-0.110229,-0.999969,0.,0,0,0
1378.457031,2201.510742,17.01,781.869995,2157.895264,8.094783,-104,12243,-8,0.,-0.012952,-1.857413,1,0,0,1,100,0.,-0.999969,-0.110229,-0.999969,0.,0,0,0
1391.499146,2236.748291,17.01,837.455566,2121.800781,8.175258,-104,11921,-8,0.,-0.012095,-1.873777,1,0,0,1,100,0.,-0.999969,-0.110229,-0.999969,0.,0,0,0
1405.450562,2271.374023,17.01,893.186157,2083.313232,8.212301,-104,11598,-8,0.,-0.011431,-1.888611,1,0,0,1,100,0.,-0.999969,-0.110229,-0.999969,0.,0,0,0
1420.311157,2305.366699,17.01,948.509644,2042.652954,8.23,-104,11271,-8,0.,-0.01098,-1.901724,1,0,0,1,100,0.,-0.999969,-0.110229,-0.999969,0.,0,0,0
1436.079102,2338.688232,17.01,1003.287109,1999.775513,8.23,-104,10940,-8,0.,-0.010784,-1.913505,1,0,0,1,100,0.,-0.999969,-0.110229,-0.999969,0.,0,0,0
1452.737061,2371.300781,17.01,1057.165771,1954.85144,8.23,-104,10610,-8,0.,-0.010587,-1.923933,1,0,0,1,100,0.,-0.999969,-0.110229,-0.999969,0.,0,0,0
1470.273926,2403.16626,17.01,1109.8302,1908.052856,8.24,-104,10279,-8,0.,-0.01039,-1.933006,1,0,0,1,100,0.,-0.999969,-0.110229,-0.999969,0.,0,0,0
1488.67981,2434.257324,17.01,1161.034546,1859.557983,8.24,-104,9949,-8,-0.000066,-0.0102,-1.940732,1,0,0,1,100,0.,-0.999969,-0.110229,-0.999969,0.,0,0,0
1507.907349,2464.545166,17.01,1210.686401,1809.394409,8.24,-104,9610,-8,-0.001713,-0.0102,-1.947507,1,0,0,1,100,0.,-0.999969,-0.110229,-0.999969,0.,0,0,0
1527.947266,2494.010254,17.01,1258.836548,1757.501221,8.24,-104,9272,-8,-0.0024,-0.0101,-1.953702,1,0,0,1,100,0.,-0.999969,-0.110229,-0.999969,0.,0,0,0
1548.7771,2522.607178,17.01,1305.26062,1704.037842,8.24,-104,8934,-8,-0.002894,-0.0101,-1.959116,1,0,0,1,100,0.,-0.999969,-0.110229,-0.999969,0.,0,0,0
1570.352051,2550.314697,17.01,1349.818604,1649.18042,8.24,-104,8595,-8,-0.003287,-0.009906,-1.963851,1,0,0,1,100,0.,-0.999969,-0.110229,-0.999969,0.,0,0,0
1592.653198,2577.123047,17.01,1392.386597,1593.071899,8.24,-104,8257,-8,-0.00358,-0.00981,-1.967814,1,0,0,1,100,0.,-0.999969,-0.110229,-0.999969,0.,0,0,0
1615.642578,2603.003418,17.01,1432.888062,1535.826782,8.24,-104,7918,-8,-0.003874,-0.009713,-1.971004,1,0,0,1,100,0.,-0.999969,-0.118103,-0.999969,0.,0,0,0
1639.290771,2627.947021,17.01,1471.265259,1477.559326,8.24,-104,7580,-8,-0.004184,-0.009516,-1.973604,0,0,0,1,100,0.,-0.999969,-0.110229,-0.999969,0.,0,0,0
1663.562378,2651.924805,17.01,1507.468994,1418.391479,8.24,-104,7242,-8,-0.00448,-0.0094,-1.975704,0,0,0,1,100,0.,-0.999969,-0.118103,-0.999969,0.,0,0,0
1688.416016,2674.935059,17.01,1541.451416,1358.423462,8.24,-104,6903,-8,-0.004777,-0.009223,-1.97724,0,0,0,1,100,0.,-0.999969,-0.110229,-0.999969,0.,0,0,0
1713.817871,2696.960693,17.01,1573.201782,1297.748535,8.24,-104,6565,-8,-0.005074,-0.009026,-1.978369,0,0,0,1,100,0.,-0.999969,-0.110229,-0.999969,0.,0,0,0
1739.724976,2717.99292,17.01,1602.701294,1236.451904,8.24,-104,6227,-8,-0.005341,-0.008829,-1.979112,0,0,0,1,100,0.,-0.999969,-0.110229,-0.999969,0.,0,0,0
1766.111572,2738.019287,17.01,1629.937378,1174.638428,8.24,-104,5888,-8,-0.005635,-0.008633,-1.979467,0,0,0,1,100,0.,-0.999969,-0.110229,-0.999969,0.,0,0,0
1792.939697,2757.023193,17.01,1654.900146,1112.387085,8.24,-104,5550,-8,-0.005864,-0.008536,-1.979436,0,0,0,1,100,0.,-0.999969,-0.110229,-0.999969,0.,0,0,0
1820.165039,2775.001953,17.01,1677.593506,1049.779785,8.24,-104,5211,-8,-0.006161,-0.008339,-1.979079,0,0,0,1,100,0.,-0.999969,-0.110229,-0.999969,0.,0,0,0
1847.752319,2791.955322,17.01,1698.020142,986.906006,8.25,-104,4873,-8,-0.006415,-0.008143,-1.97847,0,0,0,1,100,0.,-0.999969,-0.110229,-0.999969,0.,0,0,0
1875.66687,2807.878174,17.01,1716.188721,923.841736,8.25,-104,4535,-8,-0.006654,-0.007946,-1.977629,0,0,0,1,100,0.,-0.999969,-0.110229,-0.999969,0.,0,0,0
1903.860718,2822.77124,17.01,1732.113281,860.678223,8.25,-104,4196,-8,-0.006902,-0.007749,-1.976495,0,0,0,1,100,0.,-0.999969,-0.110229,-0.999969,0.,0,0,0
1932.315918,2836.624512,17.01,1745.794067,797.495728,8.25,-104,3858,-8,-0.007148,-0.007505,-1.975119,0,0,0,1,100,0.,-0.999969,-0.110229,-0.999969,0.,0,0,0
1960.984497,2849.44751,17.01,1757.249634,734.355835,8.25,-104,3520,-8,-0.007344,-0.007256,-1.973501,0,0,0,1,100,0.,-0.999969,-0.118103,-0.999969,0.,0,0,0
1989.832275,2861.231201,17.01,1766.504028,671.343872,8.25,-104,3181,-8,-0.007541,-0.006959,-1.971689,0,0,0,1,100,0.,-0.999969,-0.110229,-0.999969,0.,0,0,0
2018.822876,2871.984131,17.01,1773.586304,608.541077,8.25,-104,2843,-8,-0.007776,-0.006724,-1.969684,0,0,0,1,100,0.,-0.999969,-0.110229,-0.999969,0.,0,0,0
2047.925903,2881.71167,17.01,1778.505493,546.010254,8.25,-104,2505,-8,-0.008035,-0.006465,-1.967486,0,0,0,1,100,0.,-0.999969,-0.110229,-0.999969,0.,0,0,0
2077.09668,2890.414062,17.01,1781.293579,483.831299,8.25,-104,2166,-8,-0.008231,-0.006169,-1.964994,0,0,0,1,100,0.,-0.999969,-0.110229,-0.999969,0.,0,0,0
2106.302979,2898.09375,17.01,1781.976074,422.070496,8.25,-104,1828,-8,-0.008428,-0.005944,-1.962308,0,0,0,1,100,0.,-0.999969,-0.110229,-0.999969,0.,0,0,0
2135.513672,2904.767822,17.01,1780.584106,360.803802,8.25,-104,1490,-8,-0.008625,-0.005651,-1.95943,0,0,0,1,100,0.,-0.999969,-0.125977,-0.999969,0.,0,0,0
2164.690918,2910.437988,17.01,1777.153931,300.093079,8.25,-104,1151,-8,-0.008821,-0.005357,-1.956357,0,0,0,1,100,0.,-0.999969,-0.110229,-0.999969,0.,0,0,0
2193.79834,2915.121826,17.01,1771.717896,239.99173,8.25,-104,813,-8,-0.009018,-0.005082,-1.953192,0,0,0,1,100,0.,-0.999969,-0.110229,-0.999969,0.,0,0,0
2222.815186,2918.818604,17.01,1764.321777,180.581909,8.25,-104,474,-8,-0.009215,-0.00477,-1.949733,0,0,0,1,100,0.,-0.999969,-0.110229,-0.999969,0.,0,0,0
2251.704102,2921.540283,17.01,1754.992432,121.919479,8.25,-104,136,-8,-0.009312,-0.004477,-1.94618,0,0,0,1,100,0.,-0.999969,-0.110229,-0.999969,0.,0,0,0
2280.427002,2923.305664,17.01,1743.769409,64.050842,8.25,-104,-202,-8,-0.0095,-0.004183,-1.942734,0,0,0,1,100,0.,-0.999969,-0.110229,-0.999969,0.,0,0,0
2308.965088,2924.123291,17.01,1730.671143,6.946978,8.25,-104,-541,-8,-0.009605,-0.00389,-1.94182,0,0,0,1,100,0.,-0.999969,-0.110229,-0.999969,0.,0,0,0
2337.279785,2924.012939,17.01,1715.745483,-49.323696,8.25,-104,-879,-8,-0.0098,-0.003498,-1.943021,0,0,0,1,100,0.,-0.999969,-0.110229,-0.999969,0.,0,0,0
2365.342285,2922.979736,17.01,1699.02356,-104.681175,8.25,-104,-1217,-8,-0.009898,-0.003203,-1.945677,0,0,0,1,100,0.,-0.999969,-0.110229,-0.999969,0.,0,0,0
2393.123047,2921.033447,17.01,1680.55249,-159.047836,8.26,-104,-1556,-8,-0.0099,-0.002905,-1.949404,0,0,0,1,100,0.,-0.999969,-0.110229,-0.999969,0.,0,0,0
2420.594482,2918.206055,17.01,1660.388062,-212.371002,8.26,-104,-1894,-8,-0.01,-0.002516,-1.953622,0,0,0,1,100,0.,-0.999969,-0.110229,-0.999969,0.,0,0,0
2447.72876,2914.508301,17.01,1638.577271,-264.574799,8.26,-104,-2232,-8,-0.0101,-0.002223,-1.958227,0,0,0,1,100,0.,-0.999969,-0.110229,-0.999969,0.,0,0,0
2474.496338,2909.958496,17.01,1615.178833,-315.610168,8.26,-104,-2571,-8,-0.010185,-0.001915,-1.962949,0,0,0,1,100,0.,-0.999969,-0.110229,-0.999969,0.,0,0,0
2500.879883,2904.583984,17.01,1590.246704,-365.420898,8.26,-104,-2909,-8,-0.0102,-0.001536,-1.96767,0,0,0,1,100,0.,-0.999969,-0.110229,-0.999969,0.,0,0,0
2526.839111,2898.397217,17.01,1563.839478,-413.95993,8.26,-104,-3248,-8,-0.0102,-0.001242,-1.972312,0,0,0,1,100,0.,-0.999969,-0.110229,-0.999969,0.,0,0,0
2552.365479,2891.423096,17.01,1536.014038,-461.177795,8.26,-104,-3586,-8,-0.010276,-0.000245,-1.976762,0,0,0,1,100,0.,-0.999969,-0.110229,-0.999969,0.,0,0,0
2577.429688,2883.675049,17.01,1506.837402,-507.036438,8.26,-104,-3924,-8,-0.0103,0.,-1.980917,0,0,0,1,100,0.,-0.999969,-0.110229,-0.999969,0.,0,0,0
2602.005615,2875.177002,17.01,1476.356812,-551.497803,8.26,-104,-4263,-8,-0.0103,0.,-1.98481,0,0,0,1,100,0.,-0.999969,-0.110229,-0.999969,0.,0,0,0
2626.078857,2865.960449,17.01,1444.606201,-594.576477,8.26,-104,-4608,-8,-0.0103,0.,-1.988548,0,0,0,1,100,0.,-0.999969,-0.110229,-0.999969,0.,0,0,0
2649.626465,2856.040527,17.01,1411.504028,-636.415283,8.26,-104,-4954,-8,-0.0103,0.,-1.992123,0,0,0,1,100,0.,-0.999969,-0.110229,-0.999969,0.,0,0,0
2672.626465,2845.443604,17.01,1377.132568,-676.911865,8.26,-104,-5300,-8,-0.0103,0.,-1.995605,0,0,0,1,100,0.,-0.999969,-0.110229,-0.999969,0.,0,0,0
2695.065918,2834.185059,17.01,1341.584717,-715.973267,8.26,-104,-5646,-8,-0.0103,0.,-1.998738,0,0,0,1,100,0.,-0.999969,-0.110229,-0.999969,0.,0,0,0
2716.91333,2822.289551,17.01,1304.936523,-753.528748,8.26,-104,-5992,-8,-0.0102,0.,-2.001483,0,0,0,1,100,0.,-0.999969,-0.110229,-0.999969,0.,0,0,0
2738.156494,2809.790039,17.01,1267.259399,-789.550903,8.26,-104,-6339,-8,-0.0101,0.,-2.004483,0,0,0,1,100,0.,-0.999969,-0.110229,-0.999969,0.,0,0,0
2758.775635,2796.699707,17.01,1228.526855,-824.055054,8.26,-104,-6685,-8,-0.0101,0.001322,-2.010841,0,0,0,1,100,0.,-0.999969,-0.110229,-0.999969,0.,0,0,0
2778.756836,2783.062988,17.01,1188.825439,-856.993042,8.264276,-104,-7031,-8,-0.0101,0.002228,-2.019923,0,0,0,1,100,0.,-0.999969,-0.110229,-0.999969,0.,0,0,0
2798.085449,2768.888428,17.01,1148.245239,-888.312988,8.27,-104,-7377,-8,-0.01,0.002779,-2.030729,0,0,0,1,100,0.,-0.999969,-0.110229,-0.999969,0.,0,1,0
2816.742676,2754.205322,17.01,1106.846069,-917.989441,8.27,-104,-7729,-8,-0.0099,0.003172,-2.042717,0,0,0,1,100,0.,-0.999969,-0.110229,-0.999969,0.,0,1,0
2834.802734,2738.96582,17.01,1073.539795,-954.719177,8.206832,-104,-8083,-8,-0.010099,0.003533,-2.055421,0,0,0,1,100,0.,-0.999969,-0.110229,-0.999969,0.,0,1,0
2852.391602,2723.043701,17.01,1047.689209,-999.223511,8.154071,-104,-8437,-8,-0.010559,0.003859,-2.072778,0,0,0,1,100,0.,-0.999969,-0.110229,-0.999969,0.,0,1,0
2869.552246,2706.388672,17.01,1020.516907,-1042.743652,8.127363,-104,-8796,-8,-0.0108,0.004253,-2.081785,0,0,0,1,100,0.,-0.999969,-0.110229,-0.999969,0.,0,1,0
2886.255371,2689.018066,17.01,991.737427,-1085.440186,8.107691,-104,-9158,-8,-0.0108,0.004646,-2.0849,0,0,0,1,100,0.,-0.999969,-0.110229,-0.999969,0.,0,1,0
2902.480713,2670.945801,17.01,961.306152,-1127.308472,8.099999,-104,-9520,-8,-0.01078,0.00504,-2.083524,0,0,0,1,100,0.,-0.999969,-0.110229,-0.999969,0.,0,1,0
2918.201172,2652.196289,17.01,929.2323,-1168.281128,8.099999,-104,-9882,-8,-0.010583,0.005433,-2.078754,0,0,0,1,100,0.,-0.999969,-0.110229,-0.999969,0.,0,1,0
2933.386719,2632.781006,17.01,895.51886,-1208.308594,8.099999,-104,-10240,-8,-0.010387,0.005827,-2.072089,0,0,0,1,100,0.,-0.999969,-0.110229,-0.999969,0.,0,1,0
2948.000488,2612.708252,17.01,860.321838,-1247.276978,8.099999,-104,-10594,-8,-0.01019,0.00622,-2.06634,0,0,0,1,100,0.,-0.999969,-0.110229,-0.999969,0.,0,1,0
2962.032959,2591.98877,17.01,823.654602,-1285.131958,8.099999,-104,-10948,-8,-0.009993,0.006613,-2.061453,0,0,0,1,100,0.,-0.999969,-0.110229,-0.999969,0.,0,1,0
2975.455322,2570.650879,17.01,785.517212,-1321.853882,8.099999,-104,-11302,-8,-0.009797,0.007003,-2.057335,0,0,0,1,100,0.,-0.999969,-0.110229,-0.999969,0.,0,1,0
2988.239258,2548.723389,17.01,745.909607,-1357.385864,8.099999,-104,-11656,-8,-0.0096,0.0073,-2.053698,0,0,0,1,100,0.,-0.999969,-0.110229,-0.999969,0.,0,1,0
3000.360107,2526.210449,17.01,704.8396,-1391.679321,8.099999,-104,-12010,-8,-0.009306,0.007597,-2.05045,0,0,0,1,100,0.,-0.999969,-0.110229,-0.999969,0.,0,1,0
3011.803467,2503.136719,17.01,662.327576,-1424.686279,8.099999,-104,-12364,-8,-0.009013,0.007894,-2.047396,0,0,0,1,100,0.,-0.999969,-0.110229,-0.999969,0.,0,1,0
3022.531982,2479.519775,17.01,618.412109,-1456.360107,8.099999,-104,-12719,-8,-0.00881,0.00819,-2.044445,0,0,0,1,100,0.,-0.999969,-0.110229,-0.999969,0.,0,1,0
3032.535645,2455.399658,17.01,573.112488,-1486.643555,8.099999,-104,-13073,-8,-0.008513,0.008487,-2.041494,0,0,0,1,100,0.,-0.999969,-0.110229,-0.999969,0.,0,1,0
3041.777832,2430.784668,17.01,526.484619,-1515.469727,8.099999,-104,-13427,-8,-0.008132,0.008768,-2.038544,0,0,0,1,100,0.,-0.999969,-0.110229,-0.999969,0.,0,1,0
3050.24585,2405.704102,17.01,478.567413,-1542.799683,8.099999,-104,-13781,-8,-0.007839,0.00898,-2.035412,0,0,0,1,100,0.,-0.999969,-0.110229,-0.999969,0.,0,1,0
3057.922852,2380.166992,17.01,429.406616,-1568.569946,8.099999,-104,-14135,-8,-0.007546,0.009277,-2.032265,0,0,0,1,100,0.,-0.999969,-0.110229,-0.999969,0.,0,1,0
3064.791748,2354.219727,17.01,379.05188,-1592.739136,8.099999,-104,-14486,-8,-0.007226,0.009474,-2.028943,0,0,0,1,100,0.,-0.999969,-0.110229,-0.999969,0.,0,1,0
3070.828857,2327.880371,17.01,327.785522,-1615.249268,8.099999,-104,-14832,-8,-0.006859,0.009671,-2.025187,0,0,0,1,100,0.,-0.999969,-0.110229,-0.999969,0.,0,1,0
3076.01709,2301.18042,17.01,275.721893,-1636.072144,8.099999,-104,-15178,-8,-0.006565,0.009967,-2.021018,0,0,0,1,100,0.,-0.999969,-0.110229,-0.999969,0.,0,1,0
3080.338135,2274.148438,17.01,222.8358,-1655.186401,8.099999,-104,-15525,-8,-0.006236,0.010164,-2.016626,0,0,0,1,100,0.,-0.999969,-0.110229,-0.999969,0.,0,1,0
3083.782471,2246.809814,17.01,169.143311,-1672.556885,8.093918,-104,-15871,-8,-0.005878,0.010361,-2.01204,0,0,0,1,100,0.,-0.999969,-0.110229,-0.999969,0.,0,1,0
3086.337158,2219.196777,17.01,114.657722,-1688.161255,8.09,-104,-16217,-8,-0.005485,0.010558,-2.007261,0,0,0,1,100,0.,-0.999969,-0.110229,-0.999969,0.,0,1,0
3087.996338,2191.33374,17.01,59.415268,-1701.955078,8.09,-104,-16563,-8,-0.005191,0.010754,-2.002289,0,0,0,1,100,0.,-0.999969,-0.110229,-0.999969,0.,0,1,0
3088.746338,2163.243652,17.01,3.442818,-1713.910156,8.09,-104,-16910,-8,-0.004798,0.010951,-1.997174,0,0,0,1,100,0.,-0.999969,-0.110229,-0.999969,0.,0,1,0
3088.57251,2134.970459,17.01,-53.206295,-1723.98877,8.09,-104,-17256,-8,-0.004405,0.011148,-1.991912,0,0,0,1,100,0.,-0.999969,-0.110229,-0.999969,0.,0,1,0
3087.455566,2106.531982,17.01,-110.474892,-1732.157227,8.09,-104,-17602,-8,-0.004011,0.011344,-1.986556,0,0,0,1,100,0.,-0.999969,-0.118103,-0.999969,0.,0,1,0
3085.400879,2077.972168,17.01,-168.310806,-1738.388184,8.09,-104,-17947,-8,-0.003618,0.011441,-1.981007,0,0,0,1,100,0.,-0.999969,-0.110229,-0.999969,0.,0,1,0
3082.384277,2049.313721,17.01,-226.506424,-1742.694946,8.09,-104,-18285,-8,-0.003324,0.0116,-1.976043,0,0,0,1,100,0.,-0.999969,-0.110229,-0.999969,0.,0,1,0
3078.414062,2020.595093,17.01,-284.926514,-1745.094849,8.09,-104,-18623,-8,-0.002931,0.0117,-1.972785,0,0,0,1,100,0.,-0.999969,-0.110229,-0.999969,0.,0,1,0
3073.48291,1991.853882,17.01,-343.568726,-1745.557129,8.09,-104,-18962,-8,-0.002537,0.0118,-1.971012,0,0,0,1,100,0.,-0.999969,-0.110229,-0.999969,0.,0,0,0
3067.584473,1963.115601,17.01,-402.42749,-1744.052979,8.09,-104,-19300,-8,-0.002144,0.0119,-1.970272,0,0,0,1,100,0.,-0.999969,-0.110229,-0.999969,0.,0,0,0
3060.748779,1934.503662,17.01,-458.024445,-1729.706055,8.149906,-104,-19638,-8,-0.001801,0.011726,-1.968937,0,0,0,1,100,0.,-0.999969,-0.110229,-0.999969,0.,0,0,0
3053.039551,1906.268555,17.01,-508.642456,-1700.863647,8.214297,-104,-19977,-8,-0.000942,0.011157,-1.95974,0,0,0,1,100,0.,-0.999969,-0.110229,-0.999969,0.,0,0,0
3044.510254,1878.51123,17.01,-558.265503,-1670.404297,8.241821,-104,-20315,-8,0.,0.010764,-1.952399,0,0,0,1,100,0.,-0.999969,-0.110229,-0.999969,0.,0,0,0
3035.168701,1851.258423,17.01,-606.748535,-1638.401001,8.25,-104,-20654,-8,0.,0.010485,-1.946301,0,0,0,1,100,0.,-0.999969,-0.110229,-0.999969,0.,0,0,0
3025.026855,1824.539185,17.01,-654.028564,-1604.871826,8.25,-104,-20992,-8,0.,0.0104,-1.943453,0,0,0,1,100,0.,-0.999969,0.,-0.999969,0.,0,0,0
3014.122314,1798.372314,17.01,-700.017151,-1569.888184,8.25,-104,-21330,-8,0.,0.0104,-1.943359,0,0,0,1,100,0.,-0.999969,0.110229,-0.999969,0.,0,0,0
3002.463623,1772.777466,17.01,-744.608459,-1533.542725,8.25,-104,-21669,-8,0.,0.0104,-1.945276,0,0,0,1,100,0.,-0.999969,0.141724,-0.999969,0.,0,0,0
2990.080322,1747.782471,17.01,-787.719055,-1495.912476,8.25,-104,-22007,-8,0.,0.010398,-1.948536,0,0,0,1,100,0.,-0.999969,0.330688,-0.999969,0.,0,0,0
2976.997803,1723.408813,17.01,-829.27594,-1457.059204,8.25,-104,-22345,-8,0.,0.0103,-1.952569,0,0,0,1,100,0.,-0.984192,0.456665,-0.984192,0.,0,0,0
2963.244873,1699.686279,17.01,-869.220093,-1417.078369,8.25,-104,-22684,-8,0.,0.0102,-1.956991,0,0,0,1,100,0.,-0.929077,0.559021,-0.929077,0.,0,0,0
2948.843262,1676.621216,17.01,-907.327271,-1376.263672,8.25,-104,-23022,-8,0.00092,0.010008,-1.95418,0,0,0,1,100,0.,-0.897583,0.637756,-0.897583,0.,0,0,0
2933.822266,1654.2229,17.01,-943.140869,-1335.203247,8.258872,-104,-23357,-8,0.001855,0.009811,-1.927377,0,0,0,1,100,0.,-0.889709,0.653503,-0.889709,0.,0,0,0
2918.218018,1632.501587,17.01,-976.918884,-1293.737305,8.26,-104,-23687,-8,0.002271,0.009615,-1.893657,0,0,0,1,100,0.,-0.834595,0.700745,-0.834595,0.,0,0,0
2902.070557,1611.45752,17.01,-1008.922668,-1251.661987,8.26,-104,-24011,-8,0.002664,0.0095,-1.865584,0,0,0,1,100,0.,-0.803101,0.740112,-0.803101,0.,0,0,0
2885.407471,1591.108154,17.01,-1038.570801,-1209.838623,8.26,-104,-24330,-8,0.002879,0.009321,-1.820019,0,0,0,1,100,0.,-0.747986,0.795227,-0.747986,0.,0,0,0
2868.266602,1571.447754,17.01,-1066.157837,-1168.056152,8.26,-104,-24642,-8,0.003151,0.0092,-1.771038,0,0,0,1,100,0.,-0.677124,0.834595,-0.677124,0.,0,0,0
2850.686035,1552.464355,17.01,-1091.472656,-1126.808472,8.26,-104,-24946,-8,0.003272,0.009028,-1.709253,0,0,0,1,100,0.,-0.582642,0.905457,-0.582642,0.,0,0,0
2832.703369,1534.158081,17.01,-1114.391968,-1086.519897,8.26,-104,-25235,-8,0.003369,0.008731,-1.629768,0,0,0,1,100,0.,-0.543274,0.921204,-0.543274,0.,0,0,0
2814.347412,1516.505615,17.01,-1134.717529,-1047.765381,8.26,-104,-25513,-8,0.003466,0.008434,-1.525777,0,0,0,1,100,0.,-0.456665,0.960571,-0.456665,0.,0,0,0
2795.675293,1499.475342,17.01,-1153.002075,-1009.978394,8.26,-104,-25772,-8,0.003562,0.0083,-1.426015,0,0,0,1,100,0.,-0.393677,0.992065,-0.393677,0.,0,0,0
2776.705811,1483.058105,17.01,-1168.796509,-974.17041,8.26,-104,-26015,-8,0.003659,0.008041,-1.30836,0,0,0,1,100,0.,-0.307068,0.999969,-0.307068,0.,0,0,0
2757.486572,1467.225098,17.01,-1182.416138,-940.151306,8.26,-104,-26236,-8,0.003756,0.0079,-1.186838,0,0,0,1,100,0.,-0.24408,0.999969,-0.24408,0.,0,0,0
2738.055664,1451.946533,17.01,-1193.650635,-908.567688,8.26,-104,-26439,-8,0.003753,0.007747,-1.051332,0,0,0,1,100,0.,-0.24408,0.999969,-0.24408,0.,0,0,0
2718.446289,1437.170288,17.01,-1202.878662,-879.094604,8.26,-104,-26617,-8,0.003849,0.0076,-0.919172,0,0,0,1,100,0.,0.,0.999969,0.,0.,0,0,0
2698.696777,1422.873291,17.01,-1210.587646,-851.132446,8.26461,-104,-26775,-8,0.004192,0.007646,-0.816082,0,0,0,1,100,0.,0.220459,0.999969,0.220459,0.,0,0,0
2678.835449,1409.017456,17.01,-1215.053833,-827.895752,8.27,-104,-26914,-8,0.003757,0.007357,-0.639211,0,0,0,1,100,0.,0.346436,0.999969,0.346436,0.,0,0,0
2658.91333,1395.518188,17.01,-1216.10022,-809.847046,8.28,-104,-27016,-8,0.003121,0.006821,-0.385765,0,0,0,1,100,0.,0.440918,0.976318,0.440918,0.,0,0,0
2638.98877,1382.297607,17.01,-1214.501099,-795.82373,8.29,-104,-27074,-8,0.0027,0.0065,-0.116255,0,0,0,1,100,0.,0.543274,0.921204,0.543274,0.,0,0,0
2619.097168,1369.295288,17.01,-1210.56189,-785.451233,8.2933,-104,-27085,-8,0.002633,0.0064,0.138212,0,0,0,1,100,0.,0.637756,0.881836,0.637756,0.,0,0,0
2599.276123,1356.44812,17.01,-1203.99707,-779.14209,8.3,-104,-27056,-8,0.002659,0.00643,0.38035,0,0,0,1,100,0.,0.747986,0.810974,0.747986,0.,0,0,0
2579.573486,1343.689087,17.01,-1194.696167,-776.967346,8.309999,-104,-26983,-8,0.002826,0.0065,0.611398,0,0,0,1,100,0.,0.850342,0.708618,0.850342,0.,0,0,0
2560.033447,1330.956421,17.01,-1182.310547,-779.126587,8.32,-104,-26872,-8,0.002823,0.006523,0.838324,0,0,0,1,100,0.,0.850342,0.700745,0.850342,0.,0,0,0
2540.702637,1318.15918,17.01,-1166.733765,-785.415283,8.33,-104,-26722,-8,0.0028,0.0066,1.061665,0,0,0,1,100,0.,0.881836,0.661377,0.881836,0.,0,0,0
2521.646973,1305.251953,17.01,-1148.830322,-794.508728,8.34,-104,-26539,-8,0.002933,0.006733,1.244775,0,0,0,1,100,0.,0.889709,0.661377,0.889709,0.,0,0,0
2502.883789,1292.185303,17.01,-1128.696533,-805.992676,8.34,-104,-26324,-8,0.003213,0.007013,1.391814,0,0,0,1,100,0.,0.897583,0.661377,0.897583,0.,0,0,0
2484.46167,1278.924072,17.01,-1106.224121,-819.650208,8.341005,-104,-26083,-8,0.00341,0.00732,1.511409,0,0,0,1,100,0.,0.921204,0.637756,0.921204,0.,0,0,0
2466.418457,1265.428833,17.01,-1081.591797,-834.968567,8.349999,-104,-25827,-8,0.0035,0.007607,1.606773,0,0,0,1,100,0.,0.960571,0.574768,0.960571,0.,0,0,0
2448.791992,1251.681641,17.01,-1054.786011,-851.608826,8.349999,-104,-25555,-8,0.0035,0.007804,1.68972,0,0,0,1,100,0.,0.999969,0.543274,0.999969,0.,0,0,0
2431.620605,1237.653687,17.01,-1025.644897,-869.390869,8.36,-104,-25268,-8,0.0034,0.008,1.771988,0,0,0,1,100,0.,0.999969,0.5354,0.999969,0.,0,0,0
2414.927002,1223.333496,17.01,-994.131653,-888.015991,8.36,-104,-24965,-8,0.003106,0.0081,1.856959,0,0,0,1,100,0.,0.999969,0.543274,0.999969,0.,0,0,0
2398.765381,1208.703491,17.01,-960.709473,-906.883545,8.37,-104,-24646,-8,0.002906,0.008294,1.932146,0,0,0,1,100,0.,0.999969,0.527527,0.999969,0.,0,0,0
2383.154053,1193.764038,17.01,-925.693237,-925.599182,8.37,-104,-24316,-8,0.00281,0.00849,1.990929,0,0,0,1,100,0.,0.999969,0.527527,0.999969,0.,0,0,0
2368.122803,1178.515015,17.01,-889.181213,-943.910645,8.37,-104,-23978,-8,0.002613,0.008687,2.037552,0,0,0,1,100,0.,0.999969,0.519653,0.999969,0.,0,0,0
2353.698486,1162.964844,17.01,-851.316895,-961.586304,8.37,-104,-23632,-8,0.002416,0.008884,2.074939,0,0,0,1,100,0.,0.999969,0.488159,0.999969,0.,0,0,0
2339.901367,1147.124634,17.01,-812.207458,-978.435059,8.37,-104,-23279,-8,0.002219,0.009081,2.1054,0,0,0,1,100,0.,0.999969,0.40155,0.999969,0.,0,0,0
2326.742676,1131.011963,17.01,-772.002136,-994.268921,8.37,-104,-22922,-8,0.002023,0.009177,2.130419,0,0,0,1,100,0.,0.999969,0.354309,0.999969,0.,0,0,0
2314.256836,1114.653198,17.01,-730.807556,-1008.9505,8.3774,-104,-22560,-8,0.001752,0.009274,2.151227,0,0,0,1,100,0.,0.999969,0.354309,0.999969,0.,0,0,0
2302.448242,1098.062256,17.01,-688.841858,-1022.321411,8.38,-104,-22195,-8,0.001459,0.0093,2.1686,0,0,0,1,100,0.,0.999969,0.354309,0.999969,0.,0,0,0
2291.323486,1081.245972,17.01,-646.182373,-1034.305298,8.38,-104,-21825,-8,0.001133,0.0094,2.183154,0,0,0,1,100,0.,0.999969,0.354309,0.999969,0.,0,0,0
2280.901611,1064.239746,17.01,-602.986328,-1044.792114,8.38,-104,-21455,-8,0.,0.0094,2.195422,0,0,0,1,100,0.,0.999969,0.354309,0.999969,0.,0,0,0
2271.195068,1047.075562,17.01,-559.469543,-1053.693237,8.38,-104,-21085,-8,0.,0.0095,2.205723,0,0,0,1,100,0.,0.999969,0.354309,0.999969,0.,0,0,0
2262.204834,1029.772339,17.01,-515.762756,-1060.962891,8.38,-104,-20709,-8,0.,0.0095,2.214205,0,0,0,1,100,0.,0.999969,0.338562,0.999969,0.,0,0,0
2253.929932,1012.354553,17.01,-471.854919,-1066.596802,8.38,-104,-20331,-8,0.,0.0095,2.221293,0,0,0,1,100,0.,0.999969,0.322815,0.999969,0.,0,0,0
2246.371094,994.850281,17.01,-427.91275,-1070.56189,8.38,-104,-19954,-8,0.,0.0095,2.227128,0,0,0,1,100,-0.215686,0.999969,0.322815,0.999969,0.,0,0,0
2239.527832,977.287964,17.01,-384.092041,-1072.843994,8.38,-104,-19576,-8,0.,0.0095,2.231656,0,0,0,1,100,-0.286275,0.999969,0.322815,0.999969,0.,0,0,0
2233.427979,959.789978,17.01,-333.67865,-1038.365479,8.384451,-104,-19200,-8,0.001223,0.0096,2.157703,0,0,0,1,100,-0.470588,0.999969,0.322815,0.999969,0.,0,0,0
2228.163818,942.965454,17.01,-282.591614,-989.150818,8.389999,-104,-18838,-8,0.0016,0.009559,2.071625,0,0,0,1,100,-0.615686,0.999969,0.322815,0.999969,0.,0,0,0
2223.729492,926.95166,17.01,-234.443039,-937.83783,8.393795,-104,-18491,-8,0.001462,0.009462,1.997062,0,0,0,1,100,-0.686275,0.999969,0.322815,0.999969,0.,0,0,0
2220.071289,911.786621,17.01,-189.473343,-884.484741,8.4,-104,-18154,-8,0.001131,0.009265,1.938076,0,0,0,1,100,-0.815686,0.999969,0.322815,0.999969,0.,0,0,0
2217.13501,897.505188,17.01,-148.123108,-829.253174,8.4,-104,-17828,-8,0.,0.0091,1.887488,0,0,0,1,100,-0.847059,0.999969,0.322815,0.999969,0.,0,0,0
2214.857178,884.129272,17.01,-110.87352,-772.396484,8.4,-104,-17511,-8,0.,0.0091,1.836595,0,0,0,1,100,-0.913725,0.999969,0.322815,0.999969,0.,0,0,0
2213.170898,871.696899,17.01,-77.97142,-714.191833,8.4,-104,-17202,-8,0.,0.009125,1.7794,0,0,0,1,100,-0.952941,0.999969,0.322815,0.999969,0.,0,0,0
2212.014893,860.231689,17.01,-49.605816,-654.958252,8.4,-104,-16904,-8,0.,0.0093,1.711532,0,0,0,1,100,-0.968627,0.999969,0.322815,0.999969,0.,0,0,0
2211.297852,849.735535,17.01,-25.847858,-594.984497,8.4,-104,-16618,-8,0.,0.009418,1.629841,0,0,0,1,100,-0.976471,0.999969,0.322815,0.999969,0.,0,0,0
2210.959473,840.225952,17.01,-6.731085,-534.592468,8.4,-104,-16348,-8,0.,0.009615,1.532024,0,0,0,1,100,-0.976471,0.999969,0.322815,0.999969,0.,0,0,0
2210.906982,831.703003,17.01,7.794084,-474.078308,8.4,-104,-16093,-8,0.,0.009812,1.41649,0,0,0,1,100,-0.980392,0.999969,0.322815,0.999969,0.,0,0,0
2211.082764,824.176514,17.01,17.986124,-413.543854,8.4,-104,-15859,-8,0.,0.010008,1.285835,0,0,0,1,100,-0.980392,0.999969,0.322815,0.999969,0.,0,0,0
2211.410156,817.636658,17.01,23.904577,-353.251953,8.4,-104,-15647,-8,0.,0.010205,1.136434,0,0,0,1,100,-0.980392,0.999969,0.322815,0.999969,0.,0,0,0
2211.813965,812.083435,17.01,25.627258,-293.48761,8.4,-104,-15462,-8,-0.001013,0.010402,0.96405,0,0,0,1,100,-0.972549,0.999969,0.322815,0.999969,0.,0,0,0
2212.227051,807.510254,17.01,23.322975,-234.500961,8.390137,-104,-15309,-8,-0.002094,0.010697,0.765636,0,0,0,1,100,-0.964706,0.999969,0.322815,0.999969,0.,0,0,0
2212.582031,803.909058,17.01,17.24612,-176.485733,8.38,-104,-15191,-8,-0.002786,0.011186,0.538656,0,0,0,1,100,-0.964706,0.999969,0.322815,0.999969,0.,0,0,0
2212.831055,801.246704,17.01,7.759532,-119.590065,8.37,-104,-15115,-8,-0.003184,0.011676,0.280762,0,0,0,1,100,-0.941176,0.999969,0.346436,0.999969,0.,0,0,0
2212.908691,799.512939,17.01,-4.794484,-63.947243,8.35112,-104,-15085,-8,-0.003578,0.012266,-0.012061,0,0,0,1,100,-0.937255,0.999969,0.362183,0.999969,0.,0,0,0
2212.765869,798.680542,17.01,-17.471376,-14.120138,8.331449,-104,-15105,-8,-0.005496,0.012429,-0.255319,0,0,0,1,100,-0.937255,0.999969,0.362183,0.999969,0.,0,0,0
2212.451904,798.558228,17.01,-23.674414,10.862457,8.32,-104,-15158,-8,-0.005336,0.011471,-0.395474,0,0,0,1,100,-0.933333,0.999969,0.362183,0.999969,0.,0,0,0
2212.046387,798.835815,17.01,-28.631342,34.650425,8.32,-104,-15235,-8,-0.005121,0.010942,-0.516455,0,0,0,1,100,-0.917647,0.999969,0.425171,0.999969,0.,0,0,0
2211.563232,799.500305,17.01,-33.060143,58.00293,8.32,-104,-15331,-8,-0.004924,0.010624,-0.629485,0,0,0,1,100,-0.917647,0.999969,0.448792,0.999969,0.,0,0,0
2211.002686,800.544373,17.01,-37.233257,80.616898,8.32,-104,-15446,-8,-0.004728,0.010428,-0.736209,0,0,0,1,100,-0.909804,0.999969,0.519653,0.999969,0.,0,0,0
2210.381836,801.956116,17.01,-41.137245,102.809174,8.32,-104,-15582,-8,-0.004631,0.0104,-0.841237,0,0,0,1,100,-0.909804,0.999969,0.574768,0.999969,0.,0,0,0
2209.692871,803.735352,17.01,-44.606522,124.540314,8.32,-104,-15733,-8,-0.004434,0.0104,-0.943049,0,0,0,1,100,-0.905882,0.984192,0.64563,0.984192,0.,0,0,0
2208.946045,805.865845,17.01,-47.518471,145.995377,8.32,-104,-15899,-8,-0.004237,0.0104,-1.041773,0,0,0,1,100,-0.905882,0.936951,0.677124,0.936951,0.,0,0,0
2208.156738,808.344543,17.01,-49.494362,167.339798,8.32,-104,-16081,-8,-0.004041,0.0104,-1.132383,0,0,0,1,100,-0.909804,0.929077,0.692871,0.929077,0.,0,0,0
2207.334717,811.171448,17.01,-49.964397,188.73671,8.32,-104,-16278,-8,-0.003844,0.010244,-1.203326,0,0,0,1,100,-0.909804,0.897583,0.716492,0.897583,0.,0,0,0
2206.513672,814.346558,17.01,-49.365204,209.938477,8.32,-104,-16491,-8,-0.003647,0.0102,-1.268399,0,0,0,1,100,-0.901961,0.873962,0.732239,0.873962,0.,0,0,0
2205.711914,817.871399,17.01,-47.365971,230.996185,8.32,-104,-16713,-8,-0.00345,0.0101,-1.321281,0,0,0,1,100,-0.890196,0.866089,0.740112,0.866089,0.,0,0,0
2204.94873,821.742981,17.01,-44.003986,251.681381,8.32,-104,-16943,-8,-0.003254,0.01,-1.363176,0,0,0,1,100,-0.878431,0.866089,0.740112,0.866089,0.,0,0,0
2204.243896,825.948547,17.01,-39.542454,271.845856,8.32,-104,-17181,-8,-0.003057,0.01,-1.401282,0,0,0,1,100,-0.854902,0.866089,0.740112,0.866089,0.,0,0,0
2203.614746,830.482971,17.01,-34.106831,291.309631,8.32,-104,-17425,-8,-0.002821,0.01,-1.439203,0,0,0,1,100,-0.839216,0.866089,0.740112,0.866089,0.,0,0,0
2203.08252,835.338989,17.01,-27.713984,309.899872,8.32,-104,-17675,-8,-0.002564,0.01,-1.47594,0,0,0,1,100,-0.792157,0.873962,0.740112,0.873962,0.,0,0,0
2202.6604,840.488464,17.01,-20.337278,327.670776,8.32,-104,-17932,-8,-0.002367,0.01,-1.511235,0,0,0,1,100,-0.654902,0.873962,0.740112,0.873962,0.,0,0,0
2202.357178,845.931458,17.01,-12.074533,344.219971,8.32,-104,-18193,-8,-0.00217,0.01003,-1.545709,0,0,0,1,100,-0.447059,0.881836,0.708618,0.881836,0.,0,0,0
2202.199219,851.639954,17.01,-2.933999,358.248901,8.32,-104,-18460,-8,-0.001973,0.0101,-1.570819,0,0,0,1,100,-0.184314,0.936951,0.661377,0.936951,0.,0,0,0
2202.19165,857.563599,17.01,6.750062,368.225494,8.32,-104,-18733,-8,-0.0019,0.01,-1.582686,0,0,0,1,100,0.,0.952698,0.64563,0.952698,0.,0,0,0
2202.346191,863.623352,17.01,15.914005,373.1026,8.32,-104,-19008,-8,-0.0019,0.01012,-1.595263,0,0,0,1,100,0.,0.999969,0.574768,0.999969,0.,0,0,0
2202.643311,869.746399,17.01,24.117188,368.48172,8.32,-104,-19283,-8,-0.002217,0.010083,-1.577514,0,0,0,1,100,0.,0.999969,0.5354,0.999969,0.,0,0,0
2203.075195,875.753296,17.01,31.07514,358.690155,8.32,-104,-19554,-8,-0.002187,0.010113,-1.554915,0,0,0,1,100,0.,0.999969,0.496033,0.999969,0.,0,0,0
2203.611572,881.587158,17.01,37.540859,348.727173,8.32,-104,-19822,-8,-0.00199,0.0102,-1.539371,0,0,0,1,100,0.,0.999969,0.456665,0.999969,0.,0,0,0
2204.254883,887.265564,17.01,43.85635,338.620789,8.32,-104,-20089,-8,-0.001793,0.0102,-1.520679,0,0,0,1,100,0.,0.999969,0.448792,0.999969,0.,0,0,0
2204.994873,892.770203,17.01,49.897507,328.398743,8.32,-104,-20349,-8,-0.001596,0.0102,-1.499579,0,0,0,1,100,0.,0.999969,0.433044,0.999969,0.,0,0,0
2205.831543,898.110046,17.01,55.580395,318.089996,8.32,-104,-20608,-8,-0.0013,0.0102,-1.476553,0,0,0,1,100,0.,0.999969,0.40155,0.999969,0.,0,0,0
2206.765869,903.284363,17.01,60.854073,307.703308,8.32,-104,-20860,-8,-0.001103,0.0102,-1.451868,0,0,0,1,100,0.,0.999969,0.393677,0.999969,0.,0,0,0
2207.787354,908.284363,17.01,65.663025,297.267914,8.32,-104,-21112,-8,0.,0.0102,-1.425828,0,0,0,1,100,0.,0.999969,0.385803,0.999969,0.,0,0,0
2208.885986,913.110291,17.01,70.017708,286.82196,8.32,-104,-21356,-8,0.,0.0102,-1.398623,0,0,0,1,100,0.,0.999969,0.37793,0.999969,0.,0,0,0
2210.053467,917.772095,17.01,73.879395,276.375946,8.32,-104,-21597,-8,0.,0.0102,-1.370346,0,0,0,1,100,0.121569,0.999969,0.370056,0.999969,0.,0,0,0
2211.279053,922.259827,17.01,77.249069,265.956787,8.32,-104,-21833,-8,0.,0.0102,-1.341017,0,0,0,1,100,0.231373,0.999969,0.346436,0.999969,0.,0,0,0
2212.506104,926.420044,17.01,65.721031,214.18718,8.32,-104,-22052,-8,-0.002326,0.009277,-1.058864,0,0,0,1,100,0.309804,0.999969,0.314941,0.999969,0.,0,0,0
2213.531494,929.70929,17.01,50.9389,159.361084,8.309999,-104,-22223,-8,-0.003055,0.008745,-0.758166,0,0,0,1,100,0.380392,0.999969,0.251953,0.999969,0.,0,0,0
2214.302002,932.108643,17.01,34.614147,105.143059,8.302584,-104,-22343,-8,-0.0032,0.008426,-0.451253,0,0,0,1,100,0.435294,0.999969,0.228333,0.999969,0.,0,0,0
2214.801758,933.618164,17.01,17.341444,51.425743,8.3,-104,-22409,-8,-0.0032,0.008229,-0.130822,0,0,0,1,100,0.462745,0.999969,0.188965,0.999969,0.,0,0,0
2215.013916,934.244629,17.01,4.640149,12.638193,8.3,-104,-22419,-8,-0.002118,0.008473,0.102437,0,0,0,1,100,0.478431,0.999969,0.157471,0.999969,0.,0,0,0
2215.072754,934.405701,17.01,1.049235,1.236124,8.3,-104,-22400,-8,0.,0.009293,0.154421,0,0,0,1,100,0.517647,0.960571,0.,0.960571,0.,0,0,0
2215.073975,934.373352,17.01,-2.526062,-10.685757,8.3,-104,-22374,-8,0.,0.009661,0.213238,0,0,0,1,100,0.533333,0.543274,-0.220459,0.543274,0.,0,0,0
2215.01123,934.147522,17.01,-6.841445,-23.229023,8.3,-104,-22340,-8,0.,0.009858,0.270832,0,0,0,1,100,0.545098,0.212585,-0.2677,0.212585,0.,0,0,0
2214.87085,933.71283,17.01,-13.1556,-35.539619,8.3,-104,-22295,-8,0.,0.010409,0.285661,0,0,0,1,100,0.556863,0.,-0.2677,0.,0.,0,0,0
2214.628174,933.080444,17.01,-21.024578,-47.126015,8.3,-104,-22250,-8,0.,0.011002,0.25629,0,0,0,1,100,0.584314,0.,-0.24408,0.,0.,0,0,0
2214.249512,932.25946,17.01,-29.847328,-58.229057,8.3,-104,-22212,-8,0.,0.011448,0.198018,0,0,0,1,100,0.603922,-0.149597,-0.236206,-0.149597,0.,0,0,0
2213.721436,931.259827,17.01,-38.70858,-69.737465,8.3,-104,-22183,-8,0.,0.0116,0.145104,0,0,0,1,100,0.619608,-0.314941,-0.2677,-0.314941,0.,0,0,0
2213.052734,930.066833,17.01,-48.173073,-81.249344,8.3,-104,-22165,-8,0.,0.011841,0.078612,0,0,0,1,100,0.623529,-0.472412,-0.330688,-0.472412,0.,0,0,0
2212.220703,928.684143,17.01,-58.443069,-92.321693,8.3,-104,-22156,-8,0.,0.012138,-0.011968,0,0,0,1,100,0.627451,-0.637756,-0.417297,-0.637756,0.,0,0,0
2211.224854,927.12738,17.01,-69.278732,-102.624245,8.3,-104,-22164,-8,0.,0.0124,-0.125184,0,0,0,1,100,0.627451,-0.677124,-0.464539,-0.677124,0.,0,0,0
2210.041748,925.409668,17.01,-80.762726,-111.936707,8.3,-104,-22196,-8,0.,0.012632,-0.263198,0,0,0,1,100,0.631373,-0.842468,-0.488159,-0.842468,0.,0,0,0
2208.665039,923.537231,17.01,-92.253044,-121.023323,8.3,-104,-22250,-8,0.,0.0127,-0.398157,0,0,0,1,100,0.635294,-0.936951,-0.51178,-0.936951,0.,0,0,0
2207.10498,921.512451,17.01,-104.22242,-129.039948,8.3,-104,-22328,-8,0.,0.0128,-0.549124,0,0,0,1,100,0.639216,-0.929077,-0.51178,-0.929077,0.,0,0,0
2205.341553,919.364563,17.01,-116.66713,-136.147614,8.3,-104,-22433,-8,0.,0.0129,-0.711373,0,0,0,1,100,0.654902,-0.929077,-0.51178,-0.929077,0.,0,0,0
2203.382568,917.100525,17.01,-129.001678,-143.400864,8.3,-104,-22562,-8,0.,0.012782,-0.854704,0,0,0,1,100,0.662745,-0.929077,-0.51178,-0.929077,0.,0,0,0
2201.212402,914.720398,17.01,-141.317001,-151.036041,8.3,-104,-22717,-8,0.,0.012585,-0.974681,0,0,0,1,100,0.678431,-0.929077,-0.51178,-0.929077,0.,0,0,0
2198.8479,912.213074,17.01,-153.824463,-158.79248,8.3,-104,-22891,-8,0.,0.012376,-1.077276,0,0,0,1,100,0.682353,-0.936951,-0.51178,-0.936951,0.,0,0,0
2196.270996,909.581116,17.01,-166.662674,-166.468964,8.3,-104,-23085,-8,0.,0.012091,-1.166908,0,0,0,1,100,0.694118,-0.936951,-0.496033,-0.936951,0.,0,0,0
2193.48999,906.822632,17.01,-179.927521,-173.819351,8.3,-104,-23294,-8,0.,0.011895,-1.24898,0,0,0,1,100,0.701961,-0.936951,-0.472412,-0.936951,0.,0,0,0
2190.486816,903.938904,17.01,-193.605606,-180.718277,8.3,-104,-23510,-8,0.000021,0.011698,-1.32372,0,0,0,1,100,0.709804,-0.952698,-0.448792,-0.952698,0.,0,0,0
2187.260254,900.948669,17.01,-207.67186,-187.130936,8.3,-104,-23743,-8,0.001593,0.0116,-1.39119,0,0,0,1,100,0.72549,-0.968445,-0.425171,-0.968445,0.,0,0,0
2183.800537,897.861023,17.01,-222.372177,-192.696747,8.3,-104,-23986,-8,0.002387,0.0116,-1.460762,0,0,0,1,100,0.737255,-0.976318,-0.425171,-0.976318,0.,0,0,0
2180.089111,894.676758,17.01,-237.720398,-197.468826,8.3,-104,-24242,-8,0.002784,0.0116,-1.531986,0,0,0,1,100,0.74902,-0.976318,-0.425171,-0.976318,0.,0,0,0
2176.126465,891.423462,17.01,-253.631393,-201.53447,8.3,-104,-24512,-8,0.003089,0.011511,-1.600208,0,0,0,1,100,0.752941,-0.992065,-0.393677,-0.992065,0.,0,0,0
2171.903809,888.103577,17.01,-269.927704,-204.86644,8.3,-104,-24791,-8,0.003371,0.011314,-1.661315,0,0,0,1,100,0.756863,-0.999969,-0.330688,-0.999969,0.,0,0,0
