-1860.17, -1078.97, 17.01, 174.055, -883.969, 8.13, -0.008283, 0.009209, -2.4308
-1857.79, -1093.92, 17.1392, 145.732, -912.24, 7.88001, -0.00827689, 0.00915361, -2.42523
-1855.9, -1109.32, 17.2644, 115.245, -939.141, 7.6412, -0.0082717, 0.0090936, -2.41913
-1854.54, -1125.13, 17.386, 82.7109, -964.553, 7.41373, -0.00826724, 0.0090229, -2.41187
-1853.75, -1141.33, 17.504, 48.2566, -988.363, 7.19769, -0.00826389, 0.0089377, -2.40301
-1853.55, -1157.9, 17.6186, 12.0198, -1010.47, 6.99313, -0.0082623, 0.00883582, -2.39229
-1853.98, -1174.79, 17.7301, -25.8547, -1030.79, 6.80002, -0.00826302, 0.00874726, -2.38283
-1855.05, -1191.99, 17.8386, -65.2516, -1049.24, 6.61828, -0.00826465, 0.0086964, -2.37731
-1856.78, -1209.47, 17.9443, -106.087, -1065.74, 6.44782, -0.00826617, 0.00866948, -2.37434
-1859.15, -1226.66, 18.052, -144.236, -1048.9, 6.57051, -0.0082672, 0.00865658, -2.37289
-1862.12, -1243.56, 18.1618, -181.306, -1030.73, 6.69526, -0.00828127, 0.0085228, -2.35759
-1865.6, -1260.16, 18.2735, -212.151, -1012.78, 6.81461, -0.00851906, 0.00669379, -2.14406
-1869.45, -1276.49, 18.387, -234.994, -996.34, 6.92273, -0.0090328, 0.00338537, -1.74944
-1873.63, -1292.57, 18.5021, -254.966, -980.346, 7.02417, -0.00947472, 0.00094496, -1.45168
-1878.02, -1308.41, 18.6187, -267.421, -966.49, 7.11437, -0.0101738, -0.00242238, -1.03091
-1882.51, -1324.06, 18.7367, -273.961, -954.434, 7.19649, -0.0109561, -0.00575129, -0.60449
-1887.14, -1340.02, 18.852, -282.721, -973.687, 7.03245, -0.0119313, -0.00945107, -0.118186
-1891.84, -1356.32, 18.9647, -286.606, -994.199, 6.87204, -0.0128373, -0.0125371, 0.298381
-1896.46, -1372.99, 19.0748, -281.887, -1017.16, 6.71759, -0.0140265, -0.0161936, 0.805602
-1900.93, -1390.06, 19.1825, -272.526, -1041.06, 6.5736, -0.0149918, -0.0188835, 1.18926
-1905.17, -1407.53, 19.2882, -258.753, -1065.56, 6.44362, -0.0157724, -0.0208606, 1.47933
-1909.12, -1425.4, 19.392, -240.8, -1090.34, 6.33102, -0.0164011, -0.0223119, 1.69839
-1912.71, -1443.68, 19.4942, -218.904, -1115.03, 6.2389, -0.0169053, -0.023375, 1.86352
-1915.88, -1462.36, 19.5954, -193.313, -1139.32, 6.16993, -0.0173077, -0.0241514, 1.98759
-1918.57, -1481.42, 19.6958, -164.282, -1162.89, 6.12635, -0.0176266, -0.0247156, 2.08034
-1920.73, -1500.85, 19.796, -132.073, -1185.47, 6.11, -0.017877, -0.0251226, 2.14917
-1922.32, -1520.64, 19.8964, -96.948, -1206.82, 6.12225, -0.0180711, -0.025413, 2.19964
-1923.29, -1540.75, 19.9974, -59.2045, -1226.71, 6.16399, -0.0182187, -0.0256167, 2.23602
-1923.61, -1561.16, 20.0996, -19.0796, -1244.97, 6.23594, -0.0183277, -0.0257557, 2.26151
-1923.23, -1581.84, 20.2035, 23.1845, -1261.43, 6.33847, -0.0184044, -0.0258464, 2.27857
-1922.12, -1602.76, 20.3096, 67.3507, -1275.98, 6.47172, -0.018454, -0.0259009, 2.28908
-1920.27, -1623.88, 20.4184, 113.179, -1288.49, 6.63548, -0.0184806, -0.0259281, 2.29445
-1917.64, -1645.17, 20.5304, 160.451, -1298.9, 6.82947, -0.0184875, -0.0259346, 2.29577
-1914.21, -1666.6, 20.646, 208.961, -1307.12, 7.05321, -0.0184773, -0.0259255, 2.29389
-1909.97, -1688.13, 20.7658, 258.504, -1313.11, 7.30605, -0.0184521, -0.0259044, 2.28945
-1904.91, -1709.71, 20.8902, 308.886, -1316.84, 7.58722, -0.0184135, -0.0258739, 2.28293
-1899.01, -1731.32, 21.0196, 359.923, -1318.29, 7.89585, -0.0183628, -0.0258363, 2.27473
-1892.26, -1752.92, 21.1545, 411.442, -1317.44, 8.23098, -0.0183012, -0.0257928, 2.26515
-1884.67, -1774.47, 21.2954, 463.279, -1314.31, 8.59161, -0.0182294, -0.0257448, 2.25441
-1876.22, -1795.93, 21.4425, 515.28, -1308.9, 8.97666, -0.018148, -0.025693, 2.2427
-1866.92, -1817.26, 21.5964, 567.299, -1301.23, 9.38501, -0.0180577, -0.0256379, 2.23016
-1856.77, -1838.43, 21.7573, 619.199, -1291.34, 9.81551, -0.0179588, -0.0255801, 2.21691
-1845.77, -1859.4, 21.9256, 670.85, -1279.25, 10.267, -0.0178517, -0.0255199, 2.20304
-1833.94, -1880.14, 22.1016, 722.131, -1265.02, 10.7382, -0.0177366, -0.0254575, 2.18863
-1821.27, -1900.6, 22.2857, 772.587, -1248.15, 11.2276, -0.0176137, -0.0253929, 2.17373
-1808.44, -1919.8, 22.4766, 782.818, -1171.53, 11.6474, -0.0174852, -0.0253273, 2.15863
-1795.5, -1937.76, 22.674, 789.257, -1095.4, 12.0361, -0.0175508, -0.0253599, 2.16612
-1782.51, -1954.48, 22.8771, 791.978, -1019.9, 12.3923, -0.0177421, -0.025453, 2.18729
-1769.55, -1969.97, 23.0855, 791.013, -945.176, 12.7142, -0.0180039, -0.0255778, 2.21547
-1756.66, -1984.26, 23.2986, 786.362, -871.438, 12.9999, -0.0182917, -0.0257127, 2.24561
-1743.03, -1998.24, 23.5204, 831.141, -852.473, 13.5249, -0.0185692, -0.025841, 2.27392
-1728.68, -2011.86, 23.7509, 875.247, -831.38, 14.0655, -0.0187712, -0.0259333, 2.294
-1713.62, -2025.11, 23.9906, 918.603, -808.14, 14.621, -0.0189116, -0.025997, 2.30762
-1697.87, -2037.94, 24.2397, 961.123, -782.758, 15.1907, -0.0190017, -0.0260376, 2.31615
-1681.43, -2050.33, 24.4982, 1002.71, -755.25, 15.7734, -0.0190499, -0.0260592, 2.32061
-1664.33, -2062.22, 24.7666, 1043.28, -725.652, 16.3679, -0.0190631, -0.0260651, 2.32181
-1646.58, -2073.6, 25.0448, 1082.71, -694.008, 16.9731, -0.0190465, -0.0260577, 2.32034
-1628.2, -2084.42, 25.3331, 1120.93, -660.377, 17.5874, -0.0190045, -0.0260388, 2.31669
-1609.22, -2094.67, 25.6317, 1157.82, -624.826, 18.2096, -0.0189404, -0.0260097, 2.31123
-1589.66, -2104.3, 25.9405, 1193.3, -587.431, 18.838, -0.0188568, -0.0259716, 2.30424
-1569.54, -2113.29, 26.2597, 1227.28, -548.275, 19.4712, -0.0187559, -0.0259251, 2.29595
-1548.89, -2121.6, 26.5893, 1259.67, -507.447, 20.1077, -0.0186394, -0.025871, 2.28655
-1527.73, -2129.23, 26.9294, 1290.42, -465.042, 20.7459, -0.0185087, -0.0258095, 2.27618
-1506.1, -2136.13, 27.28, 1319.43, -421.158, 21.3844, -0.0183652, -0.0257412, 2.26495
-1484.03, -2142.3, 27.641, 1346.66, -375.897, 22.0218, -0.0182097, -0.0256661, 2.25298
-1461.54, -2147.69, 28.0124, 1372.05, -329.363, 22.6565, -0.0180432, -0.0255845, 2.24034
-1438.66, -2152.31, 28.3942, 1395.54, -281.662, 23.2871, -0.0178664, -0.0254965, 2.2271
-1415.43, -2156.13, 28.7862, 1417.11, -232.901, 23.9124, -0.01768, -0.0254022, 2.21331
-1391.87, -2159.13, 29.1883, 1436.71, -183.188, 24.531, -0.0174846, -0.0253015, 2.19903
-1368.03, -2161.31, 29.6005, 1454.31, -132.632, 25.1416, -0.0172807, -0.0251947, 2.1843
-1343.94, -2162.64, 30.0224, 1469.35, -81.3139, 25.7354, -0.0170688, -0.0250815, 2.16916
-1320.79, -2163.11, 30.4377, 1412.37, -28.8721, 25.3334, -0.0168522, -0.0249636, 2.15383
-1298.6, -2162.78, 30.8456, 1353.6, 20.1481, 24.8831, -0.0169598, -0.0250233, 2.16137
-1277.4, -2161.71, 31.2453, 1293.23, 65.7373, 24.3854, -0.0172684, -0.025198, 2.18281
-1257.21, -2159.94, 31.6362, 1231.38, 107.839, 23.8409, -0.0176833, -0.0254377, 2.21141
-1238.06, -2157.54, 32.0173, 1168.24, 146.35, 23.2496, -0.0181316, -0.025702, 2.24207
-1219.96, -2154.57, 32.388, 1103.96, 181.13, 22.6116, -0.0185573, -0.0259582, 2.27099
-1202.94, -2151.09, 32.7475, 1038.75, 212.017, 21.927, -0.0189172, -0.0261795, 2.29529
-1186.99, -2147.18, 33.0949, 972.818, 238.836, 21.1961, -0.0191784, -0.0263436, 2.31282
-1172.13, -2142.89, 33.4297, 906.424, 261.421, 20.4194, -0.0193156, -0.0264317, 2.322
-1158.36, -2138.31, 33.751, 839.834, 279.622, 19.5982, -0.0195712, -0.0265994, 2.339
-1145.68, -2133.5, 34.0581, 773.279, 293.451, 18.7344, -0.0198394, -0.0267793, 2.35679
-1134.09, -2128.53, 34.3504, 707.01, 302.876, 17.8299, -0.0200356, -0.0269139, 2.36976
-1123.58, -2123.49, 34.6272, 641.306, 307.846, 16.8868, -0.0200959, -0.0269562, 2.37373
-1114.13, -2118.43, 34.888, 576.463, 308.315, 15.9076, -0.0199725, -0.0268677, 2.36561
-1105.72, -2113.44, 35.1322, 512.792, 304.259, 14.8949, -0.0196301, -0.0266162, 2.34307
-1098.34, -2108.6, 35.3592, 450.605, 295.695, 13.8521, -0.0190427, -0.0261748, 2.30442
-1091.94, -2103.96, 35.5688, 390.204, 282.683, 12.7827, -0.0181921, -0.0255205, 2.24842
-1086.5, -2099.61, 35.7604, 331.865, 265.339, 11.6904, -0.0171491, -0.0246994, 2.17967
-1081.98, -2095.62, 35.9339, 275.813, 243.844, 10.5791, -0.0160239, -0.0237927, 2.10538
-1078.33, -2092.04, 36.0888, 222.293, 218.342, 9.4526, -0.014596, -0.0226148, 2.01088
-1075.51, -2088.96, 36.2252, 172.523, 187.889, 8.31537, -0.0114392, -0.019949, 1.80134
-1072.35, -2085.43, 36.3721, 192.286, 215.142, 8.96578, -0.00663283, -0.0157939, 1.48119
-1068.87, -2081.48, 36.5297, 212.826, 240.648, 9.61047, -0.0011873, -0.0109746, 1.11703
-1065.04, -2077.13, 36.6977, 233.048, 265.631, 10.2485, 0.00290138, -0.0072707, 0.842422
-1060.9, -2072.37, 36.8761, 253.009, 290.087, 10.8804, 0.00597039, -0.00442527, 0.635339
-1056.43, -2067.23, 37.0647, 272.734, 314.03, 11.5063, 0.0082735, -0.00224021, 0.479179
-1051.64, -2061.69, 37.2635, 292.224, 337.482, 12.1264, 0.0100015, -0.000562879, 0.361419
-1046.53, -2055.78, 37.4723, 311.476, 360.467, 12.7406, 0.0112979, 0.000724255, 0.272617
-1041.11, -2049.51, 37.6912, 330.48, 383.011, 13.3489, 0.0122703, 0.00171164, 0.205651
-1035.39, -2042.86, 37.9199, 349.226, 405.134, 13.9514, 0.0129997, 0.00246885, 0.155153
-1029.36, -2035.87, 38.1584, 367.707, 426.856, 14.548, 0.0135467, 0.00304937, 0.117072
-1023, -2028.55, 38.4066, 387.789, 446.566, 15.1403, 0.0156618, 0.00534361, -0.0309993
-1016.29, -2020.93, 38.6644, 409.47, 464.272, 15.727, 0.0185468, 0.0085411, -0.234096
-1009.18, -2013.08, 38.9317, 433.799, 479.032, 16.3067, 0.0226581, 0.0131958, -0.525137
-1001.61, -2005.05, 39.2084, 461.428, 490.151, 16.8755, 0.0278621, 0.0192131, -0.895573
-993.557, -1996.88, 39.4941, 491.406, 498.254, 17.4281, 0.0326828, 0.0249034, -1.24055
-984.986, -1988.62, 39.7885, 522.835, 503.903, 17.9597, 0.0364029, 0.0293843, -1.50811
-975.88, -1980.31, 40.0912, 555.502, 507.049, 18.4652, 0.0392812, 0.0329202, -1.7161
-966.221, -1971.98, 40.4017, 589.198, 507.637, 18.9397, 0.0415123, 0.0357138, -1.87798
-955.996, -1963.69, 40.7194, 623.722, 505.62, 19.3785, 0.0432423, 0.0379204, -2.00398
-945.194, -1955.48, 41.0436, 658.873, 500.959, 19.7768, 0.0445817, 0.0396592, -2.10182
-933.81, -1947.39, 41.3736, 694.452, 493.632, 20.1306, 0.0456136, 0.0410218, -2.17738
-921.838, -1939.46, 41.7086, 730.263, 483.632, 20.4358, 0.0464012, 0.0420787, -2.23516
-909.279, -1931.74, 42.0478, 766.112, 470.97, 20.689, 0.0469925, 0.0428845, -2.27859
-897.254, -1924.95, 42.3621, 733.534, 414.153, 19.1765, 0.0474243, 0.0434813, -2.31031
-885.805, -1919.06, 42.6515, 698.384, 359.407, 17.6534, 0.0477632, 0.0439562, -2.33519
-874.975, -1914.02, 42.9159, 660.622, 307.111, 16.1272, 0.0479614, 0.0442374, -2.34973
-864.807, -1909.8, 43.1554, 620.26, 257.639, 14.6063, 0.0479825, 0.0442676, -2.35127
-855.342, -1906.34, 43.3701, 577.362, 211.347, 13.0996, 0.0477984, 0.0440005, -2.33783
-846.62, -1903.57, 43.5605, 532.046, 168.554, 11.6162, 0.0473875, 0.0433988, -2.30792
-838.678, -1901.45, 43.7272, 484.477, 129.535, 10.1652, 0.0467329, 0.0424316, -2.26045
-831.549, -1899.9, 43.8707, 434.862, 94.5056, 8.7551, 0.0458208, 0.0410736, -2.19462
-825.263, -1898.86, 43.9919, 383.437, 63.6143, 7.39379, 0.0448565, 0.0396281, -2.12539
-819.846, -1898.25, 44.0917, 330.468, 36.8797, 6.08676, 0.043729, 0.0379278, -2.04492
-815.317, -1898.02, 44.171, 276.212, 14.3034, 4.83907, 0.0423459, 0.0358315, -1.94684
-810.233, -1897.88, 44.2563, 310.135, 8.73833, 5.20049, 0.0406352, 0.0332272, -1.82638
-804.604, -1897.85, 44.3468, 343.392, 1.52667, 5.51868, 0.0397487, 0.031873, -1.76441
-798.441, -1897.96, 44.4418, 375.911, -6.98778, 5.79949, 0.0391577, 0.0309675, -1.72343
-791.76, -1898.21, 44.5415, 407.557, -14.9531, 6.08179, 0.0373196, 0.0281451, -1.59702
-784.573, -1898.56, 44.6462, 438.389, -21.4261, 6.38798, 0.0341203, 0.0232247, -1.37888
-776.893, -1898.97, 44.757, 468.524, -24.8472, 6.75598, 0.0291027, 0.0154998, -1.0398
-768.727, -1899.42, 44.8739, 498.104, -27.8575, 7.12849, 0.0252841, 0.00961726, -0.784112
-760.085, -1899.93, 44.9969, 527.17, -30.5327, 7.50448, 0.0223776, 0.0051385, -0.591296
-750.974, -1900.47, 45.1261, 555.745, -32.9416, 7.8828, 0.0201651, 0.00172909, -0.445895
-741.403, -1901.04, 45.2616, 583.847, -35.1428, 8.26236, 0.018481, -0.000865939, -0.33625
-731.372, -1901.51, 45.4066, 611.863, -28.7632, 8.84913, 0.0109591, -0.012453, 0.148859
-720.887, -1901.8, 45.5633, 639.615, -17.3959, 9.55748, 0.00308502, -0.0245794, 0.651959
-709.955, -1901.85, 45.7327, 666.879, -3.09355, 10.336, -0.00313738, -0.0341607, 1.0459
-698.586, -1901.62, 45.916, 693.483, 13.9369, 11.1779, -0.00801443, -0.0416715, 1.35192
-686.795, -1901.07, 46.114, 719.248, 33.5803, 12.0786, -0.0118478, -0.047578, 1.59041
-674.598, -1900.16, 46.3277, 743.995, 55.7336, 13.0333, -0.0148674, -0.0522353, 1.77675
-662.016, -1898.84, 46.5578, 767.55, 80.2969, 14.0375, -0.0172489, -0.0559138, 1.92259
-649.069, -1897.08, 46.8051, 789.746, 107.167, 15.0867, -0.0191265, -0.0588198, 2.03674
-635.783, -1894.85, 47.0703, 810.424, 136.235, 16.176, -0.0206028, -0.0611107, 2.1259
-622.186, -1892.11, 47.3539, 829.437, 167.38, 17.3005, -0.0217567, -0.0629071, 2.19515
-608.306, -1888.82, 47.6565, 846.65, 200.472, 18.4553, -0.022649, -0.0643014, 2.24841
-594.176, -1884.96, 47.9783, 861.94, 235.369, 19.6351, -0.0233266, -0.0653649, 2.28865
-579.829, -1880.5, 48.3199, 875.2, 271.92, 20.8346, -0.0238262, -0.0661529, 2.31819
-565.299, -1875.42, 48.6813, 886.339, 309.963, 22.0484, -0.0241764, -0.0667085, 2.33881
-550.622, -1869.7, 49.0628, 895.28, 349.331, 23.2711, -0.0244, -0.0670653, 2.35193
-535.836, -1863.3, 49.4644, 901.964, 389.85, 24.4975, -0.0245149, -0.06725, 2.35866
-520.977, -1856.23, 49.8861, 906.348, 431.343, 25.7222, -0.0245358, -0.0672837, 2.35988
-506.082, -1848.48, 50.3276, 908.626, 473.192, 26.9317, -0.0241835, -0.0667091, 2.33933
-491.171, -1840.05, 50.7882, 909.542, 513.951, 28.0981, -0.0227718, -0.0643868, 2.25707
-476.237, -1831.02, 51.2664, 911.018, 550.632, 29.1685, -0.0186633, -0.0575681, 2.01776
-461.245, -1821.49, 51.7602, 914.517, 581.742, 30.1232, -0.0120353, -0.0464648, 1.63161
-446.166, -1811.51, 52.2683, 919.766, 608.608, 30.9928, -0.00515417, -0.0348251, 1.23047
-430.992, -1801.13, 52.7899, 925.654, 633.39, 31.8192, 2.97357e-05, -0.0259686, 0.92797
-415.709, -1790.37, 53.3245, 932.233, 656.294, 32.6084, 0.00393397, -0.0192304, 0.699858
-401.301, -1780.01, 53.8321, 878.922, 631.704, 30.9645, 0.00687382, -0.0141042, 0.52784
-387.74, -1770.1, 54.312, 827.183, 604.894, 29.2757, 0.00908715, -0.0102048, 0.398122
-375.006, -1760.65, 54.7637, 776.786, 576.254, 27.5489, 0.0107533, -0.00723884, 0.300304
-363.08, -1751.7, 55.1865, 727.513, 546.121, 25.7897, 0.0120074, -0.00498302, 0.226539
-351.946, -1743.26, 55.5799, 679.167, 514.781, 24.0027, 0.0129514, -0.00326745, 0.170914
-341.592, -1735.35, 55.9437, 631.58, 482.468, 22.1917, 0.0136618, -0.00196284, 0.128967
-332.008, -1727.98, 56.2775, 584.606, 449.376, 20.3599, 0.0141965, -0.000970824, 0.0973358
-323.187, -1721.17, 56.581, 538.126, 415.662, 18.5098, 0.0145989, -0.000216553, 0.0734827
-315.12, -1714.91, 56.8538, 492.043, 381.451, 16.6433, 0.0149017, 0.000356912, 0.0554952
-307.804, -1709.23, 57.0958, 446.278, 346.845, 14.7622, 0.0151295, 0.000792881, 0.0419311
-301.234, -1704.11, 57.3067, 400.767, 311.923, 12.8678, 0.015301, 0.0011243, 0.0317024
-295.407, -1699.58, 57.4864, 355.461, 276.748, 10.961, 0.01543, 0.00137622, 0.0239891
-290.32, -1695.62, 57.6347, 310.32, 241.37, 9.04274, 0.0155271, 0.00156771, 0.0181725
-285.971, -1692.25, 57.7513, 265.312, 205.827, 7.11367, 0.0156002, 0.00171325, 0.0137863
-282.357, -1689.46, 57.8361, 220.414, 170.15, 5.17428, 0.0156552, 0.00182385, 0.0104787
-279.478, -1687.25, 57.889, 175.606, 134.361, 3.22497, 0.0156966, 0.00190791, 0.00798444
-277.333, -1685.64, 57.9097, 130.876, 98.4781, 1.26602, 0.0157277, 0.00197178, 0.00610355
-275.92, -1684.61, 57.8982, 86.213, 62.5127, -0.70236, 0.0157511, 0.00202032, 0.00468519
-275.237, -1684.18, 57.8543, 41.6103, 26.4734, -2.68004, 0.0157687, 0.0020572, 0.00361562
-275.286, -1684.34, 57.7778, -2.93569, -9.63526, -4.66698, 0.015782, 0.00208522, 0.00280906
-275.655, -1684.76, 57.6869, -22.5422, -25.5545, -5.54586, 0.015792, 0.0021065, 0.00220084
-276.341, -1685.43, 57.5817, -41.8513, -41.1853, -6.41314, 0.0157995, 0.00212267, 0.00174219
-277.337, -1686.36, 57.4625, -60.7415, -56.674, -7.2719, 0.0156107, 0.00171217, 0.0132998
-278.636, -1687.54, 57.3294, -79.254, -71.9823, -8.12139, 0.0153265, 0.00108839, 0.0307345
-280.232, -1688.97, 57.1824, -97.321, -87.1932, -8.96345, 0.0148558, 4.56319e-05, 0.0596695
-281.094, -1689.81, 57.0688, -52.6229, -51.273, -6.93416, 0.0143871, -0.00100246, 0.0885446
-281.225, -1690.06, 56.9885, -7.99763, -15.2634, -4.89507, 0.0141432, -0.00155318, 0.103609
-280.629, -1689.72, 56.9419, 36.3933, 21.0321, -2.84154, 0.0143864, -0.000999039, 0.0885578
-279.564, -1689, 56.9168, 64.9397, 43.9327, -1.53229, 0.0153369, 0.00118717, 0.0295931
-278.032, -1687.92, 56.9127, 93.4581, 65.925, -0.252518, 0.0168124, 0.00461247, -0.0621492
-276.028, -1686.5, 56.9289, 122.231, 86.6775, 0.989372, 0.0189699, 0.00966769, -0.196612
-273.548, -1684.76, 56.9648, 151.33, 106.104, 2.19059, 0.0215418, 0.0157493, -0.357264
-270.583, -1682.72, 57.0197, 180.836, 124.084, 3.34723, 0.0243503, 0.0224509, -0.53309
-267.129, -1680.42, 57.0928, 210.7, 140.646, 4.45882, 0.0270763, 0.0290139, -0.704111
-263.179, -1677.86, 57.1833, 240.961, 155.687, 5.52137, 0.0296779, 0.0353321, -0.867644
-258.726, -1675.09, 57.2904, 271.638, 169.112, 6.53073, 0.0321264, 0.0413292, -1.02182
-253.763, -1672.13, 57.413, 302.733, 180.83, 7.48266, 0.034403, 0.0469511, -1.16539
-248.284, -1669, 57.5503, 334.229, 190.756, 8.37281, 0.0364959, 0.05216, -1.29754
-242.282, -1665.74, 57.7011, 366.095, 198.813, 9.19678, 0.0383984, 0.0569307, -1.41776
-235.753, -1662.38, 57.8642, 398.284, 204.928, 9.95019, 0.0401075, 0.0612469, -1.52582
-228.692, -1658.95, 58.0384, 430.734, 209.041, 10.6287, 0.0416229, 0.0650991, -1.62163
-221.095, -1655.49, 58.2225, 463.373, 211.097, 11.2283, 0.0429458, 0.0684832, -1.70525
-212.962, -1652.03, 58.415, 496.117, 211.056, 11.7451, 0.0441224, 0.0715099, -1.77956
-204.292, -1648.61, 58.6146, 528.88, 208.877, 12.1752, 0.0452677, 0.0744713, -1.85181
-195.086, -1645.26, 58.8198, 561.583, 204.482, 12.5132, 0.0463639, 0.0773189, -1.92084
-185.346, -1642.01, 59.0288, 594.138, 197.803, 12.7542, 0.0473986, 0.0800175, -1.98584
-175.076, -1638.92, 59.2402, 626.443, 188.784, 12.893, 0.0483633, 0.0825423, -2.04629
-165.586, -1636.45, 59.4127, 578.917, 150.418, 10.5195, 0.0492525, 0.0848759, -2.10181
-156.901, -1634.57, 59.5474, 529.804, 114.675, 8.21871, 0.049586, 0.0857533, -2.12256
-149.051, -1633.21, 59.6466, 478.843, 83.0479, 6.05064, 0.0485707, 0.0830783, -2.05967
-142.065, -1632.29, 59.713, 426.118, 56.318, 4.05158, 0.0462356, 0.0769198, -1.91574
-135.967, -1631.73, 59.7493, 372.008, 34.1673, 2.21577, 0.0433693, 0.0693571, -1.74
-130.773, -1631.46, 59.7582, 316.824, 16.3445, 0.539149, 0.0400917, 0.0607099, -1.5402
-126.495, -1631.43, 59.7415, 260.933, 1.86018, -1.01372, 0.0371036, 0.0528308, -1.35916
-123.148, -1631.54, 59.7032, 204.2, -6.85877, -2.33772, 0.0315518, 0.0382054, -1.02495
-120.734, -1631.77, 59.6445, 147.217, -13.5275, -3.58406, 0.0273372, 0.0271166, -0.772931
-119.257, -1632.07, 59.5661, 90.0973, -18.8299, -4.78038, 0.0241373, 0.0187098, -0.582883
-118.718, -1632.46, 59.4686, 32.9048, -23.276, -5.9478, 0.0217074, 0.0123367, -0.43957
-119.117, -1632.9, 59.3522, -24.323, -27.2481, -7.10249, 0.0198622, 0.00750552, -0.3315
-119.924, -1633.37, 59.2276, -49.2506, -28.7856, -7.60021, 0.0184609, 0.00384341, -0.250005
-121.134, -1633.87, 59.0951, -73.788, -30.0714, -8.0832, 0.0173967, 0.00106756, -0.188551
-122.739, -1634.38, 58.9549, -97.9425, -31.1083, -8.55152, 0.0165885, -0.00103642, -0.142209
-124.735, -1634.9, 58.8074, -121.722, -31.6362, -8.99326, 0.0162742, -0.00185322, -0.12431
-125.792, -1635.34, 58.68, -64.5156, -27.1496, -7.77568, 0.0166206, -0.000954902, -0.143896
-125.912, -1635.72, 58.5722, -7.27679, -23.2199, -6.57506, 0.0167899, -0.000516623, -0.153404
-125.092, -1636.05, 58.4834, 50.0142, -20.2977, -5.41211, 0.0162494, -0.00191275, -0.123267
-123.675, -1636.34, 58.4077, 86.4068, -17.461, -4.62274, 0.0146405, -0.00606019, -0.0341847
-121.673, -1636.56, 58.3456, 122.147, -13.4549, -3.7853, 0.0122962, -0.0120911, 0.094714
-119.095, -1636.69, 58.2982, 157.228, -8.07639, -2.88997, 0.00934619, -0.0196652, 0.255803
-115.954, -1636.72, 58.2664, 191.649, -1.4285, -1.94122, 0.00626436, -0.0275628, 0.422952
-112.259, -1636.61, 58.2511, 225.387, 6.57724, -0.934867, 0.00315582, -0.0355146, 0.590426
-108.022, -1636.35, 58.2533, 258.409, 16.0139, 0.132349, 9.75854e-05, -0.0433248, 0.754115
-103.257, -1635.91, 58.274, 290.672, 26.9389, 1.26278, -0.00285445, -0.0508527, 0.911119
-97.9767, -1635.26, 58.3143, 322.12, 39.3958, 2.45795, -0.00566025, -0.0579987, 1.05943
-92.1948, -1634.38, 58.3752, 352.692, 53.4153, 3.71858, -0.00829152, -0.0646936, 1.1977
-85.9273, -1633.25, 58.4579, 382.318, 69.0169, 5.04473, -0.0107287, -0.0708903, 1.32504
-79.1909, -1631.84, 58.5634, 410.921, 86.2092, 6.43581, -0.0129587, -0.0765579, 1.44094
-72.0037, -1630.12, 58.6928, 438.42, 104.99, 7.89061, -0.0149733, -0.0816776, 1.54512
-64.3852, -1628.06, 58.847, 464.732, 125.348, 9.40733, -0.0167677, -0.086239, 1.63747
-57.7408, -1625.97, 58.9839, 405.309, 127.49, 8.35406, -0.0183399, -0.0902385, 1.71804
-52.0651, -1623.9, 59.1012, 346.217, 126.578, 7.15076, -0.0190911, -0.0921513, 1.75638
-47.3494, -1621.89, 59.196, 287.654, 122.357, 5.7876, -0.0190391, -0.0920188, 1.75374
-43.5818, -1620.01, 59.2659, 229.822, 114.679, 4.25979, -0.0181976, -0.0898688, 1.71108
-40.7473, -1618.32, 59.308, 172.906, 103.502, 2.56765, -0.0165767, -0.0857184, 1.62914
-38.8283, -1616.86, 59.3197, 117.059, 88.8936, 0.716295, -0.0141838, -0.0795755, 1.50849
-37.8057, -1615.69, 59.2986, 62.3804, 71.0256, -1.28477, -0.0110237, -0.071439, 1.34948
-37.6597, -1614.87, 59.2425, 8.90653, 50.1706, -3.42212, -0.00709854, -0.0612999, 1.15235
-38.3712, -1614.43, 59.1494, -43.4002, 26.6823, -5.67943, -0.00239289, -0.0491022, 0.916388
-39.4532, -1614.17, 59.04, -66.0043, 16.2174, -6.67451, 0.00269503, -0.0358648, 0.661597
-40.8936, -1614.08, 58.9139, -87.8628, 5.08982, -7.69255, 0.00594632, -0.027373, 0.49897
-41.4927, -1613.58, 58.8266, -36.5488, 30.6554, -5.32396, 0.00840063, -0.0209374, 0.376335
-41.2557, -1612.65, 58.7787, 14.4573, 56.8232, -2.92212, 0.0102531, -0.0160602, 0.283858
-40.4839, -1611.45, 58.756, 47.0802, 73.4722, -1.3856, 0.0116513, -0.012364, 0.214122
-39.1843, -1609.98, 58.758, 79.279, 89.6363, 0.121474, 0.0127065, -0.00956303, 0.161535
-37.3633, -1608.25, 58.7842, 111.077, 105.296, 1.59824, 0.0135029, -0.00744043, 0.12188
-35.0275, -1606.28, 58.8341, 142.483, 120.46, 3.04503, 0.0141039, -0.00583196, 0.091976
-32.1834, -1604.06, 58.9073, 173.492, 135.156, 4.46301, 0.0145574, -0.00461312, 0.0694262
-28.8376, -1601.61, 59.0033, 204.096, 149.422, 5.85381, 0.0148996, -0.00368955, 0.0524216
-24.9969, -1598.93, 59.1216, 234.28, 163.304, 7.21933, 0.0151578, -0.00298973, 0.0395987
-20.6685, -1596.03, 59.262, 264.031, 176.847, 8.56155, 0.0153527, -0.00245947, 0.0299291
-15.8598, -1592.92, 59.424, 293.335, 190.094, 9.88244, 0.0154998, -0.00205769, 0.0226374
-10.5781, -1589.59, 59.6073, 322.178, 203.087, 11.1838, 0.0156107, -0.00175328, 0.0171388
-4.83139, -1586.05, 59.8117, 350.552, 215.862, 12.4674, 0.0156945, -0.00152263, 0.0129924
1.3806, -1582.32, 60.0362, 378.932, 227.559, 13.6947, 0.0168413, 0.00164908, -0.0437593
8.06695, -1578.43, 60.2791, 407.867, 237.172, 14.8196, 0.0197546, 0.00973899, -0.187836
15.2456, -1574.44, 60.5381, 437.897, 243.673, 15.7939, 0.0247066, 0.0235444, -0.43256
22.9387, -1570.4, 60.81, 469.28, 246.451, 16.5869, 0.0312082, 0.0417406, -0.753623
31.1535, -1566.35, 61.093, 501.102, 247, 17.2631, 0.0367215, 0.0572287, -1.02565
39.8934, -1562.32, 61.3853, 533.137, 245.529, 17.8289, 0.0411496, 0.069712, -1.24389
49.1608, -1558.36, 61.6849, 565.306, 241.939, 18.2762, 0.0448177, 0.0800864, -1.42444
58.9565, -1554.49, 61.9897, 597.541, 236.1, 18.5951, 0.047978, 0.0890509, -1.57975
69.2794, -1550.75, 62.2976, 629.699, 228.02, 18.7823, 0.0506481, 0.0966448, -1.71072
80.1258, -1547.18, 62.6064, 661.63, 217.741, 18.836, 0.0528363, 0.102882, -1.81781
91.4899, -1543.81, 62.9138, 693.209, 205.246, 18.7521, 0.0546366, 0.108023, -1.90569
103.364, -1540.69, 63.2174, 724.34, 190.432, 18.5213, 0.056214, 0.112533, -1.98246
115.739, -1537.85, 63.5149, 754.869, 173.371, 18.144, 0.0575082, 0.116237, -2.04524
128.603, -1535.32, 63.8037, 784.664, 154.08, 17.6174, 0.0585667, 0.119268, -2.09639
141.94, -1533.15, 64.0814, 813.594, 132.589, 16.9398, 0.0594258, 0.121729, -2.13773
155.736, -1531.37, 64.3453, 841.567, 108.726, 16.0978, 0.0603086, 0.124256, -2.18003
169.973, -1530.01, 64.5928, 868.416, 82.7066, 15.1, 0.0609962, 0.126222, -2.2128
184.629, -1529.12, 64.8214, 894.022, 54.4953, 13.9408, 0.0616157, 0.127992, -2.24218
199.682, -1528.72, 65.0281, 918.259, 24.0354, 12.6131, 0.0622649, 0.129843, -2.27279
215.108, -1528.86, 65.2105, 940.985, -8.51422, 11.1224, 0.0628207, 0.131423, -2.29884
230.88, -1529.57, 65.3659, 962.074, -42.9446, 9.4779, 0.0631895, 0.13247, -2.31601
246.969, -1530.86, 65.4918, 981.418, -79.1205, 7.68445, 0.0634006, 0.133067, -2.32578
262.064, -1532.65, 65.5661, 920.79, -109.054, 4.52784, 0.0634768, 0.133281, -2.32927
276.149, -1534.87, 65.5915, 859.222, -135.456, 1.55192, 0.0637251, 0.133978, -2.34059
289.213, -1537.47, 65.5714, 796.916, -158.142, -1.22651, 0.06399, 0.134718, -2.35258
301.248, -1540.37, 65.5093, 734.102, -176.914, -3.78924, 0.0641519, 0.135168, -2.35984
312.248, -1543.51, 65.409, 671.033, -191.581, -6.11779, 0.0641181, 0.135074, -2.35833
322.215, -1546.82, 65.2747, 607.986, -201.978, -8.19447, 0.0638164, 0.134245, -2.34502
331.154, -1550.23, 65.1107, 545.256, -207.978, -10.0034, 0.0631905, 0.132534, -2.31764
339.074, -1553.66, 64.9216, 483.147, -209.504, -11.5316, 0.0621958, 0.129832, -2.27452
345.992, -1557.05, 64.7123, 421.957, -206.536, -12.7694, 0.0607968, 0.126056, -2.21441
351.926, -1560.31, 64.4875, 361.971, -199.118, -13.7116, 0.0591738, 0.121707, -2.14533
356.9, -1563.38, 64.2521, 303.428, -187.384, -14.3595, 0.0573673, 0.1169, -2.06915
360.941, -1566.19, 64.0108, 246.527, -171.514, -14.7183, 0.0551979, 0.11117, -1.97854
364.08, -1568.68, 63.7683, 191.446, -151.703, -14.7945, 0.0525252, 0.104165, -1.86797
366.347, -1570.78, 63.529, 138.321, -128.175, -14.5976, 0.0492385, 0.0956166, -1.73331
367.777, -1572.44, 63.2971, 87.2322, -101.198, -14.1413, 0.0452484, 0.0853216, -1.57141
368.404, -1573.61, 63.0768, 38.1877, -71.0877, -13.444, 0.0404818, 0.0731219, -1.37987
