998.273132,-1851.92627,17.01,-1443.983032,433.149689,8.11,-104,32643,-8,0.012033,0.004967,-0.847135,0,0,0,1,100,0.,-0.999969,-0.259827,-0.999969,0.,0,1,0
974.397095,-1844.852783,17.01,-1460.684814,426.230804,8.11,-104,32492,-8,0.01213,0.00477,-0.92486,0,0,0,1,100,0.,-0.999969,-0.259827,-0.999969,0.,0,1,0
950.250183,-1837.882812,17.01,-1477.371216,420.355194,8.11,-104,32329,-8,0.012227,0.004573,-1.003966,0,0,0,1,100,0.,-0.999969,-0.2677,-0.999969,0.,0,1,0
925.832458,-1831.007324,17.01,-1494.016602,415.604553,8.11,-104,32150,-8,0.012323,0.004377,-1.084619,0,0,0,1,100,0.,-0.999969,-0.259827,-0.999969,0.,0,1,0
901.143982,-1824.197144,17.01,-1510.578003,412.064056,8.11,-104,31955,-8,0.01242,0.00418,-1.16694,0,0,0,1,100,0.,-0.999969,-0.259827,-0.999969,0.,0,1,0
876.184631,-1817.443237,17.01,-1527.009766,409.836975,8.11,-104,31750,-8,0.012517,0.003983,-1.250735,0,0,0,1,100,0.,-0.999969,-0.259827,-0.999969,0.,0,1,0
850.954468,-1810.71521,17.01,-1543.272705,408.966797,8.11,-104,31532,-8,0.0126,0.003786,-1.335356,0,0,0,1,100,0.,-0.866089,-0.259827,-0.866089,0.,0,1,0
825.453491,-1803.987305,17.01,-1559.309937,409.513519,8.11,-104,31299,-8,0.0127,0.00349,-1.420023,0,0,0,1,100,0.,-0.385803,-0.212585,-0.385803,0.,0,1,0
799.692383,-1797.248047,17.01,-1575.203369,411.222839,8.11,-104,31051,-8,0.0127,0.003286,-1.494484,0,0,0,1,100,0.,-0.173218,-0.157471,-0.173218,0.,0,1,0
773.669373,-1790.470093,17.01,-1591.279053,413.100189,8.11,-104,30787,-8,0.012392,0.002996,-1.52663,0,0,0,1,100,0.,0.110229,0.,0.110229,0.,0,1,0
747.385681,-1783.65332,17.01,-1607.498901,415.147095,8.11,-104,30519,-8,0.011899,0.0028,-1.513639,0,0,0,1,100,0.,0.2677,-0.102356,0.2677,0.,0,1,0
720.838745,-1776.807617,17.01,-1623.560913,417.835297,8.11,-104,30260,-8,0.011408,0.0027,-1.469699,0,0,0,1,100,0.,0.314941,-0.102356,0.314941,0.,0,1,0
694.020691,-1769.913208,17.01,-1639.442505,420.881836,8.11,-104,30012,-8,0.011006,0.002506,-1.390512,0,0,0,1,100,0.,0.409424,-0.102356,0.409424,0.,0,1,0
666.950867,-1762.961182,17.01,-1654.976562,425.213623,8.11,-104,29771,-8,0.010809,0.002309,-1.306457,0,0,0,1,100,0.,0.425171,-0.102356,0.425171,0.,0,1,0
639.629578,-1755.923462,17.01,-1670.162354,430.634827,8.11,-104,29546,-8,0.0107,0.002113,-1.215947,0,0,0,1,100,0.,0.425171,-0.102356,0.425171,0.,0,1,0
612.065186,-1748.799072,17.01,-1684.954712,437.298859,8.11,-104,29337,-8,0.0107,0.001916,-1.12718,0,0,0,1,100,0.,0.299194,-0.102356,0.299194,0.,0,1,0
584.25061,-1741.559814,17.01,-1699.34082,445.138,8.11,-104,29142,-8,0.0107,0.001719,-1.042416,0,0,0,1,100,0.,0.125977,-0.102356,0.125977,0.,0,1,0
556.202332,-1734.179077,17.01,-1713.161011,454.592316,8.11,-104,28964,-8,0.010878,0.001522,-0.977886,0,0,0,1,100,0.,0.,0.,0.,0.,0,1,0
527.939331,-1726.63623,17.01,-1726.268799,465.724121,8.11,-104,28798,-8,0.011174,0.001226,-0.939882,0,0,0,1,100,0.,0.,0.,0.,0.,0,1,0
499.463531,-1718.9021,17.01,-1738.712158,478.180847,8.11,-104,28632,-8,0.011471,0.00029,-0.920554,0,0,0,1,100,0.,0.,0.,0.,0.,0,1,0
470.781708,-1710.957642,17.01,-1750.698975,491.421234,8.11,-104,28474,-8,0.011668,0.,-0.904116,0,0,0,1,100,0.,0.,0.,0.,0.,0,1,0
441.906433,-1702.794067,17.01,-1762.270264,505.325134,8.11,-104,28316,-8,0.0117,0.,-0.889032,0,0,0,1,100,0.,0.,0.,0.,0.,0,1,0
412.843842,-1694.398315,17.01,-1773.39978,519.880615,8.11,-104,28162,-8,0.0117,0.,-0.875142,0,0,0,1,100,0.,-0.110229,0.,-0.110229,0.,0,1,0
383.607147,-1685.754761,17.01,-1784.100342,535.037109,8.11,-104,28012,-8,0.0117,0.,-0.862412,0,0,0,1,100,0.,-0.13385,0.,-0.13385,0.,0,1,0
354.19635,-1676.854126,17.01,-1794.148682,551.061279,8.11,-104,27862,-8,0.011855,0.,-0.861118,0,0,0,1,100,0.,-0.13385,0.,-0.13385,0.,0,1,0
324.626556,-1667.682739,17.01,-1803.662109,567.723206,8.11,-104,27713,-8,0.0119,0.,-0.864326,0,0,0,1,100,0.,-0.13385,0.,-0.13385,0.,0,1,0
294.902069,-1658.240479,17.01,-1812.726929,584.896301,8.11,-104,27563,-8,0.0119,0.,-0.868457,0,0,0,1,100,0.,0.,0.,0.,0.,0,1,0
265.027252,-1648.512939,17.01,-1821.336792,602.5578,8.11,-104,27414,-8,0.0119,0.,-0.872974,0,0,0,1,100,0.,0.,0.,0.,0.,0,1,0
235.017044,-1638.495239,17.01,-1829.772339,620.385803,8.11,-104,27264,-8,0.0118,0.,-0.866592,0,0,0,1,100,0.,0.,0.,0.,0.,0,1,0
204.871399,-1628.183594,17.01,-1837.822998,638.597595,8.11,-104,27115,-8,0.0118,0.,-0.857895,0,0,0,1,100,0.,0.,0.,0.,0.,0,1,0
174.600372,-1617.562378,17.01,-1845.409302,657.270203,8.11,-104,26965,-8,0.0118,0.,-0.849973,0,0,0,1,100,0.,0.,0.,0.,0.,0,1,0
144.197083,-1606.631592,17.01,-1852.518311,676.374573,8.11,-104,26816,-8,0.0117,0.,-0.842824,0,0,0,1,100,0.,0.,0.,0.,0.,0,1,0
113.680573,-1595.391357,17.01,-1859.143677,695.901611,8.11,-104,26666,-8,0.0117,0.,-0.836449,0,0,0,1,100,0.,0.,0.,0.,0.,0,1,0
83.067337,-1583.829102,17.01,-1865.282837,715.822449,8.11,-104,26518,-8,0.0116,0.,-0.830822,0,0,0,1,100,0.,0.,0.,0.,0.,0,1,0
52.357384,-1571.935791,17.01,-1870.933472,736.115784,8.11,-104,26376,-8,0.0116,0.,-0.825776,0,0,0,1,100,0.,0.,0.,0.,0.,0,1,0
21.560699,-1559.706299,17.01,-1876.119751,756.745483,8.11,-104,26235,-8,0.011581,0.,-0.821311,0,0,0,1,100,0.,0.204712,0.,0.204712,0.,0,1,0
-9.331179,-1547.13623,17.01,-1880.841919,777.702515,8.11,-104,26093,-8,0.0115,0.,-0.817425,0,0,0,1,100,0.,0.291321,0.,0.291321,0.,0,1,0
-40.289238,-1534.218018,17.01,-1885.475708,798.639038,8.099999,-104,25951,-8,0.011388,0.,-0.800238,0,0,0,1,100,0.,0.307068,0.,0.307068,0.,0,1,0
-71.3162,-1520.952393,17.01,-1890.009888,819.583679,8.099999,-104,25810,-8,0.011191,0.,-0.770789,0,0,0,1,100,0.,0.393677,0.,0.393677,0.,0,1,0
-102.42054,-1507.357544,17.01,-1894.20752,840.729431,8.099999,-104,25677,-8,0.011,0.,-0.738209,0,0,0,1,100,0.,0.637756,0.,0.637756,0.,0,1,0
-133.592041,-1493.404053,17.01,-1898.140869,861.99408,8.099999,-104,25551,-8,0.0109,0.,-0.700758,0,0,0,1,100,0.,0.803101,0.125977,0.803101,0.,0,1,0
-164.83168,-1479.092163,17.01,-1902.165405,883.021912,8.099999,-104,25429,-8,0.010702,0.,-0.645401,0,0,0,1,100,0.,0.850342,0.157471,0.850342,0.,0,1,0
-196.129593,-1464.449463,17.01,-1906.622803,903.441528,8.099999,-104,25322,-8,0.010404,0.,-0.559683,0,0,0,1,100,0.,0.858215,0.212585,0.858215,0.,0,1,0
-227.504745,-1449.468018,17.01,-1910.90564,923.909241,8.099999,-104,25228,-8,0.0103,0.,-0.471601,0,0,0,1,100,0.,0.858215,0.212585,0.858215,0.,0,1,0
-258.948364,-1434.148804,17.01,-1914.948608,944.510864,8.099999,-104,25144,-8,0.0103,0.,-0.385265,0,0,0,1,100,0.,0.842468,0.212585,0.842468,0.,0,1,0
-290.458618,-1418.48999,17.01,-1918.813843,965.19281,8.099999,-104,25077,-8,0.0103,0.,-0.30132,0,0,0,1,100,0.,0.763733,0.196838,0.763733,0.,0,1,0
-322.028015,-1402.493896,17.01,-1922.522583,985.952759,8.099999,-104,25024,-8,0.0103,0.,-0.221274,0,0,0,1,100,0.,0.692871,0.13385,0.692871,0.,0,1,0
-353.655426,-1386.14978,17.01,-1925.976196,1006.898254,8.099999,-104,24987,-8,0.0103,0.,-0.151934,0,0,0,1,100,0.,0.598389,0.,0.598389,0.,0,1,0
-385.340881,-1369.45752,17.01,-1929.258057,1027.949951,8.099999,-104,24959,-8,0.0103,0.,-0.092119,0,0,0,1,100,0.,0.5354,0.,0.5354,0.,0,1,0
-417.077087,-1352.434082,17.01,-1932.355225,1049.116211,8.099999,-104,24942,-8,0.010473,-0.001509,-0.043717,0,0,0,1,100,0.,0.299194,0.,0.299194,0.,0,1,0
-448.868896,-1335.065063,17.01,-1935.40625,1070.26062,8.099999,-104,24933,-8,0.010669,-0.002408,-0.003016,1,0,0,1,100,0.,0.,0.,0.,0.,0,1,0
-480.702179,-1317.341187,17.01,-1937.972534,1091.748657,8.099999,-104,24932,-8,0.010966,-0.003032,0.013226,1,0,0,1,100,0.,0.,0.,0.,0.,0,1,0
-512.574097,-1299.255981,17.01,-1939.853149,1113.611084,8.099999,-104,24932,-8,0.011263,-0.003526,-0.000263,1,0,0,1,100,0.,0.,0.,0.,0.,0,1,0
-544.484741,-1280.822632,17.01,-1941.873047,1135.260498,8.099999,-104,24930,-8,0.01146,-0.00376,-0.015366,1,0,0,1,100,0.,-0.13385,0.,-0.13385,0.,0,1,0
-576.434082,-1262.0354,17.01,-1944.098389,1156.689819,8.099999,-104,24922,-8,0.0115,-0.0038,-0.029852,1,0,0,1,100,0.,-0.283447,0.,-0.283447,0.,0,1,0
-608.416809,-1242.885986,17.01,-1946.146484,1178.135132,8.099999,-104,24914,-8,0.011653,-0.003953,-0.055001,1,0,0,1,100,0.,-0.417297,0.,-0.417297,0.,0,1,0
-640.423828,-1223.388306,17.01,-1947.91748,1199.639038,8.099999,-104,24900,-8,0.0118,-0.0041,-0.093093,1,0,0,1,100,0.,-0.574768,0.,-0.574768,0.,0,1,0
-672.464905,-1203.54248,17.01,-1947.907593,1220.262329,8.095356,-104,24878,-8,0.0119,-0.004246,-0.142581,1,0,0,1,100,0.,-0.692871,0.,-0.692871,0.,0,1,0
-704.465149,-1183.375732,17.01,-1939.659546,1235.97876,8.065683,-104,24847,-8,0.012043,-0.004443,-0.205314,1,0,0,1,100,0.,-0.740112,0.,-0.740112,0.,0,1,0
-736.321289,-1162.962036,17.01,-1930.031616,1250.9552,8.046012,-104,24806,-8,0.01224,-0.00464,-0.277537,1,0,0,1,100,0.,-0.755859,0.,-0.755859,0.,0,1,0
-768.022705,-1142.300537,17.01,-1920.314331,1265.829102,8.04,-104,24752,-8,0.0124,-0.004837,-0.353257,1,0,0,1,100,0.,-0.755859,0.,-0.755859,0.,0,1,0
-799.56604,-1121.393677,17.01,-1910.496826,1280.593018,8.04,-104,24684,-8,0.0124,-0.005033,-0.429132,1,0,0,1,100,0.,-0.771606,0.,-0.771606,0.,0,1,0
-830.938232,-1100.248291,17.01,-1900.576294,1295.265869,8.04,-104,24607,-8,0.0124,-0.0052,-0.503639,1,0,0,1,100,0.,-0.77948,0.,-0.77948,0.,0,1,0
-862.153015,-1078.858154,17.01,-1890.503052,1309.927368,8.04,-104,24514,-8,0.0124,-0.0053,-0.57756,1,0,0,1,100,0.,-0.77948,0.,-0.77948,0.,0,1,0
-893.196106,-1057.228882,17.01,-1880.224609,1324.644653,8.04,-104,24407,-8,0.0124,-0.005423,-0.650623,1,0,0,1,100,0.,-0.77948,0.,-0.77948,0.,0,1,0
-924.072327,-1035.355347,17.01,-1869.702026,1339.450562,8.04,-104,24291,-8,0.01238,-0.00552,-0.722139,1,0,0,1,100,0.,-0.77948,0.,-0.77948,0.,0,1,0
-954.774475,-1013.240417,17.01,-1858.912964,1354.386108,8.04,-104,24160,-8,0.012283,-0.005617,-0.79203,1,0,0,1,100,0.,-0.77948,0.,-0.77948,0.,0,1,0
-985.301208,-990.875366,17.01,-1847.811523,1369.499023,8.04,-104,24022,-8,0.012186,-0.005814,-0.860373,1,0,0,1,100,0.,-0.77948,0.,-0.77948,0.,0,1,0
-1015.63446,-968.266052,17.01,-1836.349854,1384.828491,8.04,-104,23868,-8,0.01209,-0.006,-0.927169,1,0,0,1,100,0.,-0.77948,0.,-0.77948,0.,0,1,0
-1045.77417,-945.396667,17.01,-1824.490479,1400.410156,8.04,-104,23706,-8,0.0119,-0.006107,-0.992418,1,0,0,1,100,0.,-0.77948,0.,-0.77948,0.,0,1,0
-1075.720703,-922.265808,17.01,-1812.213867,1416.273438,8.04,-104,23528,-8,0.0118,-0.006304,-1.056123,1,0,0,1,100,0.,-0.787354,0.,-0.787354,0.,0,1,0
-1105.463501,-898.883362,17.01,-1799.453003,1432.436401,8.04,-104,23343,-8,0.011699,-0.006501,-1.118473,1,0,0,1,100,0.,-0.787354,0.,-0.787354,0.,0,1,0
-1134.992188,-875.228271,17.01,-1786.185669,1448.950195,8.04,-104,23147,-8,0.0116,-0.006697,-1.179751,1,0,0,1,100,0.,-0.787354,0.,-0.787354,0.,0,1,0
-1164.297852,-851.301941,17.01,-1772.385376,1465.793335,8.04,-104,22938,-8,0.011406,-0.006894,-1.239976,1,0,0,1,100,0.,-0.787354,0.,-0.787354,0.,0,1,0
-1193.381592,-827.085693,17.01,-1758.025513,1482.985352,8.04,-104,22722,-8,0.011209,-0.007091,-1.298845,1,0,0,1,100,0.,-0.787354,0.,-0.787354,0.,0,1,0
-1222.214478,-802.589294,17.01,-1743.085449,1500.523926,8.04,-104,22495,-8,0.011113,-0.007287,-1.356447,1,0,0,1,100,0.,-0.787354,0.,-0.787354,0.,0,1,0
-1250.805908,-777.802734,17.01,-1727.528198,1518.411377,8.04,-104,22256,-8,0.010916,-0.007484,-1.412888,1,0,0,1,100,0.,-0.787354,0.,-0.787354,0.,0,1,0
-1279.127808,-752.725952,17.01,-1711.33374,1536.638916,8.04,-104,22008,-8,0.010719,-0.007681,-1.468168,1,0,0,1,100,0.,-0.787354,0.,-0.787354,0.,0,1,0
-1307.178833,-727.341309,17.01,-1694.483154,1555.195435,8.047762,-104,21753,-8,0.010522,-0.007878,-1.522288,1,0,0,1,100,0.,-0.787354,0.,-0.787354,0.,0,1,0
-1334.951538,-701.647095,17.01,-1676.967407,1574.063354,8.05,-104,21487,-8,0.010326,-0.008074,-1.575248,1,0,0,1,100,0.,-0.787354,0.,-0.787354,0.,0,1,0
-1362.434692,-675.642944,17.01,-1658.767212,1593.234009,8.05,-104,21212,-8,0.010129,-0.008342,-1.627118,1,0,0,1,100,0.,-0.77948,0.,-0.77948,0.,0,1,0
-1389.610352,-649.322937,17.01,-1639.870972,1612.671021,8.059999,-104,20930,-8,0.009932,-0.008568,-1.677953,1,0,0,1,100,0.,-0.77948,0.,-0.77948,0.,0,1,0
-1416.469971,-622.680542,17.01,-1620.294678,1632.342896,8.059999,-104,20638,-8,0.009635,-0.008765,-1.727098,1,0,0,1,100,0.,-0.692871,0.,-0.692871,0.,0,1,0
-1443.000854,-595.712524,17.01,-1600.009155,1652.230957,8.066123,-104,20336,-8,0.009378,-0.009022,-1.775279,1,0,0,1,100,0.,-0.64563,0.,-0.64563,0.,0,1,0
-1469.192871,-568.415649,17.01,-1579.101074,1672.216919,8.07,-104,20027,-8,0.009042,-0.009258,-1.81677,1,0,0,1,100,0.,-0.637756,0.,-0.637756,0.,0,1,0
-1495.035034,-540.789917,17.01,-1557.529175,1692.32959,8.07,-104,19712,-8,0.008745,-0.009455,-1.854698,1,0,0,1,100,0.,-0.637756,0.,-0.637756,0.,0,1,0
-1520.519653,-512.835266,17.01,-1535.249146,1712.564209,8.07514,-104,19392,-8,0.008449,-0.009651,-1.89156,1,0,0,1,100,0.,-0.637756,0.,-0.637756,0.,0,1,0
-1545.636719,-484.546997,17.01,-1512.272949,1732.88562,8.08,-104,19063,-8,0.008104,-0.009848,-1.927806,1,0,0,1,100,0.,-0.629883,0.,-0.629883,0.,0,1,0
-1570.371826,-455.924988,17.01,-1488.619141,1753.251221,8.084484,-104,18731,-8,0.00781,-0.010045,-1.963427,1,0,0,1,100,0.,-0.582642,0.,-0.582642,0.,0,1,0
-1594.705933,-426.964172,17.01,-1464.13208,1773.387329,8.09,-104,18391,-8,0.007417,-0.010242,-1.997891,1,0,0,1,100,0.,-0.543274,0.,-0.543274,0.,0,1,0
-1618.629883,-397.684448,17.01,-1438.576172,1792.869995,8.09,-104,18044,-8,0.007062,-0.010438,-2.029011,1,0,0,1,100,0.,-0.543274,0.,-0.543274,0.,0,1,0
-1642.128174,-368.079407,17.01,-1411.94043,1811.609009,8.09,-104,17693,-8,0.00673,-0.010635,-2.057542,1,0,0,1,100,0.,-0.5354,0.,-0.5354,0.,0,1,0
-1665.184692,-338.167999,17.01,-1384.167725,1829.469238,8.09,-104,17337,-8,0.006337,-0.010832,-2.085543,1,0,0,1,100,0.,-0.5354,0.,-0.5354,0.,0,1,0
-1687.773926,-307.97644,17.01,-1355.33728,1846.363281,8.09,-104,16975,-8,0.005943,-0.011028,-2.112441,1,0,0,1,100,0.,-0.5354,0.,-0.5354,0.,0,1,0
-1709.879761,-277.509735,17.01,-1325.494873,1862.223633,8.09,-104,16613,-8,0.00555,-0.011225,-2.138724,1,0,0,1,100,0.,-0.5354,0.,-0.5354,0.,0,1,0
-1731.489624,-246.78157,17.01,-1294.721191,1876.991455,8.09,-104,16243,-8,0.005156,-0.0114,-2.164281,1,0,0,1,100,0.,-0.5354,0.,-0.5354,0.,0,1,0
-1752.584717,-215.815643,17.01,-1263.096924,1890.592407,8.09,-104,15868,-8,0.004763,-0.011519,-2.188991,1,0,0,1,100,0.,-0.527527,0.,-0.527527,0.,0,1,0
-1773.156006,-184.636917,17.01,-1230.695679,1902.980713,8.09,-104,15490,-8,0.004369,-0.0117,-2.212795,1,0,0,1,100,0.,-0.440918,0.,-0.440918,0.,0,1,0
-1793.185669,-153.257828,17.01,-1197.624634,1914.128784,8.09,-104,15108,-8,0.003976,-0.0118,-2.235127,1,0,0,1,100,0.,-0.362183,0.,-0.362183,0.,0,1,0
-1812.672729,-121.70462,17.01,-1164.070801,1924.161377,8.09,-104,14723,-8,0.003582,-0.011809,-2.2526,1,0,0,1,100,0.,-0.354309,0.,-0.354309,0.,0,1,0
-1831.598755,-89.987877,17.01,-1130.035156,1933.136475,8.09,-104,14333,-8,0.003189,-0.011906,-2.267119,1,0,0,1,100,0.,-0.354309,0.,-0.354309,0.,0,1,0
-1849.953979,-58.126827,17.01,-1095.514404,1940.876465,8.09,-104,13940,-8,0.002696,-0.012,-2.281559,1,0,0,1,100,0.,-0.354309,0.,-0.354309,0.,0,1,0
-1867.746582,-26.149393,17.01,-1060.63501,1947.257935,8.09,-104,13546,-8,0.002302,-0.012099,-2.295328,1,0,0,1,100,0.,-0.354309,0.,-0.354309,0.,0,1,0
-1884.955566,5.925207,17.01,-1025.512207,1952.27771,8.09,-104,13153,-8,0.001813,-0.0121,-2.308319,1,0,0,1,100,0.,-0.354309,0.,-0.354309,0.,0,1,0
-1901.584229,38.078056,17.01,-990.233459,1955.953125,8.09,-104,12751,-8,0.001415,-0.0121,-2.320344,1,0,0,1,100,0.,-0.354309,0.,-0.354309,0.,0,1,0
-1917.632568,70.28894,17.01,-954.911743,1958.264526,8.09,-104,12350,-8,0.00012,-0.0121,-2.331313,1,0,0,1,100,0.,-0.354309,0.,-0.354309,0.,0,1,0
-1933.091797,102.520676,17.01,-919.361084,1959.806885,8.09,-104,11949,-8,0.,-0.012286,-2.341807,1,0,0,1,100,0.,-0.354309,0.,-0.354309,0.,0,1,0
-1947.959839,134.781769,17.01,-883.171997,1961.446167,8.09,-104,11547,-8,0.,-0.0123,-2.352741,1,0,0,1,100,0.,-0.354309,0.,-0.354309,0.,0,1,0
-1962.229492,167.062195,17.01,-846.812622,1962.317871,8.09,-104,11139,-8,0.,-0.0123,-2.363044,1,0,0,1,100,0.,-0.362183,0.,-0.362183,0.,0,1,0
-1975.899536,199.344376,17.01,-810.31366,1962.386353,8.09,-104,10730,-8,0.,-0.0123,-2.372573,1,0,0,1,100,0.,-0.362183,0.,-0.362183,0.,0,1,0
-1988.962646,231.626541,17.01,-773.740417,1961.668945,8.09,-104,10321,-8,0.,-0.012227,-2.381628,1,0,0,1,100,0.,-0.362183,0.,-0.362183,0.,0,1,0
-2001.423584,263.891785,17.01,-737.11615,1960.211792,8.09,-104,9911,-8,0.,-0.0121,-2.389539,0,0,0,1,100,0.,-0.362183,0.,-0.362183,0.,0,1,0
-2013.27478,296.131042,17.01,-700.469788,1958.042725,8.09,-104,9502,-8,0.,-0.011934,-2.39655,0,0,0,1,100,0.,-0.362183,0.,-0.362183,0.,0,1,0
-2024.526489,328.325317,17.01,-663.820374,1955.183472,8.09,-104,9090,-8,0.,-0.011837,-2.402624,0,0,0,1,100,0.,-0.40155,0.,-0.40155,0.,0,1,0
-2035.172363,360.461578,17.01,-627.170959,1951.647217,8.09,-104,8673,-8,-0.001417,-0.0117,-2.407671,0,0,0,1,100,0.,-0.496033,0.,-0.496033,0.,0,1,0
-2045.215088,392.539795,17.01,-590.580994,1947.358154,8.09,-104,8256,-8,-0.002525,-0.0117,-2.412733,0,0,0,1,100,0.,-0.527527,0.,-0.527527,0.,0,1,0
-2054.647949,424.539368,17.01,-554.198853,1942.247559,8.09,-104,7839,-8,-0.003259,-0.0117,-2.417075,0,0,0,1,100,0.,-0.5354,0.,-0.5354,0.,0,1,0
-2063.491211,456.447205,17.01,-518.052124,1936.610962,8.099999,-104,7422,-8,-0.003849,-0.01165,-2.415605,0,0,0,1,100,0.,-0.543274,0.,-0.543274,0.,0,1,0
-2071.734619,488.258331,17.01,-482.031464,1930.497314,8.099999,-104,7005,-8,-0.004293,-0.0115,-2.410172,0,0,0,1,100,0.,-0.574768,0.,-0.574768,0.,0,1,0
-2079.383057,519.967773,17.01,-446.073883,1923.89502,8.099999,-104,6588,-8,-0.004686,-0.011357,-2.402467,0,0,0,1,100,0.,-0.606262,0.,-0.606262,0.,0,1,0
-2086.436768,551.562439,17.01,-410.206299,1916.777222,8.099999,-104,6173,-8,-0.00508,-0.01116,-2.392962,0,0,0,1,100,0.,-0.622009,0.,-0.622009,0.,0,1,0
-2092.904541,583.025391,17.01,-374.451141,1909.235474,8.099999,-104,5764,-8,-0.005473,-0.010963,-2.379708,0,0,0,1,100,0.,-0.622009,0.,-0.622009,0.,0,1,0
-2098.788818,614.368896,17.01,-338.772675,1901.350098,8.099999,-104,5354,-8,-0.005833,-0.010867,-2.361925,0,0,0,1,100,0.,-0.622009,0.,-0.622009,0.,0,1,0
-2104.076416,645.567017,17.01,-303.103882,1893.124268,8.099999,-104,4946,-8,-0.00616,-0.01067,-2.340474,0,0,0,1,100,0.,-0.622009,0.,-0.622009,0.,0,1,0
-2108.783447,676.627014,17.01,-267.41571,1884.51416,8.099999,-104,4545,-8,-0.006454,-0.010473,-2.316536,0,0,0,1,100,0.,-0.66925,0.,-0.66925,0.,0,1,0
-2112.897949,707.544678,17.01,-231.683487,1875.53418,8.099999,-104,4145,-8,-0.006747,-0.010276,-2.290152,0,0,0,1,100,0.,-0.708618,0.,-0.708618,0.,0,1,0
-2116.424805,738.312805,17.01,-195.937286,1866.089478,8.099999,-104,3751,-8,-0.00712,-0.01008,-2.262727,0,0,0,1,100,0.,-0.724365,0.,-0.724365,0.,0,1,0
-2119.369629,768.908569,17.01,-160.173447,1856.361572,8.099999,-104,3363,-8,-0.007334,-0.009883,-2.229532,0,0,0,1,100,0.,-0.724365,0.,-0.724365,0.,0,1,0
-2121.716064,799.338196,17.01,-124.400993,1845.922974,8.099999,-104,2978,-8,-0.007727,-0.009686,-2.204877,0,0,0,1,100,0.,-0.724365,0.,-0.724365,0.,0,1,0
-2123.482178,829.592712,17.01,-88.627876,1834.717651,8.099999,-104,2600,-8,-0.008121,-0.009479,-2.190417,0,0,0,1,100,0.,-0.724365,0.,-0.724365,0.,0,1,0
-2124.667236,859.653748,17.01,-52.917698,1822.481079,8.099999,-104,2222,-8,-0.008622,-0.009186,-2.19036,0,0,0,1,100,0.,-0.724365,0.,-0.724365,0.,0,1,0
-2125.253174,889.510559,17.01,-17.344763,1809.055786,8.099999,-104,1844,-8,-0.009212,-0.008892,-2.207691,0,0,0,1,100,0.,-0.724365,0.,-0.724365,0.,0,1,0
-2125.258545,919.135132,17.01,18.053947,1794.469971,8.100063,-104,1463,-8,-0.009802,-0.008499,-2.241649,0,0,0,1,100,0.,-0.724365,0.,-0.724365,0.,0,1,0
-2124.679688,948.506409,17.01,53.228546,1778.715576,8.11,-104,1073,-8,-0.010392,-0.008105,-2.291868,0,0,0,1,100,0.,-0.724365,0.,-0.724365,0.,0,1,0
-2123.529053,977.616394,17.01,88.1418,1761.817749,8.11,-104,676,-8,-0.010982,-0.007712,-2.358269,0,0,0,1,100,0.,-0.724365,0.,-0.724365,0.,0,1,0
-2121.80835,1006.436401,17.01,122.756088,1743.768799,8.11,-104,263,-8,-0.011572,-0.007228,-2.440917,0,0,0,1,100,0.,-0.724365,0.,-0.724365,0.,0,1,0
-2119.515869,1034.948853,17.01,157.033356,1724.551025,8.11,-104,-165,-8,-0.012163,-0.006737,-2.540176,0,0,0,1,100,0.,-0.724365,0.,-0.724365,0.,0,1,0
-2116.662598,1063.132324,17.01,190.935577,1704.171753,8.11,-104,-608,-8,-0.012653,-0.006147,-2.656619,0,0,0,1,100,0.,-0.724365,0.,-0.724365,0.,0,1,0
-2113.266357,1090.968872,17.01,224.424698,1682.615479,8.11,-104,-1070,-8,-0.013162,-0.005557,-2.79049,0,0,0,1,100,0.,-0.724365,0.,-0.724365,0.,0,1,0
-2109.310547,1118.449463,17.01,257.231781,1659.438965,8.11,-104,-1556,-8,-0.013555,-0.004889,-2.934705,0,0,0,1,100,0.,-0.677124,0.,-0.677124,0.,0,1,0
-2104.828857,1145.537598,17.01,288.427155,1634.754639,8.11,-104,-2068,-8,-0.013774,-0.004202,-3.081415,0,0,0,1,100,0.,-0.496033,0.,-0.496033,0.,0,1,0
-2099.848877,1172.202393,17.01,317.846344,1608.924194,8.11,-104,-2604,-8,-0.0139,-0.003415,-3.223938,0,0,0,1,100,0.,-0.385803,0.,-0.385803,0.,0,1,0
-2094.392334,1198.434814,17.01,346.095337,1582.404297,8.11,-104,-3163,-8,-0.013832,-0.002796,-3.34571,0,0,0,1,100,0.,-0.362183,0.,-0.362183,0.,0,1,0
-2088.477783,1224.222412,17.01,372.724121,1554.860229,8.11,-104,-3739,-8,-0.013635,-0.002206,-3.435353,0,0,0,1,100,0.,-0.165344,0.,-0.165344,0.,0,1,0
-2082.140625,1249.54895,17.01,396.949066,1525.909424,8.11,-104,-4330,-8,-0.013439,-0.001616,-3.505409,0,0,0,1,100,0.,0.,0.,0.,0.,0,1,0
-2075.418945,1274.389526,17.01,419.05719,1495.790161,8.11,-104,-4935,-8,-0.013184,-0.000504,-3.551024,0,0,0,1,100,0.,0.,0.,0.,0.,0,1,0
-2068.344971,1298.727173,17.01,439.217377,1464.907227,8.099999,-104,-5547,-8,-0.01289,0.,-3.564626,0,0,0,1,100,0.,0.,0.,0.,0.,0,1,0
-2060.948486,1322.546631,17.01,456.78064,1433.183594,8.099999,-104,-6161,-8,-0.012649,0.,-3.563185,0,0,0,1,100,0.,0.,0.,0.,0.,0,1,0
-2053.28125,1345.839111,17.01,471.369934,1400.606445,8.099999,-104,-6774,-8,-0.012352,0.,-3.560581,0,0,0,1,100,0.,0.,0.,0.,0.,0,1,0
-2045.395996,1368.590332,17.01,483.076019,1367.484375,8.09,-104,-7388,-8,-0.01211,0.,-3.556622,0,0,0,1,100,0.,0.,0.,0.,0.,0,1,0
-2037.335815,1390.785278,17.01,492.012543,1334.104248,8.09,-104,-8002,-8,-0.011817,0.000416,-3.551026,0,0,0,1,100,0.,0.157471,0.,0.157471,0.,0,1,0
-2029.142334,1412.429199,17.01,498.329224,1300.727905,8.09,-104,-8610,-8,-0.011562,0.002069,-3.54365,0,0,0,1,100,0.,0.251953,0.,0.251953,0.,0,1,0
-2020.865601,1433.515625,17.01,502.450928,1267.43457,8.09,-104,-9216,-8,-0.011365,0.00314,-3.531651,0,0,0,1,100,0.,0.299194,0.,0.299194,0.,0,1,0
-2012.527954,1454.060425,17.01,504.714508,1234.478882,8.09,-104,-9822,-8,-0.011136,0.003927,-3.509869,0,0,0,1,100,0.,0.393677,0.,0.393677,0.,0,1,0
-2004.167236,1474.063599,17.01,505.065857,1202.002686,8.09,-104,-10423,-8,-0.010843,0.004686,-3.483676,0,0,0,1,100,0.,0.527527,0.,0.527527,0.,0,1,0
-1995.821533,1493.525146,17.01,503.616791,1170.053467,8.09,-104,-11021,-8,-0.010449,0.005276,-3.455834,0,0,0,1,100,0.,0.64563,0.,0.64563,0.,0,1,0
-1987.514526,1512.459473,17.01,500.619141,1138.666626,8.08,-104,-11614,-8,-0.010056,0.005866,-3.425231,0,0,0,1,100,0.,0.740112,0.,0.740112,0.,0,1,0
-1979.26001,1530.878906,17.01,496.258087,1107.90332,8.08,-104,-12203,-8,-0.009663,0.006456,-3.391558,0,0,0,1,100,0.,0.826721,0.,0.826721,0.,0,1,0
-1971.09436,1548.789062,17.01,490.638611,1077.824463,8.08,-104,-12785,-8,-0.009269,0.007046,-3.356577,0,0,0,1,100,0.,0.858215,0.,0.858215,0.,0,1,0
-1963.026611,1566.215698,17.01,483.869507,1048.462524,8.07,-104,-13359,-8,-0.008876,0.007624,-3.321925,0,0,0,1,100,0.,0.921204,0.,0.921204,0.,0,1,0
-1955.085938,1583.158691,17.01,476.088501,1019.910156,8.07,-104,-13929,-8,-0.008482,0.008118,-3.287927,0,0,0,1,100,0.,0.960571,0.,0.960571,0.,0,1,0
-1947.28125,1599.629272,17.01,467.366455,992.157349,8.07,-104,-14492,-8,-0.007989,0.008611,-3.256627,0,0,0,1,100,0.,0.999969,0.,0.999969,0.,0,1,0
-1939.631226,1615.654907,17.01,457.892731,965.179504,8.07,-104,-15051,-8,-0.007493,0.009005,-3.227064,0,0,0,1,100,0.,0.999969,0.,0.999969,0.,0,1,0
-1932.14624,1631.244385,17.01,447.770203,938.996948,8.07,-104,-15605,-8,-0.007002,0.009398,-3.199629,0,0,0,1,100,0.,0.999969,0.,0.999969,0.,0,1,0
-1924.836304,1646.405762,17.01,437.141388,913.602417,8.07,-104,-16156,-8,-0.006413,0.009792,-3.173551,0,0,0,1,100,0.,0.999969,0.,0.999969,0.,0,1,0
-1917.719727,1661.150879,17.01,426.105347,888.982605,8.07,-104,-16699,-8,-0.005823,0.010185,-3.149117,0,0,0,1,100,0.,0.999969,0.,0.999969,0.,0,1,0
-1910.777588,1675.489746,17.01,414.784882,865.089355,8.07,-104,-17242,-8,-0.005322,0.010578,-3.125763,0,0,0,1,100,0.,0.999969,0.,0.999969,0.,0,1,0
-1904.02832,1689.440796,17.01,403.267303,841.838989,8.07,-104,-17778,-8,-0.004742,0.010872,-3.103018,0,0,0,1,100,0.,0.999969,0.,0.999969,0.,0,1,0
-1897.490601,1703.013428,17.01,391.646942,819.172791,8.07,-104,-18313,-8,-0.004152,0.011083,-3.080312,0,0,0,1,100,0.,0.999969,0.,0.999969,0.,0,1,0
-1891.147949,1716.218384,17.01,379.965088,797.033752,8.07,-104,-18840,-8,-0.003562,0.011279,-3.057234,0,0,0,1,100,0.,0.999969,0.,0.999969,0.,0,1,0
-1884.998535,1729.065918,17.01,368.287384,775.329651,8.07761,-104,-19365,-8,-0.002972,0.011476,-3.03344,0,0,0,1,100,0.,0.999969,0.,0.999969,0.,0,1,0
-1879.042603,1741.553101,17.01,356.653564,753.989929,8.08,-104,-19884,-8,-0.002382,0.0116,-3.008433,0,0,0,1,100,0.,0.999969,0.,0.999969,0.,0,1,0
-1873.280151,1753.698975,17.01,345.094757,732.950562,8.086954,-104,-20400,-8,-0.001791,0.0117,-2.981903,0,0,0,1,100,0.,0.999969,0.,0.999969,0.,0,1,0
-1867.727783,1765.509521,17.01,333.629944,712.152222,8.09,-104,-20912,-8,-0.001201,0.0117,-2.953526,0,0,0,1,100,0.,0.999969,0.,0.999969,0.,0,1,0
-1862.365601,1776.978149,17.01,322.268158,691.52771,8.096298,-104,-21417,-8,0.,0.011763,-2.922859,0,0,0,1,100,0.,0.999969,0.,0.999969,0.,0,1,0
-1857.183472,1788.111816,17.01,311.02243,671.036011,8.099999,-104,-21918,-8,0.,0.0118,-2.88975,0,0,0,1,100,0.,0.999969,0.,0.999969,0.,0,1,0
-1852.194824,1798.913086,17.01,299.871521,650.569641,8.099999,-104,-22414,-8,0.,0.011744,-2.854585,0,0,0,1,100,0.,0.999969,0.,0.999969,0.,0,1,0
-1847.399536,1809.385376,17.01,288.637573,629.895447,8.105315,-104,-22904,-8,0.,0.011547,-2.817988,0,0,0,1,100,0.,0.999969,0.,0.999969,0.,0,1,0
-1842.797729,1819.513794,17.01,277.057281,608.863098,8.11,-104,-23385,-8,0.,0.01135,-2.777826,0,0,0,1,100,0.,0.999969,0.,0.999969,0.,0,1,0
-1838.389404,1829.308716,17.01,264.959473,587.50647,8.11,-104,-23864,-8,0.,0.011153,-2.733795,0,0,0,1,100,0.,0.999969,0.,0.999969,0.,0,1,0
-1834.188843,1838.760498,17.01,252.20163,565.897095,8.11,-104,-24334,-8,0.,0.010957,-2.685852,0,0,0,1,100,0.,0.999969,0.,0.999969,0.,0,1,0
-1830.205078,1847.849976,17.01,238.644699,544.096863,8.11,-104,-24793,-8,0.00128,0.01076,-2.633847,0,0,0,1,100,0.,0.999969,0.,0.999969,0.,0,1,0
-1826.453369,1856.585693,17.01,224.198212,522.176575,8.12,-104,-25244,-8,0.002347,0.0107,-2.577643,0,0,0,1,100,0.,0.999969,0.,0.999969,0.,0,1,0
-1822.937256,1864.973267,17.01,208.757095,500.222351,8.12,-104,-25686,-8,0.0031,0.010567,-2.517183,0,0,0,1,100,0.,0.999969,0.,0.999969,0.,0,1,0
-1819.685547,1872.99939,17.01,192.239288,478.303223,8.13,-104,-26117,-8,0.003591,0.01047,-2.452337,0,0,0,1,100,0.,0.999969,0.,0.999969,0.,0,1,0
-1816.707397,1880.670776,17.01,174.581421,456.498901,8.13,-104,-26536,-8,0.004054,0.010273,-2.383014,0,0,0,1,100,0.,0.999969,0.,0.999969,0.,0,1,0
-1814.03186,1887.994141,17.01,155.716446,434.891144,8.13,-104,-26944,-8,0.004424,0.010076,-2.309049,0,0,0,1,100,0.,0.999969,0.,0.999969,0.,0,1,0
-1811.667847,1894.968994,17.01,135.59935,413.550995,8.13,-104,-27340,-8,0.00472,0.00988,-2.230421,0,0,0,1,100,0.,0.999969,0.,0.999969,0.,0,1,0
-1809.644287,1901.595825,17.01,114.180367,392.55719,8.13,-104,-27720,-8,0.004917,0.009683,-2.146957,0,0,0,1,100,0.,0.999969,0.,0.999969,0.,0,1,0
-1807.981812,1907.885864,17.01,91.423859,371.97583,8.13,-104,-28085,-8,0.005214,0.009486,-2.058543,0,0,0,1,100,0.,0.999969,0.,0.999969,0.,0,1,0
-1806.706177,1913.846924,17.01,67.270721,351.870819,8.13,-104,-28434,-8,0.005411,0.009289,-1.964988,0,0,0,1,100,0.,0.999969,0.,0.999969,0.,0,1,0
-1805.828857,1919.479858,17.01,41.673908,332.291687,8.13,-104,-28768,-8,0.005607,0.009093,-1.866097,0,0,0,1,100,0.,0.999969,0.,0.999969,0.,0,1,0
-1805.377563,1924.803467,17.01,14.555172,313.304108,8.13,-104,-29086,-8,0.005804,0.008896,-1.761587,0,0,0,1,100,0.,0.999969,0.,0.999969,0.,0,1,0
-1805.381348,1929.817383,17.01,-14.209806,294.965088,8.13,-104,-29389,-8,0.0059,0.008599,-1.650978,0,0,0,1,100,0.,0.999969,0.,0.999969,0.,0,1,0
-1805.862061,1934.539551,17.01,-44.815224,277.346832,8.13,-104,-29668,-8,0.0059,0.008403,-1.533551,0,0,0,1,100,0.,0.999969,0.,0.999969,0.,0,1,0
-1806.856201,1938.980347,17.01,-76.859123,260.292053,8.13,-104,-29929,-8,0.006094,0.0083,-1.406176,0,0,0,1,100,0.,0.999969,0.,0.999969,0.,0,1,0
-1808.372437,1943.150391,17.01,-109.718674,244.11467,8.13,-104,-30165,-8,0.006482,0.0083,-1.27038,0,0,0,1,100,0.,0.999969,0.,0.999969,0.,0,1,0
-1810.429932,1947.058228,17.01,-142.621704,228.800491,8.13,-104,-30379,-8,0.006788,0.008388,-1.144935,0,0,0,1,100,0.,0.999969,0.,0.999969,0.,0,1,0
-1813.029053,1950.714844,17.01,-175.292892,214.240753,8.13,-104,-30573,-8,0.007069,0.0085,-1.034481,0,0,0,1,100,0.,0.91333,0.,0.91333,0.,0,1,0
-1816.1698,1954.137817,17.01,-207.325684,200.411148,8.13,-104,-30748,-8,0.007381,0.0085,-0.927313,0,0,0,1,100,0.,0.5354,-0.157471,0.5354,0.,0,1,0
-1819.82666,1957.346558,17.01,-238.460709,187.371277,8.13,-104,-30903,-8,0.007678,0.008422,-0.830346,0,0,0,1,100,0.,0.346436,-0.228333,0.346436,0.,0,0,0
-1823.993774,1960.349976,17.01,-269.197754,175.846359,8.13,-104,-31046,-8,0.008149,0.008326,-0.765912,0,0,0,1,100,0.,0.102356,-0.236206,0.102356,0.,0,0,0
-1828.50647,1963.191284,17.01,-280.098145,168.817535,8.208488,-104,-31178,-8,0.008614,0.00753,-0.729089,0,0,0,1,100,0.,0.,-0.196838,0.,0.,0,0,0
-1833.093018,1965.937622,17.01,-279.372192,164.498459,8.253589,-104,-31303,-8,0.0088,0.006596,-0.715232,0,0,0,1,100,0.,0.110229,-0.149597,0.110229,0.,0,0,0
-1837.670166,1968.612915,17.01,-278.79538,160.243225,8.276466,-104,-31429,-8,0.0088,0.006171,-0.70105,0,0,0,1,100,0.,0.251953,-0.125977,0.251953,0.,0,0,0
-1842.234131,1971.224121,17.01,-278.218109,156.008575,8.29,-104,-31553,-8,0.0087,0.005939,-0.68485,0,0,0,1,100,0.,0.503906,-0.125977,0.503906,0.,0,0,0
-1846.792358,1973.763672,17.01,-277.599854,151.825485,8.29,-104,-31671,-8,0.0087,0.005742,-0.667361,0,0,0,1,100,0.,0.64563,-0.118103,0.64563,0.,0,0,0
-1851.33667,1976.239868,17.01,-276.841614,147.670425,8.29,-104,-31789,-8,0.0087,0.005645,-0.647755,0,0,0,1,100,0.,0.992065,-0.118103,0.992065,0.,0,0,0
-1855.875732,1978.643799,17.01,-276.018616,143.618576,8.3,-104,-31901,-8,0.0087,0.005548,-0.628202,0,0,0,1,100,0.,0.999969,-0.110229,0.999969,0.,0,0,0
-1860.395508,1980.984741,17.01,-274.974091,139.584076,8.3,-104,-32011,-8,0.0087,0.0054,-0.606814,0,0,0,1,100,0.,0.999969,-0.110229,0.999969,0.,0,0,0
-1864.895996,1983.253052,17.01,-273.954987,135.712479,8.3,-104,-32115,-8,0.0087,0.0053,-0.58779,0,0,0,1,100,0.,0.999969,-0.110229,0.999969,0.,0,0,0
-1869.381226,1985.463135,17.01,-272.989716,131.913071,8.3,-104,-32218,-8,0.0087,0.0052,-0.568144,0,0,0,1,100,0.,0.999969,-0.110229,0.999969,0.,0,0,0
-1873.852661,1987.611328,17.01,-272.066986,128.191055,8.3,-104,-32318,-8,0.0088,0.005162,-0.547863,0,0,0,1,100,0.,0.999969,-0.110229,0.999969,0.,0,0,0
-1878.30481,1989.695679,17.01,-271.198761,124.542892,8.3,-104,-32413,-8,0.0088,0.005065,-0.527037,0,0,0,1,100,0.,0.999969,-0.110229,0.999969,0.,0,0,0
-1882.747437,1991.722046,17.01,-270.369232,120.955956,8.3,-104,-32506,-8,0.0088,0.005,-0.505692,0,0,0,1,100,0.,0.999969,-0.110229,0.999969,0.,0,0,0
-1887.173706,1993.690308,17.01,-269.5784,117.446388,8.3,-104,-32593,-8,0.0089,0.0049,-0.483895,0,0,0,1,100,0.,0.999969,-0.110229,0.999969,0.,0,0,0
-1891.587524,1995.600708,17.01,-268.826233,114.014206,8.3,-104,-32678,-8,0.0089,0.0048,-0.461712,0,0,0,1,100,0.,0.999969,-0.102356,0.999969,0.,0,0,0
-1895.991943,1997.455078,17.01,-268.112793,110.659409,8.3,-104,-32757,-8,0.0089,0.004778,-0.439141,0,0,0,1,100,0.,0.999969,-0.102356,0.999969,0.,0,0,0
-1900.378784,1999.259033,17.01,-267.436157,107.381973,8.3,-104,32701,-8,0.008919,0.0047,-0.416184,0,0,0,1,100,0.,0.999969,-0.102356,0.999969,0.,0,0,0
-1904.76416,2001.004883,17.01,-266.780365,104.181931,8.3,-104,32630,-8,0.009,0.0046,-0.392955,0,0,0,1,100,0.,0.999969,-0.102356,0.999969,0.,0,0,0
-1909.13147,2002.702637,17.01,-266.162079,101.058037,8.3,-104,32560,-8,0.009,0.004588,-0.369433,0,0,0,1,100,0.,0.999969,-0.102356,0.999969,0.,0,0,0
-1913.497681,2004.343262,17.01,-265.564056,97.993073,8.3,-104,32497,-8,0.009,0.0045,-0.345717,0,0,0,1,100,0.,0.999969,-0.102356,0.999969,0.,0,0,0
-1917.845337,2005.944702,17.01,-264.99411,95.005486,8.3,-104,32434,-8,0.0091,0.004494,-0.321808,0,0,0,1,100,0.,0.999969,-0.102356,0.999969,0.,0,0,0
-1922.192749,2007.488403,17.01,-264.453522,92.095276,8.3,-104,32379,-8,0.0091,0.0044,-0.297805,0,0,0,1,100,0.,0.999969,-0.102356,0.999969,0.,0,0,0
-1926.520508,2008.993286,17.01,-263.932281,89.252708,8.3,-104,32324,-8,0.0091,0.0044,-0.273609,0,0,0,1,100,0.,0.999969,-0.102356,0.999969,0.,0,0,0
-1930.848389,2010.439575,17.01,-263.430389,86.478241,8.3,-104,32277,-8,0.0091,0.0043,-0.249412,0,0,0,1,100,0.,0.999969,-0.102356,0.999969,0.,0,0,0
-1935.157104,2011.847046,17.01,-262.947845,83.781151,8.3,-104,32230,-8,0.0091,0.0043,-0.225122,0,0,0,1,100,0.,0.999969,0.,0.999969,0.,0,0,0
-1939.465332,2013.215942,17.01,-262.48465,81.142509,8.3,-104,32190,-8,0.009189,0.004211,-0.200729,0,0,0,1,100,0.,0.999969,0.,0.999969,0.,0,0,0
-1943.77356,2014.527588,17.01,-262.032166,78.571899,8.3,-104,32154,-8,0.0092,0.0042,-0.176521,0,0,0,1,100,0.,0.999969,0.,0.999969,0.,0,0,0
-1948.063477,2015.799438,17.01,-261.597992,76.059326,8.3,-104,32123,-8,0.0092,0.0042,-0.152324,0,0,0,1,100,0.,0.999969,0.,0.999969,0.,0,0,0
-1952.352051,2017.032471,17.01,-261.183136,73.612732,8.3,-104,32094,-8,0.0092,0.0042,-0.128127,0,0,0,1,100,0.,0.999969,0.,0.999969,0.,0,0,0
-1956.632935,2018.227051,17.01,-260.77002,71.218277,8.3,-104,32071,-8,0.0092,0.0041,-0.104107,0,0,0,1,100,0.,0.999969,0.,0.999969,0.,0,0,0
-1960.901855,2019.38269,17.01,-260.374207,68.879807,8.3,-104,32050,-8,0.0092,0.0041,-0.080179,0,0,0,1,100,0.,0.999969,0.,0.999969,0.,0,0,0
-1965.170654,2020.499756,17.01,-259.980743,66.599365,8.3,-104,32034,-8,0.0092,0.0041,-0.056446,0,0,0,1,100,0.,0.999969,0.,0.999969,0.,0,0,0
-1969.432983,2021.578247,17.01,-259.603943,64.366959,8.3,-104,32021,-8,0.0092,0.0041,-0.032905,0,0,0,1,100,0.,0.999969,0.,0.999969,0.,0,0,0
-1973.682129,2022.61792,17.01,-259.230194,62.186279,8.3,-104,32013,-8,0.0092,0.0041,-0.009558,0,0,0,1,100,0.,0.999969,0.,0.999969,0.,0,0,0
-1977.931396,2023.624878,17.01,-258.856415,60.044285,8.3,-104,32012,-8,0.0092,0.0041,0.013595,0,0,0,1,100,0.,0.999969,0.,0.999969,0.,0,0,0
-1982.174927,2024.606812,17.01,-258.49826,57.956638,8.3,-104,32012,-8,0.0092,0.0041,0.036455,0,0,0,1,100,0.,0.999969,0.,0.999969,0.,0,0,0
-1986.404419,2025.550049,17.01,-258.144165,55.911697,8.3,-104,32018,-8,0.0092,0.0041,0.059069,0,0,0,1,100,0.,0.999969,0.,0.999969,0.,0,0,0
-1990.634033,2026.454712,17.01,-257.79007,53.905445,8.3,-104,32026,-8,0.0092,0.0041,0.081345,0,0,0,1,100,0.,0.999969,0.,0.999969,0.,0,0,0
-1994.863525,2027.325317,17.01,-257.435974,51.933212,8.3,-104,32040,-8,0.0092,0.0041,0.103381,0,0,0,1,100,0.,0.999969,0.,0.999969,0.,0,0,0
-1999.078735,2028.172241,17.01,-257.081879,49.984669,8.3,-104,32055,-8,0.0092,0.0041,0.125031,0,0,0,1,100,0.,0.999969,0.,0.999969,0.,0,0,0
-2003.288574,2028.980469,17.01,-256.727783,48.074814,8.3,-104,32073,-8,0.0092,0.0041,0.146433,0,0,0,1,100,0.,0.999969,0.,0.999969,0.,0,0,0
-2007.498413,2029.763672,17.01,-256.37735,46.18996,8.3,-104,32096,-8,0.0092,0.0041,0.167506,0,0,0,1,100,0.,0.999969,0.,0.999969,0.,0,0,0
-2011.704956,2030.51416,17.01,-256.042938,44.337811,8.3,-104,32121,-8,0.0092,0.0041,0.188191,0,0,0,1,100,0.,0.999969,0.,0.999969,0.,0,0,0
-2015.895264,2031.229004,17.01,-255.705475,42.511322,8.3,-104,32153,-8,0.0092,0.0041,0.20849,0,0,0,1,100,0.,0.999969,0.,0.999969,0.,0,0,0
-2020.085449,2031.921753,17.01,-255.351364,40.704174,8.3,-104,32185,-8,0.0092,0.0041,0.228401,0,0,0,1,100,0.,0.999969,0.,0.999969,0.,0,0,0
-2024.275513,2032.578369,17.01,-254.997269,38.91637,8.3,-104,32225,-8,0.0092,0.004124,0.24795,0,0,0,1,100,0.,0.999969,0.,0.999969,0.,0,0,0
-2028.453613,2033.213379,17.01,-254.643173,37.147911,8.3,-104,32264,-8,0.0092,0.0042,0.267285,0,0,0,1,100,0.,0.999969,0.,0.999969,0.,0,1,0
-2032.624268,2033.811523,17.01,-254.289062,35.397083,8.3,-104,32308,-8,0.0092,0.0042,0.286232,0,0,0,1,100,0.,0.999969,0.,0.999969,0.,0,1,0
-2036.882812,2034.390259,17.01,-264.195496,33.893097,8.244438,-104,32355,-8,0.009286,0.004383,0.309962,0,0,0,1,100,0.,0.999969,0.,0.999969,0.,0,1,0
-2041.45459,2034.9375,17.01,-292.155182,30.787846,8.177874,-104,32407,-8,0.0092,0.005321,0.395259,0,0,0,1,100,0.,0.999969,0.,0.999969,0.,0,1,0
-2046.489868,2035.436768,17.01,-319.730072,27.543591,8.149264,-104,32475,-8,0.009307,0.005707,0.479194,0,0,0,1,100,0.,0.999969,0.,0.999969,0.,0,1,0
-2051.970459,2035.878174,17.01,-346.937866,24.095078,8.139999,-104,32558,-8,0.0094,0.0059,0.561686,0,0,0,1,100,0.,0.999969,0.,0.999969,0.,0,1,0
-2057.905029,2036.261353,17.01,-373.807465,20.40419,8.139999,-104,32656,-8,0.0094,0.005901,0.642824,0,0,0,1,100,0.,0.999969,0.,0.999969,0.,0,1,0
-2064.277832,2036.576172,17.01,-400.346039,16.401646,8.139999,-104,32767,-8,0.0094,0.006,0.722697,0,0,0,1,100,0.,0.999969,0.,0.999969,0.,0,1,0
-2071.087158,2036.833008,17.01,-426.554993,12.060184,8.139999,-104,-32648,-8,0.0094,0.006094,0.801307,0,0,0,1,100,0.,0.999969,0.,0.999969,0.,0,1,0
-2078.322021,2037.012695,17.01,-452.44516,7.323233,8.139999,-104,-32511,-8,0.0094,0.006191,0.878566,0,0,0,1,100,0.,0.999969,0.,0.999969,0.,0,1,0
-2085.982178,2037.115112,17.01,-478.006409,2.15251,8.139999,-104,-32358,-8,0.009312,0.006288,0.954571,0,0,0,1,100,0.,0.999969,0.,0.999969,0.,0,1,0
-2094.059814,2037.121582,17.01,-503.2388,-3.508459,8.139999,-104,-32197,-8,0.0093,0.0064,1.029306,0,0,0,1,100,0.,0.999969,0.,0.999969,0.,0,1,0
-2102.543457,2037.03125,17.01,-528.124268,-9.69861,8.139999,-104,-32021,-8,0.0092,0.006581,1.102699,0,0,0,1,100,0.,0.999969,0.,0.999969,0.,0,1,0
-2111.43335,2036.836548,17.01,-552.661499,-16.463764,8.139999,-104,-31830,-8,0.0091,0.006678,1.174838,0,0,0,1,100,0.,0.999969,0.,0.999969,0.,0,1,0
-2120.729492,2036.525757,17.01,-576.825623,-23.863516,8.139999,-104,-31630,-8,0.008925,0.006875,1.245698,0,0,0,1,100,0.,0.999969,0.,0.999969,0.,0,1,0
-2130.414795,2036.091675,17.01,-600.595703,-31.908762,8.139999,-104,-31416,-8,0.008829,0.006971,1.315225,0,0,0,1,100,0.,0.999969,0.,0.999969,0.,0,1,0
-2140.487061,2035.512329,17.01,-623.942749,-40.65213,8.139999,-104,-31193,-8,0.0087,0.007168,1.383499,0,0,0,1,100,0.,0.999969,0.,0.999969,0.,0,1,0
-2150.946045,2034.790894,17.01,-646.841309,-50.107719,8.139999,-104,-30956,-8,0.008535,0.007365,1.450483,0,0,0,1,100,0.,0.999969,0.,0.999969,0.,0,1,0
-2161.775879,2033.908813,17.01,-669.253296,-60.324547,8.139999,-104,-30709,-8,0.008439,0.007561,1.516145,0,0,0,1,100,0.,0.999969,0.,0.999969,0.,0,1,0
-2172.967285,2032.852417,17.01,-691.156494,-71.307449,8.139999,-104,-30449,-8,0.008242,0.007758,1.580553,0,0,0,1,100,0.,0.999969,0.,0.999969,0.,0,1,0
-2184.512695,2031.606567,17.01,-712.500916,-83.098969,8.139999,-104,-30179,-8,0.008045,0.007955,1.643661,0,0,0,1,100,0.,0.999969,0.,0.999969,0.,0,1,0
-2196.405029,2030.161987,17.01,-733.24469,-95.723282,8.139999,-104,-29898,-8,0.007848,0.008152,1.705458,0,0,0,1,100,0.,0.999969,0.,0.999969,0.,0,1,0
-2208.63623,2028.504761,17.01,-753.349731,-109.183914,8.139999,-104,-29606,-8,0.007652,0.008348,1.766,0,0,0,1,100,0.,0.999969,0.,0.999969,0.,0,1,0
-2221.196533,2026.620117,17.01,-772.778076,-123.490875,8.139999,-104,-29306,-8,0.007455,0.008545,1.825233,0,0,0,1,100,0.,0.999969,0.,0.999969,0.,0,1,0
-2234.071289,2024.489258,17.01,-791.473267,-138.649002,8.139999,-104,-28993,-8,0.007258,0.008742,1.883264,0,0,0,1,100,0.,0.999969,0.,0.999969,0.,0,1,0
-2247.241699,2022.103027,17.01,-809.390869,-154.658264,8.139999,-104,-28671,-8,0.007061,0.008939,1.939979,0,0,0,1,100,0.,0.999969,0.,0.999969,0.,0,1,0
-2260.702637,2019.445923,17.01,-826.481262,-171.528702,8.139999,-104,-28339,-8,0.006865,0.009135,1.995398,0,0,0,1,100,0.,0.999969,0.,0.999969,0.,0,1,0
-2274.437012,2016.504883,17.01,-842.687866,-189.237106,8.139999,-104,-28000,-8,0.006536,0.009332,2.049595,0,0,0,1,100,0.,0.999969,0.,0.999969,0.,0,1,0
-2288.432861,2013.27063,17.01,-857.973206,-207.777313,8.139999,-104,-27648,-8,0.006243,0.009529,2.102632,0,0,0,1,100,0.,0.999969,0.,0.999969,0.,0,1,0
-2302.667725,2009.724609,17.01,-872.273743,-227.134247,8.139999,-104,-27289,-8,0.005949,0.009725,2.154382,0,0,0,1,100,0.,0.999969,0.,0.999969,0.,0,1,0
-2317.134766,2005.849487,17.01,-885.546753,-247.272095,8.139999,-104,-26922,-8,0.005578,0.009922,2.204901,0,0,0,1,100,0.,0.999969,0.,0.999969,0.,0,1,0
-2331.820068,2001.633667,17.01,-897.747559,-268.169952,8.139999,-104,-26547,-8,0.005262,0.010119,2.254258,0,0,0,1,100,0.,0.999969,0.,0.999969,0.,0,1,0
-2346.697266,1997.069824,17.01,-908.803345,-289.799805,8.139999,-104,-26161,-8,0.004869,0.010316,2.302455,0,0,0,1,100,0.,0.999969,0.,0.999969,0.,0,1,0
-2361.73877,1992.146362,17.01,-918.685974,-312.114807,8.139999,-104,-25767,-8,0.004475,0.010512,2.349492,0,0,0,1,100,0.,0.999969,0.,0.999969,0.,0,1,0
-2376.942383,1986.854492,17.01,-927.356567,-335.083252,8.139999,-104,-25365,-8,0.004082,0.010709,2.395367,0,0,0,1,100,0.,0.999969,0.,0.999969,0.,0,1,0
-2392.280518,1981.175781,17.01,-934.759155,-358.640259,8.139999,-104,-24956,-8,0.003689,0.010806,2.440082,0,0,0,1,100,0.,0.999969,0.,0.999969,0.,0,1,0
-2407.725098,1975.109863,17.01,-940.864258,-382.747498,8.139999,-104,-24539,-8,0.003295,0.011002,2.483636,0,0,0,1,100,0.,0.999969,0.,0.999969,0.,0,1,0
-2423.266113,1968.636841,17.01,-945.631836,-407.338837,8.139999,-104,-24114,-8,0.002902,0.0111,2.526027,0,0,0,1,100,0.,0.999969,0.,0.999969,0.,0,1,0
-2438.875732,1961.754883,17.01,-949.007507,-432.368164,8.15,-104,-23681,-8,0.002508,0.0112,2.567251,0,0,0,1,100,0.,0.999969,0.,0.999969,0.,0,1,0
-2454.523926,1954.457397,17.01,-950.990356,-457.766083,8.15,-104,-23244,-8,0.002022,0.011293,2.607313,0,0,0,1,100,0.,0.999969,0.,0.999969,0.,0,1,0
-2470.202148,1946.734375,17.01,-951.561523,-483.456421,8.15,-104,-22800,-8,0.001532,0.011389,2.646404,0,0,0,1,100,0.,0.999969,0.,0.999969,0.,0,1,0
-2485.880859,1938.585815,17.01,-950.693176,-509.381805,8.15,-104,-22348,-8,0.001042,0.0114,2.684342,0,0,0,1,100,0.,0.999969,0.,0.999969,0.,0,1,0
-2501.533203,1930.011597,17.01,-948.374146,-535.466797,8.15,-104,-21892,-8,0.,0.0114,2.721119,0,0,0,1,100,0.,0.999969,0.,0.999969,0.,0,1,0
-2517.138672,1921.011841,17.01,-944.614197,-561.643372,8.15,-104,-21428,-8,0.,0.0114,2.756815,0,0,0,1,100,0.,0.999969,0.,0.999969,0.,0,1,0
-2532.668701,1911.578857,17.01,-939.385803,-587.839233,8.15,-104,-20957,-8,0.,0.0114,2.791468,0,0,0,1,100,0.,0.999969,0.,0.999969,0.,0,1,0
-2548.09668,1901.708252,17.01,-932.694458,-613.983765,8.15,-104,-20482,-8,0.,0.0114,2.82496,0,0,0,1,100,0.,0.999969,0.,0.999969,0.,0,1,0
-2563.401611,1891.411987,17.01,-924.552368,-640.003113,8.15,-104,-20002,-8,0.,0.0114,2.857291,0,0,0,1,100,0.,0.999969,0.,0.999969,0.,0,1,0
-2578.564453,1880.690308,17.01,-914.969421,-665.821106,8.15,-104,-19515,-8,0.,0.0114,2.888628,0,0,0,1,100,0.,0.999969,0.,0.999969,0.,0,1,0
-2593.556152,1869.542847,17.01,-903.958252,-691.368042,8.15,-104,-19021,-8,-0.001605,0.011337,2.918834,0,0,0,1,100,0.,0.999969,0.,0.999969,0.,0,1,0
-2608.35791,1857.969971,17.01,-891.524902,-716.580872,8.15,-104,-18525,-8,-0.002739,0.01114,2.94788,0,0,0,1,100,0.,0.999969,0.,0.999969,0.,0,1,0
-2622.944824,1845.987183,17.01,-877.716431,-741.399109,8.16,-104,-18023,-8,-0.003526,0.011043,2.975766,0,0,0,1,100,0.,0.999969,0.,0.999969,0.,0,1,0
-2637.294189,1833.598145,17.01,-862.559143,-765.740479,8.16,-104,-17517,-8,-0.00416,0.010847,3.00249,0,0,0,1,100,0.,0.999969,0.,0.999969,0.,0,1,0
-2651.377197,1820.807861,17.01,-846.072083,-789.553955,8.16,-104,-17006,-8,-0.00475,0.01065,3.028054,0,0,0,1,100,0.,0.999969,0.,0.999969,0.,0,1,0
