3823.197754,1367.245117,984.754211,-519.554749,-617.85553,708.267151,-1713,-27575,-30071,1.565111,-5.079591,-1.41327,0,1,0,0,100,1.,0.,0.999969,0.,-0.157471,0,0,0
3818.867676,1362.094971,990.60907,-520.03479,-618.11554,702.75885,-2175,-27684,-30161,1.588325,-5.071734,-1.415683,0,1,0,0,100,1.,0.,0.999969,0.,-0.149597,0,0,0
3814.528564,1356.944824,996.423035,-520.514832,-618.366455,697.221558,-2638,-27790,-30245,1.610429,-5.064387,-1.416987,0,1,0,0,100,1.,0.,0.999969,0.,-0.149597,0,0,0
3805.839111,1346.625488,1007.902832,-521.455811,-618.838379,686.075867,-3568,-27997,-30394,1.65544,-5.05014,-1.415713,0,1,0,0,100,1.,0.,0.999969,0.,-0.141724,0,0,0
3801.489014,1341.46521,1013.576721,-521.916687,-619.068359,680.46759,-4034,-28099,-30461,1.676253,-5.043883,-1.413697,0,1,0,0,100,1.,0.,0.999969,0.,-0.141724,0,0,0
3797.137695,1336.303711,1019.203064,-522.376831,-619.289368,674.83783,-4502,-28200,-30521,1.697865,-5.037591,-1.410237,0,1,0,0,100,1.,0.,0.999969,0.,-0.141724,0,0,0
3792.778564,1331.143555,1024.777954,-522.82782,-619.500305,669.18042,-4970,-28300,-30576,1.718388,-5.031834,-1.406003,0,1,0,0,100,1.,0.,0.999969,0.,-0.13385,0,0,0
3788.418457,1325.983398,1030.302734,-523.268799,-619.701233,663.502136,-5439,-28401,-30623,1.73761,-5.026587,-1.401159,0,1,0,0,100,1.,0.,0.999969,0.,-0.13385,0,0,0
3784.05835,1320.814209,1035.786621,-523.699707,-619.892151,657.803833,-5909,-28503,-30666,1.757527,-5.021387,-1.394809,0,1,0,0,100,1.,0.,0.999969,0.,-0.13385,0,0,0
3779.689209,1315.643921,1041.221558,-524.120667,-620.07312,652.08551,-6379,-28606,-30701,1.776349,-5.01673,-1.387855,0,1,0,0,100,1.,0.,0.999969,0.,-0.13385,0,0,0
3775.318848,1310.473877,1046.606445,-524.531616,-620.24408,646.347229,-6849,-28711,-30731,1.793871,-5.012493,-1.380583,0,1,0,0,100,1.,0.,0.999969,0.,-0.13385,0,0,0
3770.94873,1305.303711,1051.941284,-524.932556,-620.405029,640.588928,-7321,-28818,-30753,1.810184,-5.008746,-1.373011,0,1,0,0,100,1.,0.,0.999969,0.,-0.13385,0,0,0
3766.56958,1300.133545,1057.235229,-525.323486,-620.555969,634.810608,-7792,-28929,-30767,1.825297,-5.005408,-1.365139,0,1,0,0,100,1.,0.,0.999969,0.,-0.13385,0,0,0
3762.189453,1294.963379,1062.47998,-525.695374,-620.696899,629.012268,-8264,-29045,-30774,1.8393,-5.002471,-1.357148,0,1,0,0,100,1.,0.,0.999969,0.,-0.13385,0,0,0
3757.809326,1289.793213,1067.674927,-526.056335,-620.82782,623.19397,-8736,-29166,-30772,1.852294,-4.999843,-1.349057,0,1,0,0,100,1.,0.,0.999969,0.,-0.13385,0,0,0
3749.030029,1279.443848,1077.914551,-526.729187,-621.059753,611.506409,-9681,-29432,-30736,1.875282,-4.995677,-1.332666,0,1,0,0,100,1.,0.,0.999969,0.,-0.13385,0,0,0
3744.639893,1274.263672,1082.959351,-527.041077,-621.160645,605.638062,-10153,-29581,-30694,1.885366,-4.994049,-1.324466,0,1,0,0,100,1.,0.,0.999969,0.,-0.13385,0,0,0
3740.249756,1269.083496,1087.954102,-527.332947,-621.251587,599.75885,-10625,-29745,-30638,1.894641,-4.99263,-1.316356,0,1,0,0,100,1.,0.,0.999969,0.,-0.13385,0,0,0
3735.850586,1263.90332,1092.899048,-527.604797,-621.33252,593.860535,-11096,-29928,-30563,1.903116,-4.991502,-1.308347,0,1,0,0,100,1.,0.,0.999969,0.,-0.13385,0,0,0
3731.450195,1258.723145,1097.802979,-527.856689,-621.403442,587.951233,-11567,-30136,-30458,1.910791,-4.990674,-1.300528,0,1,0,0,100,1.,0.,0.999969,0.,-0.13385,0,0,0
3727.050293,1253.542969,1102.657715,-528.088562,-621.464355,582.031982,-12037,-30378,-30315,1.917757,-4.989965,-1.292818,0,1,0,0,100,1.,0.,0.999969,0.,-0.13385,0,0,0
3722.650146,1248.362915,1107.462646,-528.300415,-621.51532,576.102783,-12505,-30665,-30127,1.924113,-4.989537,-1.285299,0,1,0,0,100,1.,0.,0.999969,0.,-0.13385,0,0,0
3718.249756,1243.182617,1112.217407,-528.49231,-621.54718,570.163513,-12971,-31016,-29876,1.929778,-4.989228,-1.27798,0,1,0,0,100,1.,0.,0.999969,0.,-0.13385,0,0,0
3713.84082,1238.002563,1116.922119,-528.664185,-621.568115,564.214233,-13433,-31462,-29525,1.934925,-4.989018,-1.270861,0,1,0,0,100,1.,0.,0.999969,0.,-0.13385,0,0,0
3709.430664,1232.822388,1121.577026,-528.81604,-621.579041,558.255005,-13889,-32055,-29028,1.939481,-4.989,-1.263942,0,1,0,0,100,1.,0.,0.999969,0.,-0.13385,0,0,0
3705.020508,1227.64209,1126.181763,-528.938843,-621.579956,552.2948,-14336,32649,-28290,1.943528,-4.98909,-1.257224,0,1,0,0,100,1.,0.,0.999969,0.,-0.13385,0,0,0
3700.610352,1222.462036,1130.736572,-529.04071,-621.570923,546.3255,-14765,31391,-27123,1.947165,-4.989281,-1.250795,0,1,0,0,100,1.,0.,0.999969,0.,-0.13385,0,0,0
3691.790039,1212.101685,1139.696167,-529.175354,-621.522766,534.385193,-15464,25642,-21559,1.95324,-4.989963,-1.238558,0,1,0,0,100,1.,0.,0.999969,0.,-0.13385,0,0,0
3687.379883,1206.921509,1144.100952,-529.207153,-621.483704,528.405884,-15581,19890,-15898,1.955677,-4.990453,-1.23283,0,1,0,0,100,1.,0.,0.999969,0.,-0.13385,0,0,0
3682.969727,1201.741455,1148.455688,-529.219055,-621.434631,522.42572,-15434,14342,-10440,1.957805,-4.990953,-1.227311,0,1,0,0,100,1.,0.,0.999969,0.,-0.13385,0,0,0
3678.55957,1196.561157,1152.760498,-529.201843,-621.375549,516.45459,-15112,10922,-7111,1.959633,-4.991544,-1.221992,0,1,0,0,100,1.,0.,0.999969,0.,-0.13385,0,0,0
3674.149658,1191.381104,1157.015381,-529.163696,-621.315552,510.484436,-14713,8980,-5260,1.961161,-4.992235,-1.216964,0,1,0,0,100,1.,0.,0.999969,0.,-0.13385,0,0,0
3669.739258,1186.200928,1161.220093,-529.096436,-621.24646,504.514221,-14280,7791,-4158,1.962389,-4.992935,-1.212146,0,1,0,0,100,1.,0.,0.999969,0.,-0.13385,0,0,0
3665.329102,1181.02063,1165.374878,-529.008362,-621.167419,498.544037,-13831,6997,-3456,1.963407,-4.993635,-1.207527,0,1,0,0,100,1.,0.,0.999969,0.,-0.13385,0,0,0
3660.919189,1175.840576,1169.479614,-528.900208,-621.078369,492.582947,-13372,6428,-2977,1.964226,-4.994335,-1.203199,0,1,0,0,100,1.,0.,0.999969,0.,-0.13385,0,0,0
3656.508789,1170.669434,1173.534424,-528.763,-620.979248,486.631805,-12908,5998,-2636,1.964844,-4.995125,-1.19908,0,1,0,0,100,1.,0.,0.999969,0.,-0.13385,0,0,0
3652.098877,1165.49939,1177.539185,-528.604797,-620.879272,480.68161,-12441,5658,-2386,1.965263,-4.995835,-1.195162,0,1,0,0,100,1.,0.,0.999969,0.,-0.13385,0,0,0
3647.697754,1160.329102,1181.493896,-528.426636,-620.770203,474.740509,-11971,5380,-2200,1.965481,-4.996625,-1.191443,0,1,0,0,100,1.,0.,0.999969,0.,-0.13385,0,0,0
3643.297607,1155.158936,1185.398682,-528.219482,-620.651123,468.809387,-11499,5145,-2056,1.965591,-4.997426,-1.187924,0,1,0,0,100,1.,0.,0.999969,0.,-0.13385,0,0,0
3634.497314,1144.818604,1193.058228,-527.743103,-620.402039,456.986267,-10552,4766,-1861,1.965509,-4.999026,-1.181487,0,1,0,0,100,1.,0.,0.999969,0.,-0.13385,0,0,0
3630.097168,1139.648438,1196.812988,-527.474976,-620.262939,451.095123,-10078,4608,-1798,1.965318,-4.999826,-1.178568,0,1,0,0,100,1.,0.,0.999969,0.,-0.13385,0,0,0
3625.706055,1134.478271,1200.526733,-527.186829,-620.122925,445.21402,-9603,4464,-1749,1.965028,-5.000535,-1.17585,0,1,0,0,100,1.,0.,0.999969,0.,-0.13385,0,0,0
3621.315918,1129.308105,1204.191528,-526.878662,-619.98291,439.35199,-9127,4332,-1713,1.964637,-5.001326,-1.17324,0,1,0,0,100,1.,0.,0.999969,0.,-0.13385,0,0,0
3616.926025,1124.138062,1207.806274,-526.550476,-619.833862,433.500885,-8652,4209,-1687,1.964146,-5.002035,-1.170822,0,1,0,0,100,1.,0.,0.999969,0.,-0.13385,0,0,0
3612.544678,1118.976929,1211.370972,-526.202332,-619.683838,427.668854,-8176,4094,-1670,1.963646,-5.002826,-1.168512,0,1,0,0,100,1.,0.,0.999969,0.,-0.13385,0,0,0
3608.164795,1113.816772,1214.88562,-525.834167,-619.52478,421.856812,-7700,3984,-1662,1.963055,-5.003535,-1.166394,0,1,0,0,100,1.,0.,0.999969,0.,-0.13385,0,0,0
3603.784424,1108.656494,1218.350342,-525.445984,-619.364746,416.064789,-7224,3880,-1661,1.962455,-5.004235,-1.164385,0,1,0,0,100,1.,0.,0.999969,0.,-0.13385,0,0,0
3599.404297,1103.49646,1221.765137,-525.046936,-619.204773,410.292755,-6748,3779,-1662,1.961765,-5.004935,-1.162566,0,1,0,0,100,1.,0.,0.999969,0.,-0.13385,0,0,0
3595.033203,1098.336304,1225.138916,-524.628723,-619.044739,404.54071,-6271,3682,-1673,1.961065,-5.005545,-1.160857,0,1,0,0,100,1.,0.,0.999969,0.,-0.13385,0,0,0
3590.66333,1093.176025,1228.463623,-524.190552,-618.884766,398.808716,-5795,3587,-1686,1.960365,-5.006236,-1.159248,0,1,0,0,100,1.,0.,0.999969,0.,-0.13385,0,0,0
3586.302002,1088.015869,1231.738281,-523.741516,-618.724731,393.096649,-5319,3493,-1706,1.959665,-5.006845,-1.157738,0,1,0,0,100,1.,0.,0.999969,0.,-0.13385,0,0,0
3577.581787,1077.714722,1238.146851,-522.80426,-618.404785,381.732635,-4368,3311,-1755,1.958264,-5.008045,-1.15502,0,1,0,0,100,1.,0.,0.999969,0.,-0.13385,0,0,0
3573.230713,1072.564453,1241.281494,-522.315125,-618.244751,376.080597,-3892,3221,-1786,1.957474,-5.008554,-1.153811,0,1,0,0,100,1.,0.,0.999969,0.,-0.13385,0,0,0
3568.880615,1067.414307,1244.366333,-521.81604,-618.084717,370.457672,-3417,3130,-1820,1.956764,-5.009145,-1.152701,0,1,0,0,100,1.,0.,0.999969,0.,-0.13385,0,0,0
3564.539551,1062.26416,1247.410034,-521.306946,-617.924683,364.855652,-2942,3040,-1859,1.956064,-5.009654,-1.151692,0,1,0,0,100,1.,0.,0.999969,0.,-0.13385,0,0,0
3560.199219,1057.114014,1250.404663,-520.787842,-617.764709,359.282684,-2468,2949,-1901,1.955364,-5.010154,-1.150783,0,1,0,0,100,1.,0.,0.999969,0.,-0.13385,0,0,0
3555.859375,1051.963867,1253.349487,-520.267822,-617.604675,353.730682,-1993,2856,-1946,1.954664,-5.010654,-1.149974,0,1,0,0,100,1.,0.,0.999969,0.,-0.13385,0,0,0
3551.528076,1046.813721,1256.253296,-519.73877,-617.453796,348.207733,-1519,2763,-1996,1.953964,-5.011063,-1.149173,0,1,0,0,100,1.,0.,0.999969,0.,-0.13385,0,0,0
3547.197998,1041.672607,1259.10791,-519.199646,-617.303772,342.705719,-1046,2668,-2049,1.953264,-5.011463,-1.148464,0,1,0,0,100,1.,0.,0.999969,0.,-0.13385,0,0,0
3542.876953,1036.532471,1261.921631,-518.659607,-617.162842,337.232788,-573,2570,-2107,1.952564,-5.011863,-1.147855,0,1,0,0,100,1.,0.,0.999969,0.,-0.13385,0,0,0
3538.556885,1031.392212,1264.686279,-518.119629,-617.022888,331.780792,-100,2471,-2168,1.951864,-5.012263,-1.147255,0,1,0,0,100,1.,0.,0.999969,0.,-0.13385,0,0,0
3534.24585,1026.252197,1267.410034,-517.570496,-616.891968,326.357849,371,2368,-2235,1.951164,-5.012663,-1.146746,0,1,0,0,100,1.,0.,0.999969,0.,-0.13385,0,0,0
3529.934814,1021.110779,1270.085327,-517.020325,-616.761902,320.954651,843,2263,-2306,1.950555,-5.013063,-1.146246,0,1,0,0,100,1.,0.,0.999969,0.,-0.13385,0,0,0
3521.333496,1010.830505,1275.303711,-515.929443,-616.520996,310.229736,1783,2040,-2463,1.949255,-5.013763,-1.145437,0,1,0,0,100,1.,0.,0.999969,0.,-0.13385,0,0,0
3517.04248,1005.690308,1277.847534,-515.389404,-616.410034,304.906799,2252,1921,-2551,1.948655,-5.014072,-1.145037,0,1,0,0,100,1.,0.,0.999969,0.,-0.13385,0,0,0
3512.752197,1000.550171,1280.342163,-514.849365,-616.309143,299.604828,2719,1798,-2644,1.948055,-5.014372,-1.144727,0,1,0,0,100,1.,0.,0.999969,0.,-0.13385,0,0,0
3508.462158,995.410034,1282.796021,-514.31842,-616.209167,294.322845,3186,1668,-2745,1.947455,-5.014672,-1.144427,0,1,0,0,100,1.,0.,0.999969,0.,-0.13385,0,0,0
3504.181396,990.278931,1285.209595,-513.788452,-616.118225,289.069916,3651,1532,-2853,1.946855,-5.014973,-1.144218,0,1,0,0,100,1.,0.,0.999969,0.,-0.13385,0,0,0
3499.901123,985.148804,1287.574219,-513.267517,-616.037292,283.837921,4115,1388,-2970,1.946346,-5.015182,-1.144018,0,1,0,0,100,1.,0.,0.999969,0.,-0.13385,0,0,0
3495.630127,980.018616,1289.898071,-512.756531,-615.96637,278.625946,4578,1236,-3096,1.945846,-5.015472,-1.143818,0,1,0,0,100,1.,0.,0.999969,0.,-0.13385,0,0,0
3491.359863,974.888428,1292.172729,-512.255615,-615.905457,273.443024,5038,1074,-3233,1.945346,-5.015682,-1.143618,0,1,0,0,100,1.,0.,0.999969,0.,-0.13385,0,0,0
3487.098877,969.758301,1294.406372,-511.76474,-615.854553,268.281036,5497,901,-3381,1.944846,-5.015882,-1.143509,0,1,0,0,100,1.,0.,0.999969,0.,-0.13385,0,0,0
3482.838623,964.628113,1296.600098,-511.283783,-615.804565,263.139038,5953,716,-3541,1.944346,-5.016082,-1.143409,0,1,0,0,100,1.,0.,0.999969,0.,-0.13385,0,0,0
3478.578613,959.497925,1298.753784,-510.812866,-615.763672,258.017059,6407,516,-3717,1.943936,-5.016282,-1.143309,0,1,0,0,100,1.,0.,0.999969,0.,-0.13385,0,0,0
3474.327637,954.367798,1300.858398,-510.351959,-615.732727,252.915085,6858,301,-3909,1.943536,-5.016482,-1.143209,0,1,0,0,100,1.,0.,0.999969,0.,-0.13385,0,0,0
3465.827148,944.107483,1304.945923,-509.479187,-615.700928,242.771118,7748,-188,-4352,1.942736,-5.016791,-1.143009,0,1,0,0,100,1.,0.,0.999969,0.,-0.13385,0,0,0
3461.586182,938.977295,1306.929565,-509.067352,-615.700012,237.729126,8187,-467,-4610,1.942336,-5.016982,-1.143,0,1,0,0,100,1.,0.,0.999969,0.,-0.13385,0,0,0
3457.346191,933.847168,1308.873291,-508.666412,-615.709045,232.698059,8621,-775,-4897,1.941936,-5.017091,-1.143,0,1,0,0,100,1.,0.,0.999969,0.,-0.13385,0,0,0
3453.105957,928.717041,1310.767822,-508.284576,-615.728149,227.686081,9048,-1116,-5216,1.941627,-5.017282,-1.143,0,1,0,0,100,1.,0.,0.999969,0.,-0.13385,0,0,0
3448.875,923.586853,1312.621582,-507.92276,-615.757263,222.685013,9467,-1495,-5574,1.941327,-5.017391,-1.143,0,1,0,0,100,1.,0.,0.999969,0.,-0.13385,0,0,0
3444.644775,918.456665,1314.435303,-507.580933,-615.796326,217.703049,9878,-1919,-5978,1.941027,-5.017491,-1.143,0,1,0,0,100,1.,0.,0.999969,0.,-0.13385,0,0,0
3440.414795,913.326538,1316.208984,-507.259094,-615.854553,212.731979,10277,-2396,-6434,1.940727,-5.017591,-1.143,0,1,0,0,100,1.,0.,0.999969,0.,-0.13385,0,0,0
3436.193359,908.19635,1317.942749,-506.957275,-615.923645,207.770905,10664,-2935,-6953,1.940427,-5.017691,-1.143,0,1,0,0,100,1.,0.,0.999969,0.,-0.13385,0,0,0
3431.973389,903.066162,1319.636353,-506.675446,-616.002747,202.819839,11035,-3547,-7545,1.940127,-5.017791,-1.143091,0,1,0,0,100,1.,0.,0.999969,0.,-0.13385,0,0,0
3427.753174,897.936035,1321.290039,-506.413605,-616.091797,197.878769,11386,-4243,-8221,1.939827,-5.017891,-1.143191,0,1,0,0,100,1.,0.,0.999969,0.,-0.13385,0,0,0
3423.533203,892.805847,1322.894653,-506.171783,-616.190918,192.947708,11714,-5038,-8998,1.939618,-5.017991,-1.143291,0,1,0,0,100,1.,0.,0.999969,0.,-0.13385,0,0,0
3419.312988,887.666565,1324.458374,-505.949951,-616.299988,188.026657,12012,-5943,-9882,1.939418,-5.018091,-1.143391,0,1,0,0,100,1.,0.,0.999969,0.,-0.13385,0,0,0
3410.891846,877.386292,1327.465698,-505.585388,-616.548218,178.205429,12494,-8119,-12019,1.939018,-5.018191,-1.143491,0,1,0,0,100,1.,0.,0.999969,0.,-0.13385,0,0,0
3406.681641,872.246094,1328.909302,-505.433594,-616.687317,173.304367,12664,-9388,-13268,1.938818,-5.0182,-1.143591,0,1,0,0,100,1.,0.,0.999969,0.,-0.13385,0,0,0
3402.471436,867.105957,1330.312988,-505.310852,-616.836365,168.404205,12776,-10754,-14617,1.938618,-5.018291,-1.143691,0,1,0,0,100,1.,0.,0.999969,0.,-0.13385,0,0,0
3398.261475,861.96582,1331.676636,-505.209045,-616.995483,163.504059,12825,-12181,-16025,1.938418,-5.0183,-1.143791,0,1,0,0,100,1.,0.,0.999969,0.,-0.13385,0,0,0
3394.05127,856.825623,1333.000366,-505.127228,-617.164612,158.603912,12808,-13621,-17446,1.938218,-5.018391,-1.143891,0,1,0,0,100,1.,0.,0.999969,0.,-0.13385,0,0,0
3389.841309,851.685486,1334.284058,-505.074493,-617.343689,153.703751,12727,-15023,-18827,1.938018,-5.0184,-1.143991,0,1,0,0,100,1.,0.,0.999969,0.,-0.13385,0,0,0
3385.631104,846.536255,1335.52771,-505.042694,-617.532776,148.803604,12585,-16344,-20128,1.937909,-5.018491,-1.144091,0,1,0,0,100,1.,0.,0.999969,0.,-0.13385,0,0,0
3381.421143,841.386047,1336.731323,-505.039978,-617.722778,143.903442,12389,-17555,-21320,1.937718,-5.0185,-1.144191,0,1,0,0,100,1.,0.,0.999969,0.,-0.13385,0,0,0
3377.210693,836.23584,1337.885986,-505.058197,-617.921936,138.994202,12147,-18642,-22389,1.937609,-5.0185,-1.144291,0,1,0,0,100,1.,0.,0.999969,0.,-0.13385,0,0,0
3373.000488,831.085754,1338.999634,-505.096375,-618.130981,134.08403,11866,-19606,-23333,1.937509,-5.0185,-1.144391,0,1,0,0,100,1.,0.,0.999969,0.,-0.13385,0,0,0
3368.790527,825.935547,1340.073242,-505.163666,-618.350098,129.164795,11552,-20454,-24161,1.937409,-5.0185,-1.144491,0,1,0,0,100,1.,0.,0.999969,0.,-0.13385,0,0,0
3360.370361,815.62616,1342.100464,-505.360046,-618.809204,119.305382,10850,-21850,-25517,1.937209,-5.0186,-1.144691,0,1,0,0,100,1.,0.,0.999969,0.,-0.13385,0,0,0
3356.160156,810.466003,1343.054199,-505.497345,-619.04834,114.366127,10471,-22424,-26069,1.937109,-5.0186,-1.144791,0,1,0,0,100,1.,0.,0.999969,0.,-0.13385,0,0,0
3351.949951,805.305786,1343.967773,-505.655548,-619.297424,109.416878,10077,-22930,-26556,1.937009,-5.0186,-1.144891,0,1,0,0,100,1.,0.,0.999969,0.,-0.13385,0,0,0
3347.730713,800.14563,1344.841431,-505.83374,-619.547424,104.448524,9672,-23380,-26984,1.936909,-5.0186,-1.144991,0,1,0,0,100,1.,0.,0.999969,0.,-0.13385,0,0,0
3343.510498,794.97644,1345.675171,-506.031952,-619.806519,99.469261,9256,-23780,-27363,1.936809,-5.0186,-1.145091,0,1,0,0,100,1.,0.,0.999969,0.,-0.13385,0,0,0
3339.290527,789.806213,1346.459717,-506.259247,-620.066528,94.480011,8833,-24139,-27701,1.9368,-5.0186,-1.145191,0,1,0,0,100,1.,0.,0.999969,0.,-0.13385,0,0,0
3335.070312,784.636047,1347.203369,-506.507446,-620.335632,89.471657,8403,-24463,-28004,1.9368,-5.0186,-1.145291,0,1,0,0,100,1.,0.,0.999969,0.,-0.13385,0,0,0
3330.850342,779.465942,1347.90686,-506.775665,-620.605652,84.4524,7966,-24755,-28274,1.936709,-5.0186,-1.145391,0,1,0,0,100,1.,0.,0.999969,0.,-0.13385,0,0,0
3326.621094,774.295715,1348.570557,-507.063873,-620.875671,79.41404,7525,-25022,-28519,1.9367,-5.0186,-1.145491,0,1,0,0,100,1.,0.,0.999969,0.,-0.13385,0,0,0
3322.390869,769.116455,1349.194214,-507.362976,-621.154785,74.355682,7080,-25266,-28740,1.9367,-5.0186,-1.1455,0,1,0,0,100,1.,0.,0.999969,0.,-0.13385,0,0,0
3318.160889,763.936279,1349.768677,-507.681183,-621.434753,69.286423,6630,-25490,-28940,1.9367,-5.0186,-1.1455,0,1,0,0,100,1.,0.,0.999969,0.,-0.13385,0,0,0
3313.93042,758.756165,1350.302246,-508.019379,-621.714783,64.198067,6178,-25697,-29124,1.9367,-5.0186,-1.1455,0,1,0,0,100,1.,0.,0.999969,0.,-0.13385,0,0,0
3305.451172,748.386719,1351.249512,-508.746735,-622.283936,53.961338,5265,-26068,-29444,1.9367,-5.0186,-1.1455,0,1,0,0,100,1.,0.,0.999969,0.,-0.13385,0,0,0
3301.210938,743.196533,1351.653931,-509.134918,-622.573914,48.812977,4806,-26235,-29586,1.9367,-5.0186,-1.1455,0,1,0,0,100,1.,0.,0.999969,0.,-0.13385,0,0,0
3296.96167,738.006409,1352.017578,-509.534027,-622.863953,43.635509,4344,-26392,-29716,1.9367,-5.0186,-1.1455,0,1,0,0,100,1.,0.,0.999969,0.,-0.13385,0,0,0
3292.71167,732.816223,1352.341187,-509.943146,-623.153931,38.437141,3881,-26540,-29836,1.9367,-5.0186,-1.1455,0,1,0,0,100,1.,0.,0.999969,0.,-0.13385,0,0,0
3288.461426,727.616943,1352.615723,-510.362274,-623.443909,33.218777,3416,-26680,-29948,1.9367,-5.0186,-1.1455,0,1,0,0,100,1.,0.,0.999969,0.,-0.13385,0,0,0
3284.202148,722.416809,1352.849365,-510.791382,-623.724854,27.971302,2950,-26812,-30051,1.9367,-5.0186,-1.1455,0,1,0,0,100,1.,0.,0.999969,0.,-0.13385,0,0,0
3279.942139,717.216675,1353.042847,-511.230499,-624.004822,22.70293,2482,-26939,-30148,1.9367,-5.0186,-1.1455,0,1,0,0,100,1.,0.,0.999969,0.,-0.13385,0,0,0
3275.682129,712.016479,1353.187378,-511.679626,-624.284851,17.41456,2014,-27059,-30238,1.9367,-5.0186,-1.1455,0,1,0,0,100,1.,0.,0.999969,0.,-0.13385,0,0,0
3271.411865,706.814941,1353.291016,-512.138855,-624.564941,12.095701,1544,-27175,-30321,1.9367,-5.0186,-1.1455,0,1,0,0,100,1.,0.,0.999969,0.,-0.13385,0,0,0
3267.141602,701.605713,1353.345459,-512.607971,-624.844971,6.757319,1074,-27286,-30399,1.9367,-5.0186,-1.1455,0,1,0,0,100,1.,0.,0.999969,0.,-0.13385,0,0,0
3262.862305,696.395508,1353.359131,-513.078003,-625.115906,1.389833,603,-27394,-30471,1.9367,-5.0186,-1.1455,0,1,0,0,100,1.,0.,0.999969,0.,-0.141724,0,0,0
3258.582275,691.185364,1353.323486,-513.557129,-625.385864,-3.989444,132,-27497,-30539,1.9367,-5.0186,-1.1455,0,1,0,0,100,1.,0.,0.999969,0.,-0.141724,0,0,0
3254.302002,685.97522,1353.24707,-514.03717,-625.64679,-9.396936,-341,-27598,-30602,1.934605,-5.01942,-1.145409,0,1,0,0,100,1.,0.,0.999969,0.,-0.157471,0,0,0
3245.722656,675.535767,1352.955078,-514.997131,-626.157715,-20.282816,-1287,-27793,-30715,1.930478,-5.020937,-1.145491,0,1,0,0,100,1.,0.,0.999969,0.,-0.157471,0,0,0
3241.423584,670.315613,1352.739624,-515.477173,-626.407715,-25.761204,-1761,-27887,-30766,1.924471,-5.023186,-1.146137,0,1,0,0,100,1.,0.,0.999969,0.,-0.165344,0,0,0
3237.123291,665.095459,1352.483154,-515.957214,-626.64856,-31.268702,-2235,-27979,-30814,1.918344,-5.025312,-1.147111,0,1,0,0,100,1.,0.,0.999969,0.,-0.173218,0,0,0
3232.823242,659.875244,1352.177612,-516.437195,-626.879456,-36.797096,-2710,-28070,-30859,1.910513,-5.027868,-1.148657,0,1,0,0,100,1.,0.,0.999969,0.,-0.181091,0,0,0
3228.513916,654.645996,1351.822021,-516.917175,-627.109497,-42.354595,-3184,-28161,-30900,1.900964,-5.030924,-1.151077,0,1,0,0,100,1.,0.,0.999969,0.,-0.181091,0,0,0
3224.203613,649.415833,1351.425659,-517.388123,-627.330383,-47.932987,-3659,-28250,-30940,1.889806,-5.034388,-1.154397,0,1,0,0,100,1.,0.,0.999969,0.,-0.188965,0,0,0
3219.884521,644.185669,1350.97998,-517.858093,-627.541321,-53.531384,-4135,-28340,-30977,1.879235,-5.037524,-1.15807,0,1,0,0,100,1.,0.,0.999969,0.,-0.188965,0,0,0
3215.564453,638.955505,1350.484497,-518.319031,-627.751282,-59.158894,-4610,-28429,-31010,1.867368,-5.040806,-1.162864,0,1,0,0,100,1.,0.,0.999969,0.,-0.188965,0,0,0
3211.244141,633.725342,1349.94812,-518.769958,-627.952148,-64.807289,-5085,-28518,-31042,1.856188,-5.043742,-1.167946,0,1,0,0,100,1.,0.,0.999969,0.,-0.188965,0,0,0
3206.915039,628.495117,1349.362427,-519.210876,-628.143066,-70.475685,-5561,-28608,-31072,1.845816,-5.046369,-1.173229,0,1,0,0,100,1.,0.,0.999969,0.,-0.188965,0,0,0
3202.584961,623.255859,1348.726807,-519.650879,-628.323975,-76.173203,-6037,-28699,-31097,1.836245,-5.048604,-1.17862,0,1,0,0,100,1.,0.,0.999969,0.,-0.188965,0,0,0
3198.254639,618.015747,1348.04126,-520.072632,-628.494873,-81.891609,-6512,-28792,-31119,1.827382,-5.050531,-1.184111,0,1,0,0,100,1.,0.,0.999969,0.,-0.188965,0,0,0
3189.575439,607.5354,1346.539307,-520.88446,-628.806702,-93.388412,-7463,-28982,-31151,1.811857,-5.053484,-1.195303,0,1,0,0,100,1.,0.,0.999969,0.,-0.188965,0,0,0
3185.235107,602.295166,1345.713745,-521.275391,-628.94751,-99.166824,-7939,-29082,-31161,1.805095,-5.054602,-1.200903,0,1,0,0,100,1.,0.,0.999969,0.,-0.188965,0,0,0
3180.885986,597.055054,1344.838135,-521.647156,-629.07843,-104.965225,-8414,-29186,-31165,1.798941,-5.055429,-1.206412,0,1,0,0,100,1.,0.,0.999969,0.,-0.188965,0,0,0
3176.535889,591.81488,1343.912476,-522.008057,-629.199341,-110.774521,-8889,-29295,-31164,1.793388,-5.056138,-1.211912,0,1,0,0,100,1.,0.,0.999969,0.,-0.188965,0,0,0
3172.185791,586.574707,1342.93689,-522.349854,-629.310242,-116.602928,-9365,-29410,-31154,1.788343,-5.056655,-1.217321,0,1,0,0,100,1.,0.,0.999969,0.,-0.188965,0,0,0
3167.826416,581.325439,1341.92041,-522.671631,-629.411133,-122.45134,-9840,-29533,-31134,1.783799,-5.056973,-1.22263,0,1,0,0,100,1.,0.,0.999969,0.,-0.188965,0,0,0
3163.466309,576.075256,1340.854858,-522.973389,-629.502014,-128.310638,-10314,-29665,-31106,1.779663,-5.057091,-1.227748,0,1,0,0,100,1.,0.,0.999969,0.,-0.188965,0,0,0
3159.106201,570.825134,1339.739258,-523.264282,-629.582886,-134.189056,-10789,-29810,-31065,1.776019,-5.057191,-1.232757,0,1,0,0,100,1.,0.,0.999969,0.,-0.188965,0,0,0
3154.746094,565.574951,1338.573608,-523.536072,-629.653748,-140.078339,-11263,-29972,-31006,1.772783,-5.057109,-1.237666,0,1,0,0,100,1.,0.,0.999969,0.,-0.188965,0,0,0
3150.376953,560.324768,1337.358032,-523.787842,-629.714661,-145.977661,-11736,-30154,-30924,1.769948,-5.056918,-1.242384,0,1,0,0,100,1.,0.,0.999969,0.,-0.188965,0,0,0
3146.006592,555.074646,1336.092407,-524.019653,-629.765564,-151.886963,-12209,-30366,-30813,1.767512,-5.056717,-1.246993,0,1,0,0,100,1.,0.,0.999969,0.,-0.188965,0,0,0
3141.636719,549.824463,1334.776733,-524.22229,-629.806458,-157.806259,-12680,-30617,-30661,1.765386,-5.056335,-1.251411,0,1,0,0,100,1.,0.,0.999969,0.,-0.188965,0,0,0
3132.89624,539.324097,1331.995483,-524.565857,-629.858215,-169.674866,-13616,-31321,-30156,1.762033,-5.055444,-1.259646,0,1,0,0,100,1.,0.,0.999969,0.,-0.188965,0,0,0
3128.526123,534.073975,1330.529907,-524.707581,-629.869141,-175.624161,-14079,-31854,-29723,1.760715,-5.054944,-1.263555,0,1,0,0,100,1.,0.,0.999969,0.,-0.188965,0,0,0
3124.156006,528.823792,1329.014282,-524.820312,-629.869995,-181.574356,-14534,-32625,-29051,1.759688,-5.054353,-1.267273,0,1,0,0,100,1.,0.,0.999969,0.,-0.188965,0,0,0
3119.785889,523.573608,1327.448608,-524.912048,-629.869995,-187.533661,-14975,31680,-27922,1.758871,-5.053753,-1.270791,0,1,0,0,100,1.,0.,0.999969,0.,-0.188965,0,0,0
3115.415771,518.323486,1325.833008,-524.983826,-629.86084,-193.493835,-15382,29440,-25781,1.758253,-5.053153,-1.274109,0,1,0,0,100,1.,0.,0.999969,0.,-0.188965,0,0,0
3111.036377,513.073303,1324.167358,-525.026428,-629.841736,-199.454041,-15693,24815,-21252,1.757744,-5.052553,-1.277226,0,1,0,0,100,1.,0.,0.999969,0.,-0.188965,0,0,0
3106.656494,507.82312,1322.45166,-525.048218,-629.812622,-205.42334,-15747,17142,-13679,1.757426,-5.051862,-1.280235,0,1,0,0,100,1.,0.,0.999969,0.,-0.188965,0,0,0
3102.276123,502.572968,1320.686157,-525.049988,-629.773499,-211.393524,-15495,11404,-8043,1.757309,-5.051253,-1.283053,0,1,0,0,100,1.,0.,0.999969,0.,-0.188965,0,0,0
3097.895996,497.322784,1318.870361,-525.022583,-629.724365,-217.363724,-15108,8620,-5359,1.7573,-5.050561,-1.285671,0,1,0,0,100,1.,0.,0.999969,0.,-0.188965,0,0,0
3093.524902,492.072632,1317.004761,-524.974365,-629.665283,-223.324783,-14675,7160,-4000,1.757391,-5.049861,-1.28818,0,1,0,0,100,1.,0.,0.999969,0.,-0.188965,0,0,0
3089.155029,486.822449,1315.098145,-524.897034,-629.605286,-229.284973,-14223,6277,-3217,1.757582,-5.049253,-1.290497,0,1,0,0,100,1.,0.,0.999969,0.,-0.188965,0,0,0
3084.784668,481.572296,1313.142578,-524.798767,-629.536133,-235.236038,-13763,5683,-2723,1.757874,-5.048562,-1.292615,0,1,0,0,100,1.,0.,0.999969,0.,-0.188965,0,0,0
3076.044434,471.081085,1309.081299,-524.523193,-629.377014,-247.127304,-12830,4919,-2165,1.758665,-5.047353,-1.296533,0,1,0,0,100,1.,0.,0.999969,0.,-0.188965,0,0,0
3071.674316,465.840912,1306.975586,-524.354919,-629.287903,-253.05838,-12360,4651,-2001,1.759156,-5.046661,-1.29825,0,1,0,0,100,1.,0.,0.999969,0.,-0.188965,0,0,0
3067.304199,460.600739,1304.819946,-524.157593,-629.188782,-258.988556,-11889,4427,-1883,1.759747,-5.046053,-1.299859,0,1,0,0,100,1.,0.,0.999969,0.,-0.188965,0,0,0
3062.934082,455.360596,1302.614136,-523.939331,-629.088745,-264.909607,-11417,4234,-1798,1.760347,-5.045453,-1.301368,0,1,0,0,100,1.,0.,0.999969,0.,-0.188965,0,0,0
3058.572998,450.120453,1300.358521,-523.701111,-628.979614,-270.811554,-10944,4065,-1738,1.760947,-5.044944,-1.302777,0,1,0,0,100,1.,0.,0.999969,0.,-0.188965,0,0,0
3054.212891,444.880249,1298.052856,-523.44281,-628.869629,-276.702637,-10471,3913,-1695,1.761547,-5.044353,-1.303995,0,1,0,0,100,1.,0.,0.999969,0.,-0.188965,0,0,0
3049.852783,439.640106,1295.697266,-523.164612,-628.759644,-282.58371,-9998,3775,-1666,1.762239,-5.043844,-1.305103,0,1,0,0,100,1.,0.,0.999969,0.,-0.188965,0,0,0
3045.492676,434.399933,1293.291504,-522.857239,-628.640564,-288.454773,-9525,3646,-1651,1.762939,-5.043344,-1.306112,0,1,0,0,100,1.,0.,0.999969,0.,-0.188965,0,0,0
3041.141602,429.15976,1290.835815,-522.528931,-628.520569,-294.306702,-9052,3526,-1646,1.763639,-5.042844,-1.307021,0,1,0,0,100,1.,0.,0.999969,0.,-0.188965,0,0,0
3036.791504,423.919586,1288.3302,-522.180664,-628.400513,-300.138641,-8578,3412,-1650,1.764339,-5.042435,-1.30783,0,1,0,0,100,1.,0.,0.999969,0.,-0.188965,0,0,0
3032.441162,418.679443,1285.783569,-521.821533,-628.271423,-305.959717,-8105,3304,-1660,1.765039,-5.041944,-1.30863,0,1,0,0,100,1.,0.,0.999969,0.,-0.188965,0,0,0
3028.091309,413.448395,1283.187866,-521.443298,-628.141418,-311.761627,-7632,3199,-1675,1.765739,-5.041535,-1.309339,0,1,0,0,100,1.,0.,0.999969,0.,-0.188965,0,0,0
3019.410156,402.988068,1277.846436,-520.62677,-627.881409,-323.305511,-6686,2998,-1725,1.767139,-5.040735,-1.310456,0,1,0,0,100,1.,0.,0.999969,0.,-0.188965,0,0,0
3015.079102,397.757904,1275.100708,-520.197632,-627.751343,-329.047424,-6214,2900,-1757,1.767839,-5.040426,-1.310956,0,1,0,0,100,1.,0.,0.999969,0.,-0.188965,0,0,0
3010.748779,392.52771,1272.314087,-519.749329,-627.621338,-334.769379,-5742,2803,-1792,1.768448,-5.040035,-1.311365,0,1,0,0,100,1.,0.,0.999969,0.,-0.188965,0,0,0
3006.41748,387.296021,1269.477661,-519.2901,-627.491333,-340.472992,-5269,2707,-1832,1.769048,-5.039726,-1.311765,0,1,0,0,100,1.,0.,0.999969,0.,-0.188965,0,0,0
3002.096436,382.065857,1266.591919,-518.811829,-627.361328,-346.154907,-4798,2611,-1876,1.769648,-5.039426,-1.312074,0,1,0,0,100,1.,0.,0.999969,0.,-0.188965,0,0,0
2997.776367,376.835693,1263.656128,-518.322632,-627.231323,-351.816833,-4327,2515,-1924,1.770248,-5.039126,-1.312374,0,1,0,0,100,1.,0.,0.999969,0.,-0.188965,0,0,0
2993.465332,371.60553,1260.679443,-517.823547,-627.101318,-357.449646,-3856,2419,-1977,1.770848,-5.038917,-1.312583,0,1,0,0,100,1.,0.,0.999969,0.,-0.188965,0,0,0
2989.155273,366.384491,1257.653809,-517.314392,-626.980408,-363.061554,-3386,2322,-2033,1.771356,-5.038626,-1.312783,0,1,0,0,100,1.,0.,0.999969,0.,-0.188965,0,0,0
2984.845215,361.164307,1254.578003,-516.795227,-626.860413,-368.653442,-2916,2223,-2092,1.771856,-5.038417,-1.312891,0,1,0,0,100,1.,0.,0.999969,0.,-0.188965,0,0,0
2980.543945,355.944153,1251.461426,-516.266113,-626.740417,-374.216248,-2447,2123,-2156,1.772356,-5.038217,-1.312991,0,1,0,0,100,1.,0.,0.999969,0.,-0.188965,0,0,0
2976.243896,350.723999,1248.295654,-515.736084,-626.629578,-379.758179,-1978,2021,-2224,1.772856,-5.038017,-1.313091,0,1,0,0,100,1.,0.,0.999969,0.,-0.188965,0,0,0
2971.952881,345.503815,1245.088989,-515.196899,-626.519592,-385.270966,-1510,1916,-2295,1.773356,-5.037909,-1.3131,0,1,0,0,100,1.,0.,0.999969,0.,-0.196838,0,0,0
2963.381836,335.063477,1238.527588,-514.097778,-626.318665,-396.225647,-577,1699,-2452,1.776265,-5.036787,-1.313191,0,1,0,0,100,1.,0.,0.999969,0.,-0.212585,0,0,0
2959.101562,329.843323,1235.180908,-513.547791,-626.227783,-401.667542,-112,1585,-2538,1.778874,-5.035878,-1.3132,0,1,0,0,100,1.,0.,0.992065,0.,-0.220459,0,0,0
2954.830566,324.623138,1231.785156,-512.997742,-626.137817,-407.089478,353,1468,-2629,1.785492,-5.033608,-1.312926,0,1,0,0,100,1.,0.,0.999969,0.,-0.220459,0,0,0
2950.560547,319.402985,1228.348511,-512.447693,-626.056946,-412.482239,816,1346,-2727,1.794502,-5.03066,-1.312169,0,1,0,0,100,1.,0.,0.999969,0.,-0.228333,0,0,0
2946.290283,314.182831,1224.862671,-511.897675,-625.976929,-417.854126,1278,1220,-2831,1.80288,-5.027934,-1.311004,0,1,0,0,100,1.,0.,0.999969,0.,-0.228333,0,0,0
2942.029297,308.962646,1221.336182,-511.347687,-625.906006,-423.19693,1738,1087,-2943,1.812733,-5.024869,-1.309165,0,1,0,0,100,1.,0.,0.992065,0.,-0.228333,0,0,0
2937.769287,303.742493,1217.769409,-510.797668,-625.845154,-428.518799,2197,949,-3063,1.822185,-5.022043,-1.306991,0,1,0,0,100,1.,0.,0.992065,0.,-0.236206,0,0,0
2933.518311,298.531464,1214.153687,-510.24765,-625.794312,-433.811584,2653,804,-3190,1.831311,-5.019334,-1.304425,0,1,0,0,100,1.,0.,0.992065,0.,-0.236206,0,0,0
2929.268066,293.32132,1210.496948,-509.706787,-625.744324,-439.083466,3108,651,-3328,1.841873,-5.01636,-1.300912,0,1,0,0,100,1.,0.,0.992065,0.,-0.251953,0,0,0
2925.0271,288.111145,1206.79126,-509.175873,-625.703491,-444.335358,3561,490,-3475,1.851934,-5.013725,-1.297038,0,1,0,0,100,1.,0.,0.992065,0.,-0.251953,0,0,0
2920.786865,282.90097,1203.044556,-508.645844,-625.672607,-449.558136,4011,320,-3632,1.865131,-5.010303,-1.291219,0,1,0,0,100,1.,0.,0.992065,0.,-0.259827,0,0,0
2916.555908,277.690796,1199.257935,-508.124969,-625.651672,-454.76004,4458,138,-3804,1.87781,-5.007168,-1.284945,0,1,0,0,100,1.,0.,0.992065,0.,-0.259827,0,0,0
2908.095703,267.270508,1191.54541,-507.11322,-625.640015,-465.103821,5343,-261,-4187,1.904011,-5.001142,-1.269674,0,1,0,0,100,1.,0.,0.992065,0.,-0.259827,0,0,0
2903.874756,262.060303,1187.628784,-506.622345,-625.649109,-470.245728,5780,-482,-4402,1.915697,-4.998707,-1.261783,0,1,0,0,100,1.,0.,0.992065,0.,-0.259827,0,0,0
2899.654541,256.850159,1183.662964,-506.141449,-625.668274,-475.367615,6212,-720,-4634,1.926384,-4.996582,-1.253883,0,1,0,0,100,1.,0.,0.992065,0.,-0.2677,0,0,0
2895.443359,251.639984,1179.65625,-505.679718,-625.697449,-480.469513,6639,-977,-4889,1.936162,-4.994847,-1.245891,0,1,0,0,100,1.,0.,0.992065,0.,-0.259827,0,0,0
2891.233398,246.429825,1175.609741,-505.228851,-625.736511,-485.551392,7061,-1256,-5164,1.946685,-4.993055,-1.23652,0,1,0,0,100,1.,0.,0.992065,0.,-0.2677,0,0,0
2887.023193,241.219666,1171.522949,-504.797089,-625.785645,-490.613251,7476,-1558,-5467,1.954818,-4.991803,-1.228573,0,1,0,0,100,1.,0.,0.992065,0.,-0.2677,0,0,0
2882.822266,236.000351,1167.39624,-504.376221,-625.844788,-495.664276,7883,-1888,-5795,1.963541,-4.990695,-1.219311,0,1,0,0,100,1.,0.,0.992065,0.,-0.2677,0,0,0
2878.622314,230.780197,1163.220459,-503.974487,-625.91394,-500.696167,8282,-2248,-6157,1.971519,-4.989778,-1.210093,0,1,0,0,100,1.,0.,0.992065,0.,-0.2677,0,0,0
2874.421875,225.560043,1159.003784,-503.592773,-625.993103,-505.708038,8672,-2643,-6555,1.978688,-4.989151,-1.201076,0,1,0,0,100,1.,0.,0.992065,0.,-0.2677,0,0,0
2870.230957,220.339874,1154.747192,-503.221893,-626.082214,-510.709076,9050,-3078,-6994,1.985057,-4.988734,-1.192258,0,1,0,0,100,1.,0.,0.984192,0.,-0.299194,0,0,0
2866.041016,215.119705,1150.450439,-502.870148,-626.181396,-515.700134,9415,-3556,-7475,1.990718,-4.988517,-1.183641,0,1,0,0,100,1.,0.,0.984192,0.,-0.291321,0,0,0
2861.85083,209.899536,1146.11377,-502.538391,-626.290527,-520.671936,9764,-4085,-8012,2.000339,-4.9885,-1.167455,0,1,0,0,100,1.,0.,0.984192,0.,-0.291321,0,0,0
2853.479492,199.459198,1137.311157,-501.934967,-626.538818,-530.584045,10406,-5312,-9252,2.014832,-4.989157,-1.139279,0,1,0,0,100,1.,0.,0.984192,0.,-0.299194,0,0,0
2849.299561,194.239044,1132.844482,-501.663208,-626.677979,-535.525024,10692,-6022,-9974,2.020518,-4.98984,-1.126035,0,1,0,0,100,1.,0.,0.984192,0.,-0.307068,0,0,0
2845.119385,189.018875,1128.337769,-501.420624,-626.827087,-540.46521,10950,-6801,-10765,2.026118,-4.990905,-1.111281,0,1,0,0,100,1.,0.,0.984192,0.,-0.307068,0,0,0
2840.939209,183.789566,1123.791138,-501.198914,-626.986267,-545.39624,11175,-7651,-11626,2.031536,-4.99228,-1.094918,0,1,0,0,100,1.,0.,0.984192,0.,-0.314941,0,0,0
2836.768311,178.559418,1119.204346,-500.997162,-627.155396,-550.3172,11364,-8570,-12560,2.036022,-4.993954,-1.079149,0,1,0,0,100,1.,0.,0.984192,0.,-0.314941,0,0,0
2832.598145,173.329239,1114.577637,-500.81546,-627.334534,-555.237366,11512,-9550,-13555,2.040056,-4.995928,-1.061986,0,1,0,0,100,1.,0.,0.984192,0.,-0.314941,0,0,0
2828.427979,168.099075,1109.911011,-500.653717,-627.523682,-560.157532,11616,-10582,-14604,2.043234,-4.998111,-1.045417,0,1,0,0,100,1.,0.,0.984192,0.,-0.314941,0,0,0
2824.257812,162.868912,1105.204224,-500.521149,-627.722839,-565.068542,11672,-11647,-15687,2.045511,-5.000494,-1.029739,0,1,0,0,100,1.,0.,0.984192,0.,-0.314941,0,0,0
2820.087891,157.638748,1100.45752,-500.409424,-627.932007,-569.978699,11679,-12726,-16787,2.04698,-5.002894,-1.01487,0,1,0,0,100,1.,0.,0.984192,0.,-0.314941,0,0,0
2815.917725,152.408569,1095.670898,-500.317719,-628.151123,-574.888855,11636,-13795,-17876,2.04774,-5.005385,-1.000801,0,1,0,0,100,1.,0.,0.984192,0.,-0.314941,0,0,0
2811.747559,147.169281,1090.834961,-500.255157,-628.380249,-579.799011,11545,-14835,-18938,2.047891,-5.007977,-0.987532,0,1,0,0,100,1.,0.,0.984192,0.,-0.314941,0,0,0
2807.577393,141.929108,1085.95813,-500.213409,-628.619446,-584.718323,11410,-15826,-19954,2.047443,-5.010669,-0.975063,0,1,0,0,100,1.,0.,0.984192,0.,-0.314941,0,0,0
2799.237061,131.448776,1076.084839,-500.199127,-629.127686,-594.558594,11017,-17620,-21797,2.04512,-5.015969,-0.952434,0,1,0,0,100,1.,0.,0.984192,0.,-0.314941,0,0,0
2795.066895,126.199471,1071.088135,-500.227417,-629.396851,-599.487915,10768,-18411,-22616,2.043354,-5.018577,-0.942173,0,1,0,0,100,1.,0.,0.984192,0.,-0.314941,0,0,0
2790.896973,120.949303,1066.051392,-500.275726,-629.676025,-604.427185,10491,-19132,-23364,2.041188,-5.021269,-0.932613,0,1,0,0,100,1.,0.,0.976318,0.,-0.330688,0,0,0
2786.726562,115.699142,1060.974487,-500.343994,-629.956055,-609.367371,10189,-19784,-24046,2.038714,-5.023878,-0.923753,0,1,0,0,100,1.,0.,0.976318,0.,-0.330688,0,0,0
2782.556641,110.448975,1055.857788,-500.441437,-630.245178,-614.31665,9865,-20374,-24668,2.034659,-5.027849,-0.911203,0,1,0,0,100,1.,0.,0.976318,0.,-0.330688,0,0,0
2778.386475,105.198807,1050.701172,-500.559723,-630.544373,-619.276001,9523,-20906,-25233,2.030093,-5.031858,-0.899126,0,1,0,0,100,1.,0.,0.976318,0.,-0.330688,0,0,0
2774.216309,99.939491,1045.495117,-500.698029,-630.84436,-624.2453,9165,-21387,-25747,2.02531,-5.035767,-0.887949,0,1,0,0,100,1.,0.,0.976318,0.,-0.330688,0,0,0
2770.046143,94.679329,1040.248413,-500.856323,-631.153503,-629.224548,8794,-21820,-26215,2.020327,-5.039575,-0.877671,0,1,0,0,100,1.,0.,0.976318,0.,-0.330688,0,0,0
2765.866943,89.419167,1034.96167,-501.034607,-631.472656,-634.223022,8411,-22213,-26647,2.015144,-5.043284,-0.868203,0,1,0,0,100,1.,0.,0.976318,0.,-0.330688,0,0,0
2761.686768,84.149849,1029.634888,-501.232941,-631.792664,-639.2323,8018,-22568,-27038,2.009852,-5.046893,-0.859534,0,1,0,0,100,1.,0.,0.976318,0.,-0.338562,0,0,0
2757.506592,78.879684,1024.268188,-501.451233,-632.121826,-644.260803,7616,-22891,-27402,2.004461,-5.050401,-0.851665,0,1,0,0,100,1.,0.,0.968445,0.,-0.338562,0,0,0
2753.326416,73.609512,1018.86145,-501.689514,-632.451843,-649.30011,7207,-23185,-27739,1.99778,-5.054451,-0.842859,0,1,0,0,100,1.,0.,0.968445,0.,-0.346436,0,0,0
2744.956299,63.05925,1007.907959,-502.21701,-633.131042,-659.437744,6371,-23697,-28341,1.982232,-5.063483,-0.825283,0,1,0,0,100,1.,0.,0.968445,0.,-0.354309,0,0,0
2740.766357,57.779083,1002.371155,-502.505341,-633.471069,-664.527039,5945,-23920,-28610,1.973723,-5.0682,-0.816997,0,1,0,0,100,1.,0.,0.968445,0.,-0.362183,0,0,0
2736.576172,52.49892,996.794434,-502.813629,-633.82019,-669.635559,5516,-24126,-28867,1.963759,-5.073449,-0.808248,0,1,0,0,100,1.,0.,0.968445,0.,-0.362183,0,0,0
2732.38623,47.209602,991.168518,-503.132812,-634.170288,-674.763977,5082,-24314,-29109,1.952286,-5.079298,-0.799082,0,1,0,0,100,1.,0.,0.968445,0.,-0.370056,0,0,0
2728.186768,41.919434,985.501709,-503.461945,-634.520264,-679.912415,4645,-24487,-29337,1.940868,-5.084924,-0.790888,0,1,0,0,100,1.,0.,0.960571,0.,-0.370056,0,0,0
2723.986572,36.629269,979.794922,-503.810272,-634.870239,-685.080872,4205,-24646,-29555,1.928004,-5.091074,-0.782696,0,1,0,0,100,1.,0.,0.960571,0.,-0.37793,0,0,0
2719.786377,31.339104,974.039001,-504.169434,-635.220276,-690.278503,3763,-24792,-29762,1.914912,-5.097182,-0.775228,0,1,0,0,100,1.,0.,0.960571,0.,-0.385803,0,0,0
2715.586426,26.039783,968.242188,-504.538574,-635.570251,-695.497009,3319,-24927,-29963,1.900439,-5.10374,-0.767828,0,1,0,0,100,1.,0.,0.960571,0.,-0.385803,0,0,0
2711.377197,20.739614,962.405396,-504.917755,-635.929443,-700.735474,2873,-25051,-30156,1.884374,-5.110706,-0.760702,0,1,0,0,100,1.,0.,0.960571,0.,-0.385803,0,0,0
2707.166992,15.439447,956.519409,-505.306915,-636.28949,-705.993958,2426,-25165,-30343,1.868723,-5.11734,-0.754609,0,1,0,0,100,1.,0.,0.960571,0.,-0.385803,0,0,0
2702.956787,10.130129,950.592651,-505.706085,-636.649475,-711.281555,1977,-25269,-30525,1.85358,-5.123574,-0.749615,0,1,0,0,100,1.,0.,0.960571,0.,-0.385803,0,0,0
2698.737549,4.819961,944.616699,-506.115265,-637.000305,-716.590027,1527,-25365,-30702,1.839029,-5.129408,-0.745631,0,1,0,0,100,1.,0.,0.960571,0.,-0.385803,0,0,0
2690.297363,-5.800374,932.543091,-506.944427,-637.700317,-727.276123,624,-25532,-31045,1.811726,-5.139968,-0.740286,0,1,0,0,100,1.,0.,0.960571,0.,-0.393677,0,0,0
2686.068115,-11.119696,926.437134,-507.364441,-638.050354,-732.654602,171,-25604,-31212,1.798975,-5.14461,-0.738727,0,1,0,0,100,1.,0.,0.960571,0.,-0.393677,0,0,0
2681.837891,-16.439865,920.290344,-507.784454,-638.400391,-738.053101,-283,-25668,-31378,1.78481,-5.149668,-0.737685,0,1,0,0,100,1.,0.,0.960571,0.,-0.393677,0,0,0
2677.598633,-21.760031,914.094421,-508.213623,-638.741211,-743.480713,-737,-25725,-31542,1.77115,-5.154494,-0.737325,0,1,0,0,100,1.,0.,0.960571,0.,-0.393677,0,0,0
2673.358398,-27.089354,907.857544,-508.643646,-639.081238,-748.929138,-1192,-25776,-31706,1.758191,-5.158836,-0.737666,0,1,0,0,100,1.,0.,0.960571,0.,-0.393677,0,0,0
2669.118408,-32.419521,901.571594,-509.073639,-639.421265,-754.40686,-1647,-25819,-31869,1.745931,-5.162862,-0.738524,0,1,0,0,100,1.,0.,0.960571,0.,-0.40155,0,0,0
2664.869141,-37.749691,895.235596,-509.503662,-639.752075,-759.905334,-2102,-25855,-32033,1.734372,-5.166587,-0.739973,0,1,0,0,100,1.,0.,0.952698,0.,-0.40155,0,0,0
2660.618896,-43.079857,888.858826,-509.92453,-640.082092,-765.423767,-2557,-25884,-32198,1.721498,-5.170562,-0.742206,0,1,0,0,100,1.,0.,0.952698,0.,-0.409424,0,0,0
2656.368896,-48.419182,882.4328,-510.344513,-640.41217,-770.971436,-3012,-25906,-32365,1.708681,-5.174471,-0.745055,0,1,0,0,100,1.,0.,0.944824,0.,-0.425171,0,0,0
2652.109619,-53.75935,875.956848,-510.764557,-640.733032,-776.539978,-3467,-25921,-32534,1.694598,-5.178463,-0.748871,0,1,0,0,100,1.,0.,0.944824,0.,-0.464539,0,0,0
2647.849365,-59.099522,869.440002,-511.175415,-641.052979,-782.128418,-3921,-25928,-32708,1.676827,-5.18347,-0.754602,0,1,0,0,100,1.,0.,0.936951,0.,-0.472412,0,0,0
2643.589111,-64.43969,862.874023,-511.576263,-641.363892,-787.746033,-4375,-25926,32650,1.650302,-5.190493,-0.764531,0,1,0,0,100,1.,0.,0.936951,0.,-0.480286,0,0,0
2635.049805,-75.139183,849.601196,-512.367126,-641.964722,-799.04303,-5280,-25897,32274,1.594268,-5.204144,-0.789954,0,1,0,0,100,1.,0.,0.929077,0.,-0.488159,0,0,0
2630.779541,-80.489349,842.895142,-512.747986,-642.255554,-804.721558,-5730,-25867,32072,1.567998,-5.210011,-0.804012,0,1,0,0,100,1.,0.,0.921204,0.,-0.488159,0,0,0
2626.500244,-85.839523,836.139221,-513.118835,-642.545593,-810.420044,-6178,-25826,31862,1.54144,-5.215445,-0.819853,0,1,0,0,100,1.,0.,0.921204,0.,-0.496033,0,0,0
2622.220215,-91.198853,829.333191,-513.479675,-642.826416,-816.13855,-6624,-25772,31639,1.516121,-5.220204,-0.836403,0,1,0,0,100,1.,0.,0.91333,0.,-0.527527,0,0,0
2617.939941,-96.559013,822.486328,-513.82135,-643.09729,-821.877014,-7069,-25705,31407,1.491103,-5.224538,-0.854469,0,1,0,0,100,1.,0.,0.897583,0.,-0.5354,0,0,0
2613.659912,-101.919182,815.590332,-514.152222,-643.36731,-827.635559,-7510,-25622,31157,1.459417,-5.229296,-0.879447,0,1,0,0,100,1.,0.,0.881836,0.,-0.5354,0,0,0
2609.370605,-107.27935,808.644348,-514.473083,-643.628113,-833.414001,-7949,-25522,30889,1.427116,-5.233455,-0.907246,0,1,0,0,100,1.,0.,0.873962,0.,-0.543274,0,0,0
2605.080566,-112.648689,801.648315,-514.77478,-643.878967,-839.212524,-8383,-25401,30601,1.396372,-5.236731,-0.93598,0,1,0,0,100,1.,0.,0.858215,0.,-0.543274,0,0,0
2600.790283,-118.018852,794.602295,-515.065613,-644.119873,-845.021912,-8813,-25258,30289,1.366412,-5.239107,-0.966521,0,1,0,0,100,1.,0.,0.858215,0.,-0.566895,0,0,0
2596.500244,-123.389023,787.515381,-515.33728,-644.359863,-850.850342,-9238,-25087,29948,1.33816,-5.24049,-0.997863,0,1,0,0,100,1.,0.,0.850342,0.,-0.582642,0,0,0
2592.200928,-128.759186,780.379333,-515.588989,-644.590698,-856.689758,-9658,-24885,29577,1.308685,-5.241058,-1.033569,0,1,0,0,100,1.,0.,0.842468,0.,-0.598389,0,0,0
2587.900879,-134.129364,773.193298,-515.829834,-644.811523,-862.548218,-10071,-24647,29164,1.278901,-5.240458,-1.072785,0,1,0,0,100,1.,0.,0.834595,0.,-0.606262,0,0,0
2579.300537,-144.88887,758.671265,-516.253174,-645.242371,-874.296936,-10870,-24032,28196,1.221239,-5.23576,-1.159585,0,1,0,0,100,1.,0.,0.834595,0.,-0.606262,0,0,0
2575.000244,-150.269043,751.335205,-516.434937,-645.443176,-880.186279,-11254,-23637,27624,1.19627,-5.231744,-1.202787,0,1,0,0,100,1.,0.,0.826721,0.,-0.622009,0,0,0
2570.690918,-155.6492,743.949158,-516.596558,-645.643188,-886.085571,-11624,-23168,26971,1.174318,-5.226911,-1.244697,0,1,0,0,100,1.,0.,0.834595,0.,-0.637756,0,0,0
2566.381104,-161.029373,736.513123,-516.738281,-645.834045,-891.994995,-11977,-22611,26230,1.153259,-5.220728,-1.289522,0,1,0,0,100,1.,0.,0.826721,0.,-0.637756,0,0,0
2562.070801,-166.409546,729.0271,-516.859924,-646.014893,-897.914307,-12309,-21948,25379,1.133816,-5.213328,-1.335998,0,1,0,0,100,1.,0.,0.818848,0.,-0.64563,0,0,0
2557.760742,-171.798874,721.491028,-516.961609,-646.194885,-903.843628,-12616,-21161,24404,1.116898,-5.205003,-1.381775,0,1,0,0,100,1.,0.,0.803101,0.,-0.661377,0,0,0
2553.450439,-177.189056,713.904968,-517.043274,-646.365784,-909.773804,-12891,-20234,23283,1.101938,-5.195595,-1.428393,0,1,0,0,100,1.,0.,0.787354,0.,-0.661377,0,0,0
2549.140381,-182.579224,706.268982,-517.10498,-646.526611,-915.713196,-13126,-19153,22006,1.088237,-5.184445,-1.478485,0,1,0,0,100,1.,0.,0.787354,0.,-0.66925,0,0,0
2544.830322,-187.969391,698.592041,-517.146606,-646.686646,-921.653381,-13314,-17918,20569,1.076836,-5.17232,-1.528428,0,1,0,0,100,1.,0.,0.77948,0.,-0.66925,0,0,0
2540.52002,-193.359558,690.865967,-517.168335,-646.837463,-927.593567,-13445,-16545,18993,1.067835,-5.159295,-1.578147,0,1,0,0,100,1.,0.,0.77948,0.,-0.66925,0,0,0
2536.209961,-198.749725,683.089905,-517.169983,-646.987488,-933.542908,-13514,-15079,17316,1.061235,-5.145553,-1.626565,0,1,0,0,100,1.,0.,0.771606,0.,-0.677124,0,0,0
2531.899902,-204.139893,675.263855,-517.142517,-647.128296,-939.493103,-13517,-13582,15608,1.057126,-5.13166,-1.672759,0,1,0,0,100,1.,0.,0.763733,0.,-0.677124,0,0,0
2523.279541,-214.929398,659.46167,-517.025818,-647.408325,-951.393494,-13332,-10773,12364,1.055175,-5.10156,-1.76352,0,1,0,0,100,1.,0.,0.755859,0.,-0.684998,0,0,0
2518.969482,-220.329575,651.485657,-516.9375,-647.539124,-957.334473,-13156,-9563,10928,1.057308,-5.086092,-1.806338,0,1,0,0,100,1.,0.,0.747986,0.,-0.692871,0,0,0
2514.659424,-225.729736,643.459534,-516.829163,-647.669128,-963.274658,-12937,-8511,9648,1.061533,-5.069675,-1.849406,0,1,0,0,100,1.,0.,0.740112,0.,-0.716492,0,0,0
2510.349121,-231.129929,635.383423,-516.700867,-647.799133,-969.214844,-12683,-7614,8519,1.067858,-5.05235,-1.892691,0,1,0,0,100,1.,0.,0.732239,0.,-0.747986,0,0,0
2506.048096,-236.53009,627.257324,-516.55249,-647.919983,-975.145874,-12401,-6858,7525,1.077017,-5.032658,-1.939384,0,1,0,0,100,1.,0.,0.708618,0.,-0.755859,0,0,0
2501.748047,-241.930252,619.081238,-516.384155,-648.039978,-981.076111,-12098,-6225,6649,1.089809,-5.009732,-1.990877,0,1,0,0,100,1.,0.,0.700745,0.,-0.803101,0,0,0
2497.447754,-247.330429,610.855164,-516.195801,-648.159973,-986.997131,-11780,-5698,5870,1.105751,-4.984972,-2.043604,0,1,0,0,100,1.,0.,0.66925,0.,-0.826721,0,0,0
2493.147949,-252.730591,602.579102,-515.987427,-648.279968,-992.908142,-11450,-5261,5177,1.126994,-4.955397,-2.102915,0,1,0,0,100,1.,0.,0.637756,0.,-0.873962,0,0,0
2488.844482,-258.134979,594.24646,-515.758972,-648.400085,-998.822937,-11112,-4900,4547,1.153391,-4.921885,-2.16635,0,1,0,0,100,1.,0.,0.606262,0.,-0.881836,0,0,0
2484.544189,-263.535126,585.870361,-515.510559,-648.520081,-1004.723938,-10769,-4603,3977,1.187166,-4.88212,-2.236935,0,1,0,0,100,1.,0.,0.543274,0.,-0.881836,0,0,0
2480.253174,-268.944489,577.444214,-515.251404,-648.640076,-1010.614929,-10424,-4359,3449,1.22533,-4.839891,-2.307127,0,1,0,0,100,1.,0.,0.425171,0.,-0.803101,0,0,0
2475.962891,-274.354645,568.977173,-514.973083,-648.760071,-1016.495972,-10079,-4162,2960,1.268695,-4.79437,-2.377597,0,1,0,0,100,1.,0.,0.40155,0.,-0.787354,0,0,0
2467.382812,-285.175018,551.894897,-514.365479,-649.000122,-1028.227905,-9396,-3880,2067,1.357974,-4.707145,-2.499546,0,1,0,0,100,1.,-0.448792,0.228333,-0.448792,0.,0,0,0
2463.101807,-290.585175,543.278748,-514.037109,-649.120117,-1034.078979,-9058,-3784,1653,1.40401,-4.664961,-2.552483,0,1,0,0,100,1.,0.,0.,0.,0.,0,0,0
2458.821777,-295.995361,534.612549,-513.697937,-649.240112,-1039.910889,-8725,-3717,1280,1.308952,-4.582109,-2.473004,0,1,0,0,100,1.,0.,0.,0.,0.,0,0,0
2454.541504,-301.405518,525.896423,-513.348755,-649.369324,-1045.731812,-8398,-3670,934,1.236953,-4.461555,-2.371054,0,1,0,0,100,1.,0.,0.,0.,0.,0,0,0
2450.270508,-306.815674,517.130249,-512.980408,-649.499329,-1051.542847,-8079,-3640,613,1.169894,-4.340888,-2.273107,0,1,0,0,100,1.,0.,0.,0.,0.,0,0,0
2446.000488,-312.225861,508.314087,-512.601196,-649.629333,-1057.34375,-7766,-3625,318,1.104736,-4.22333,-2.180377,0,1,0,0,100,1.,0.,0.,0.,0.,0,0,0
2441.730225,-317.636017,499.457062,-512.211975,-649.759277,-1063.134888,-7461,-3622,39,1.04157,-4.10878,-2.092572,0,1,0,0,100,1.,0.,0.,0.,0.,0,0,0
2437.469238,-323.055389,490.550873,-511.812805,-649.898499,-1068.915894,-7164,-3629,-220,0.980496,-3.99723,-2.009392,0,1,0,0,100,1.,0.,0.,0.,0.,0,0,0
2433.209229,-328.475555,481.594696,-511.403625,-650.038513,-1074.677734,-6873,-3645,-464,0.921522,-3.888497,-1.930537,0,1,0,0,100,1.,0.,0.,0.,0.,0,0,0
2428.948975,-333.895721,472.588531,-510.984406,-650.187744,-1080.428711,-6591,-3668,-695,0.864556,-3.782564,-1.85589,0,1,0,0,100,1.,0.,0.,0.,0.,0,0,0
