-559.569, 1229.38, 1187.58, -212.06, -161.968, -1476.02, 2.1558, 4.5651, 1.5354
-563.044, 1226.72, 1163.26, -211.954, -161.887, -1485.94, 2.1558, 4.5651, 1.5354
-566.517, 1224.07, 1138.78, -211.848, -161.806, -1495.85, 2.1558, 4.5651, 1.5354
-569.989, 1221.42, 1114.14, -211.742, -161.725, -1505.76, 2.1558, 4.5651, 1.5354
-573.459, 1218.77, 1089.33, -211.636, -161.644, -1515.66, 2.1558, 4.5651, 1.5354
-576.927, 1216.12, 1064.36, -211.53, -161.563, -1525.55, 2.1558, 4.5651, 1.5354
-580.393, 1213.47, 1039.23, -211.425, -161.483, -1535.45, 2.1558, 4.5651, 1.5354
-583.858, 1210.83, 1013.94, -211.319, -161.402, -1545.33, 2.1558, 4.5651, 1.5354
-587.321, 1208.18, 988.483, -211.213, -161.321, -1555.21, 2.1558, 4.5651, 1.5354
-590.782, 1205.54, 962.867, -211.108, -161.241, -1565.09, 2.1558, 4.5651, 1.5354
-594.242, 1202.9, 937.088, -211.002, -161.16, -1574.96, 2.1558, 4.5651, 1.5354
-597.7, 1200.25, 911.148, -210.897, -161.079, -1584.83, 2.1558, 4.5651, 1.5354
-601.156, 1197.61, 885.046, -210.791, -160.999, -1594.69, 2.1558, 4.5651, 1.5354
-604.61, 1194.98, 858.782, -210.686, -160.918, -1604.55, 2.1558, 4.5651, 1.5354
-608.062, 1192.34, 832.357, -210.58, -160.838, -1614.4, 2.1558, 4.5651, 1.5354
-611.513, 1189.7, 805.77, -210.475, -160.758, -1624.25, 2.1558, 4.5651, 1.5354
-614.962, 1187.07, 779.022, -210.37, -160.677, -1634.09, 2.1558, 4.5651, 1.5354
-618.41, 1184.44, 752.113, -210.265, -160.597, -1643.93, 2.1558, 4.5651, 1.5354
-621.855, 1181.8, 725.042, -210.16, -160.517, -1653.76, 2.1558, 4.5651, 1.5354
-625.299, 1179.17, 697.81, -210.055, -160.436, -1663.59, 2.1558, 4.5651, 1.5354
-628.742, 1176.54, 670.418, -209.95, -160.356, -1673.41, 2.1558, 4.5651, 1.5354
-632.182, 1173.92, 642.864, -209.845, -160.276, -1683.23, 2.1558, 4.5651, 1.5354
-635.621, 1171.29, 615.15, -209.74, -160.196, -1693.04, 2.1558, 4.5651, 1.5354
-639.058, 1168.67, 587.274, -209.635, -160.116, -1702.85, 2.1558, 4.5651, 1.5354
-642.493, 1166.04, 559.238, -209.53, -160.036, -1712.65, 2.1558, 4.5651, 1.5354
-645.927, 1163.42, 531.041, -209.425, -159.956, -1722.45, 2.1558, 4.5651, 1.5354
-649.359, 1160.8, 502.684, -209.321, -159.876, -1732.24, 2.1558, 4.5651, 1.5354
-652.789, 1158.18, 474.166, -209.216, -159.796, -1742.03, 2.1558, 4.5651, 1.5354
-656.218, 1155.56, 445.488, -209.111, -159.716, -1751.82, 2.1558, 4.5651, 1.5354
-659.644, 1152.94, 416.649, -209.007, -159.636, -1761.59, 2.1558, 4.5651, 1.5354
-663.07, 1150.33, 387.651, -208.902, -159.556, -1771.37, 2.1558, 4.5651, 1.5354
-666.493, 1147.71, 358.492, -208.798, -159.476, -1781.14, 2.1558, 4.5651, 1.5354
-669.915, 1145.1, 329.173, -208.693, -159.397, -1790.9, 2.1558, 4.5651, 1.5354
-673.335, 1142.49, 299.694, -208.589, -159.317, -1800.66, 2.1558, 4.5651, 1.5354
-676.753, 1139.88, 270.055, -208.485, -159.237, -1810.41, 2.1558, 4.5651, 1.5354
-680.169, 1137.27, 240.256, -208.381, -159.158, -1820.16, 2.1558, 4.5651, 1.5354
-683.584, 1134.66, 210.297, -208.276, -159.078, -1829.91, 2.1558, 4.5651, 1.5354
-686.997, 1132.05, 180.179, -208.172, -158.999, -1839.65, 2.1558, 4.5651, 1.5354
-690.409, 1129.44, 149.901, -208.068, -158.919, -1849.38, 2.1558, 4.5651, 1.5354
-693.818, 1126.84, 119.464, -207.964, -158.84, -1859.11, 2.1558, 4.5651, 1.5354
-696.51, 1124.19, 101.122, -33.0211, -169.388, 1121.3, 1.86486, -0.221123, 1.5354
-697.051, 1121.42, 119.366, -33.0046, -169.303, 1110.09, 1.86486, -0.221123, 1.5354
-697.592, 1118.64, 137.426, -32.9881, -169.219, 1098.88, 1.86486, -0.221123, 1.5354
-698.132, 1115.87, 155.303, -32.9716, -169.134, 1087.67, 1.86486, -0.221123, 1.5354
-698.673, 1113.1, 172.996, -32.9551, -169.05, 1076.48, 1.86486, -0.221123, 1.5354
-699.213, 1110.33, 190.505, -32.9386, -168.965, 1065.28, 1.86486, -0.221123, 1.5354
-699.752, 1107.56, 207.831, -32.9222, -168.881, 1054.1, 1.86486, -0.221123, 1.5354
-700.292, 1104.79, 224.974, -32.9057, -168.796, 1042.91, 1.86486, -0.221123, 1.5354
-700.831, 1102.03, 241.934, -32.8893, -168.712, 1031.74, 1.86486, -0.221123, 1.5354
-701.37, 1099.26, 258.71, -32.8728, -168.628, 1020.57, 1.86486, -0.221123, 1.5354
-701.909, 1096.5, 275.304, -32.8564, -168.543, 1009.4, 1.86486, -0.221123, 1.5354
-702.447, 1093.74, 291.714, -32.84, -168.459, 998.245, 1.86486, -0.221123, 1.5354
-702.985, 1090.98, 307.941, -32.8235, -168.375, 987.092, 1.86486, -0.221123, 1.5354
-703.523, 1088.22, 323.986, -32.8071, -168.291, 975.944, 1.86486, -0.221123, 1.5354
-704.061, 1085.46, 339.848, -32.7907, -168.206, 964.802, 1.86486, -0.221123, 1.5354
-704.598, 1082.7, 355.528, -32.7743, -168.122, 953.665, 1.86486, -0.221123, 1.5354
-705.135, 1079.95, 371.025, -32.758, -168.038, 942.534, 1.86486, -0.221123, 1.5354
-705.672, 1077.19, 386.339, -32.7416, -167.954, 931.408, 1.86486, -0.221123, 1.5354
-706.209, 1074.44, 401.472, -32.7252, -167.87, 920.288, 1.86486, -0.221123, 1.5354
-706.745, 1071.69, 416.422, -32.7088, -167.786, 909.174, 1.86486, -0.221123, 1.5354
-707.281, 1068.94, 431.189, -32.6925, -167.703, 898.065, 1.86486, -0.221123, 1.5354
-707.817, 1066.19, 445.775, -32.6761, -167.619, 886.961, 1.86486, -0.221123, 1.5354
-708.352, 1063.45, 460.179, -32.6598, -167.535, 875.863, 1.86486, -0.221123, 1.5354
-708.887, 1060.7, 474.401, -32.6435, -167.451, 864.771, 1.86486, -0.221123, 1.5354
-709.422, 1057.96, 488.441, -32.6272, -167.367, 853.684, 1.86486, -0.221123, 1.5354
-709.957, 1055.21, 502.3, -32.6109, -167.284, 842.603, 1.86486, -0.221123, 1.5354
-710.491, 1052.47, 515.977, -32.5946, -167.2, 831.528, 1.86486, -0.221123, 1.5354
-711.026, 1049.73, 529.473, -32.5783, -167.117, 820.457, 1.86486, -0.221123, 1.5354
-711.559, 1046.99, 542.787, -32.562, -167.033, 809.393, 1.86486, -0.221123, 1.5354
-712.093, 1044.26, 555.919, -32.5457, -166.949, 798.334, 1.86486, -0.221123, 1.5354
-712.626, 1041.52, 568.871, -32.5294, -166.866, 787.28, 1.86486, -0.221123, 1.5354
-713.159, 1038.79, 581.641, -32.5132, -166.783, 776.232, 1.86486, -0.221123, 1.5354
-713.692, 1036.05, 594.231, -32.4969, -166.699, 765.19, 1.86486, -0.221123, 1.5354
-714.225, 1033.32, 606.639, -32.4807, -166.616, 754.153, 1.86486, -0.221123, 1.5354
-714.757, 1030.59, 618.867, -32.4644, -166.533, 743.121, 1.86486, -0.221123, 1.5354
-715.289, 1027.86, 630.913, -32.4482, -166.449, 732.096, 1.86486, -0.221123, 1.5354
-715.821, 1025.13, 642.779, -32.432, -166.366, 721.075, 1.86486, -0.221123, 1.5354
-716.352, 1022.41, 654.465, -32.4157, -166.283, 710.06, 1.86486, -0.221123, 1.5354
-716.883, 1019.68, 665.97, -32.3995, -166.2, 699.051, 1.86486, -0.221123, 1.5354
-717.414, 1016.96, 677.294, -32.3833, -166.117, 688.047, 1.86486, -0.221123, 1.5354
-717.945, 1014.24, 688.439, -32.3672, -166.034, 677.049, 1.86486, -0.221123, 1.5354
-718.476, 1011.52, 699.403, -32.351, -165.951, 666.056, 1.86486, -0.221123, 1.5354
-719.006, 1008.8, 710.186, -32.3348, -165.868, 655.068, 1.86486, -0.221123, 1.5354
-719.535, 1006.08, 720.79, -32.3186, -165.785, 644.086, 1.86486, -0.221123, 1.5354
-720.065, 1003.36, 731.214, -32.3025, -165.702, 633.11, 1.86486, -0.221123, 1.5354
-720.594, 1000.65, 741.458, -32.2863, -165.619, 622.139, 1.86486, -0.221123, 1.5354
-721.124, 997.933, 751.522, -32.2702, -165.536, 611.174, 1.86486, -0.221123, 1.5354
-721.652, 995.22, 761.407, -32.2541, -165.453, 600.214, 1.86486, -0.221123, 1.5354
-722.181, 992.509, 771.112, -32.2379, -165.371, 589.259, 1.86486, -0.221123, 1.5354
-722.709, 989.799, 780.637, -32.2218, -165.288, 578.31, 1.86486, -0.221123, 1.5354
-723.237, 987.09, 789.983, -32.2057, -165.205, 567.367, 1.86486, -0.221123, 1.5354
-723.765, 984.383, 799.149, -32.1896, -165.123, 556.429, 1.86486, -0.221123, 1.5354
-724.292, 981.677, 808.137, -32.1735, -165.04, 545.496, 1.86486, -0.221123, 1.5354
-724.82, 978.972, 816.945, -32.1574, -164.958, 534.569, 1.86486, -0.221123, 1.5354
-725.347, 976.269, 825.574, -32.1413, -164.875, 523.647, 1.86486, -0.221123, 1.5354
-725.873, 973.567, 834.024, -32.1253, -164.793, 512.731, 1.86486, -0.221123, 1.5354
-726.4, 970.867, 842.296, -32.1092, -164.71, 501.82, 1.86486, -0.221123, 1.5354
-726.926, 968.168, 850.388, -32.0932, -164.628, 490.915, 1.86486, -0.221123, 1.5354
-727.452, 965.47, 858.302, -32.0771, -164.546, 480.015, 1.86486, -0.221123, 1.5354
-727.978, 962.773, 866.037, -32.0611, -164.464, 469.121, 1.86486, -0.221123, 1.5354
-728.503, 960.078, 873.594, -32.0451, -164.381, 458.232, 1.86486, -0.221123, 1.5354
-729.028, 957.385, 880.972, -32.029, -164.299, 447.348, 1.86486, -0.221123, 1.5354
-729.553, 954.692, 888.172, -32.013, -164.217, 436.47, 1.86486, -0.221123, 1.5354
-730.078, 952.001, 895.193, -31.997, -164.135, 425.598, 1.86486, -0.221123, 1.5354
-730.602, 949.311, 902.037, -31.981, -164.053, 414.731, 1.86486, -0.221123, 1.5354
-731.126, 946.623, 908.702, -31.965, -163.971, 403.869, 1.86486, -0.221123, 1.5354
-731.65, 943.936, 915.189, -31.949, -163.889, 393.012, 1.86486, -0.221123, 1.5354
-732.173, 941.25, 921.499, -31.9331, -163.807, 382.162, 1.86486, -0.221123, 1.5354
-732.697, 938.566, 927.63, -31.9171, -163.725, 371.316, 1.86486, -0.221123, 1.5354
-733.22, 935.883, 933.584, -31.9012, -163.643, 360.476, 1.86486, -0.221123, 1.5354
-733.742, 933.201, 939.36, -31.8852, -163.561, 349.641, 1.86486, -0.221123, 1.5354
-734.265, 930.521, 944.959, -31.8693, -163.48, 338.812, 1.86486, -0.221123, 1.5354
-734.787, 927.842, 950.38, -31.8533, -163.398, 327.988, 1.86486, -0.221123, 1.5354
-735.309, 925.164, 955.624, -31.8374, -163.316, 317.17, 1.86486, -0.221123, 1.5354
-735.831, 922.488, 960.691, -31.8215, -163.235, 306.357, 1.86486, -0.221123, 1.5354
-736.352, 919.813, 965.58, -31.8056, -163.153, 295.55, 1.86486, -0.221123, 1.5354
-736.874, 917.139, 970.292, -31.7897, -163.071, 284.747, 1.86486, -0.221123, 1.5354
-737.395, 914.467, 974.827, -31.7738, -162.99, 273.951, 1.86486, -0.221123, 1.5354
-737.915, 911.796, 979.186, -31.7579, -162.908, 263.159, 1.86486, -0.221123, 1.5354
-738.436, 909.126, 983.367, -31.742, -162.827, 252.373, 1.86486, -0.221123, 1.5354
-738.956, 906.458, 987.372, -31.7262, -162.746, 241.593, 1.86486, -0.221123, 1.5354
-739.476, 903.791, 991.2, -31.7103, -162.664, 230.818, 1.86486, -0.221123, 1.5354
-739.995, 901.126, 994.851, -31.6944, -162.583, 220.048, 1.86486, -0.221123, 1.5354
-740.515, 898.461, 998.326, -31.6786, -162.502, 209.283, 1.86486, -0.221123, 1.5354
-741.034, 895.798, 1001.63, -31.6628, -162.42, 198.524, 1.86486, -0.221123, 1.5354
-741.553, 893.137, 1004.75, -31.6469, -162.339, 187.771, 1.86486, -0.221123, 1.5354
-742.071, 890.476, 1007.69, -31.6311, -162.258, 177.022, 1.86486, -0.221123, 1.5354
-742.59, 887.817, 1010.46, -31.6153, -162.177, 166.279, 1.86486, -0.221123, 1.5354
-743.108, 885.16, 1013.06, -31.5995, -162.096, 155.542, 1.86486, -0.221123, 1.5354
-743.626, 882.503, 1015.48, -31.5837, -162.015, 144.81, 1.86486, -0.221123, 1.5354
-744.143, 879.849, 1017.72, -31.5679, -161.934, 134.083, 1.86486, -0.221123, 1.5354
-744.661, 877.195, 1019.78, -31.5521, -161.853, 123.361, 1.86486, -0.221123, 1.5354
-745.178, 874.543, 1021.67, -31.5363, -161.772, 112.645, 1.86486, -0.221123, 1.5354
-745.694, 871.892, 1023.39, -31.5206, -161.691, 101.935, 1.86486, -0.221123, 1.5354
-746.211, 869.242, 1024.93, -31.5048, -161.61, 91.2293, 1.86486, -0.221123, 1.5354
-746.727, 866.594, 1026.29, -31.4891, -161.529, 80.5293, 1.86486, -0.221123, 1.5354
-747.243, 863.946, 1027.48, -31.4733, -161.449, 69.8346, 1.86486, -0.221123, 1.5354
-747.759, 861.301, 1028.49, -31.4576, -161.368, 59.1453, 1.86486, -0.221123, 1.5354
-748.275, 858.656, 1029.33, -31.4419, -161.287, 48.4613, 1.86486, -0.221123, 1.5354
-748.79, 856.013, 1030, -31.4262, -161.207, 37.7827, 1.86486, -0.221123, 1.5354
-749.305, 853.372, 1030.48, -31.4104, -161.126, 27.1094, 1.86486, -0.221123, 1.5354
-749.819, 850.731, 1030.8, -31.3947, -161.046, 16.4415, 1.86486, -0.221123, 1.5354
-750.334, 848.092, 1030.94, -31.379, -160.965, 5.77883, 1.86486, -0.221123, 1.5354
-750.848, 845.454, 1030.9, -31.3634, -160.885, -4.87847, 1.86486, -0.221123, 1.5354
-751.362, 842.818, 1030.69, -31.3477, -160.804, -15.5304, 1.86486, -0.221123, 1.5354
-751.876, 840.183, 1030.3, -31.332, -160.724, -26.1771, 1.86486, -0.221123, 1.5354
-752.389, 837.549, 1029.74, -31.3163, -160.643, -36.8184, 1.86486, -0.221123, 1.5354
-752.903, 834.916, 1029.01, -31.3007, -160.563, -47.4544, 1.86486, -0.221123, 1.5354
-753.415, 832.285, 1028.1, -31.285, -160.483, -58.0851, 1.86486, -0.221123, 1.5354
-753.928, 829.655, 1027.02, -31.2694, -160.403, -68.7104, 1.86486, -0.221123, 1.5354
-754.44, 827.027, 1025.76, -31.2538, -160.322, -79.3305, 1.86486, -0.221123, 1.5354
-754.953, 824.399, 1024.33, -31.2381, -160.242, -89.9452, 1.86486, -0.221123, 1.5354
-755.465, 821.774, 1022.72, -31.2225, -160.162, -100.555, 1.86486, -0.221123, 1.5354
-755.976, 819.149, 1020.95, -31.2069, -160.082, -111.159, 1.86486, -0.221123, 1.5354
-756.488, 816.526, 1018.99, -31.1913, -160.002, -121.758, 1.86486, -0.221123, 1.5354
-756.999, 813.904, 1016.87, -31.1757, -159.922, -132.351, 1.86486, -0.221123, 1.5354
-757.51, 811.283, 1014.57, -31.1601, -159.842, -142.939, 1.86486, -0.221123, 1.5354
-758.02, 808.664, 1012.09, -31.1446, -159.762, -153.522, 1.86486, -0.221123, 1.5354
-758.531, 806.045, 1009.45, -31.129, -159.682, -164.1, 1.86486, -0.221123, 1.5354
-759.041, 803.429, 1006.63, -31.1134, -159.602, -174.672, 1.86486, -0.221123, 1.5354
-759.551, 800.813, 1003.63, -31.0979, -159.523, -185.239, 1.86486, -0.221123, 1.5354
-760.06, 798.199, 1000.47, -31.0823, -159.443, -195.801, 1.86486, -0.221123, 1.5354
-760.57, 795.586, 997.126, -31.0668, -159.363, -206.358, 1.86486, -0.221123, 1.5354
-761.079, 792.975, 993.614, -31.0512, -159.283, -216.909, 1.86486, -0.221123, 1.5354
-761.588, 790.365, 989.928, -31.0357, -159.204, -227.455, 1.86486, -0.221123, 1.5354
-762.096, 787.756, 986.07, -31.0202, -159.124, -237.996, 1.86486, -0.221123, 1.5354
-762.604, 785.148, 982.039, -31.0047, -159.045, -248.531, 1.86486, -0.221123, 1.5354
-763.113, 782.542, 977.835, -30.9892, -158.965, -259.061, 1.86486, -0.221123, 1.5354
-763.62, 779.937, 973.459, -30.9737, -158.886, -269.586, 1.86486, -0.221123, 1.5354
-764.128, 777.333, 968.91, -30.9582, -158.806, -280.106, 1.86486, -0.221123, 1.5354
-764.635, 774.731, 964.189, -30.9427, -158.727, -290.62, 1.86486, -0.221123, 1.5354
-765.142, 772.129, 959.295, -30.9273, -158.648, -301.129, 1.86486, -0.221123, 1.5354
-765.649, 769.53, 954.229, -30.9118, -158.568, -311.633, 1.86486, -0.221123, 1.5354
-766.156, 766.931, 948.992, -30.8964, -158.489, -322.132, 1.86486, -0.221123, 1.5354
-766.662, 764.334, 943.582, -30.8809, -158.41, -332.625, 1.86486, -0.221123, 1.5354
-767.168, 761.738, 938, -30.8655, -158.331, -343.113, 1.86486, -0.221123, 1.5354
-767.674, 759.143, 932.246, -30.85, -158.251, -353.596, 1.86486, -0.221123, 1.5354
-768.179, 756.55, 926.321, -30.8346, -158.172, -364.074, 1.86486, -0.221123, 1.5354
-768.685, 753.958, 920.224, -30.8192, -158.093, -374.546, 1.86486, -0.221123, 1.5354
-769.19, 751.367, 913.955, -30.8038, -158.014, -385.013, 1.86486, -0.221123, 1.5354
-769.695, 748.778, 907.514, -30.7884, -157.935, -395.475, 1.86486, -0.221123, 1.5354
-770.199, 746.19, 900.903, -30.773, -157.856, -405.932, 1.86486, -0.221123, 1.5354
-770.703, 743.603, 894.119, -30.7576, -157.777, -416.383, 1.86486, -0.221123, 1.5354
-771.208, 741.017, 887.165, -30.7422, -157.698, -426.83, 1.86486, -0.221123, 1.5354
-771.711, 738.433, 880.039, -30.7269, -157.62, -437.271, 1.86486, -0.221123, 1.5354
-772.215, 735.85, 872.743, -30.7115, -157.541, -447.706, 1.86486, -0.221123, 1.5354
-772.718, 733.268, 865.275, -30.6962, -157.462, -458.137, 1.86486, -0.221123, 1.5354
-773.221, 730.688, 857.636, -30.6808, -157.383, -468.562, 1.86486, -0.221123, 1.5354
-773.724, 728.109, 849.827, -30.6655, -157.305, -478.983, 1.86486, -0.221123, 1.5354
-774.226, 725.531, 841.847, -30.6501, -157.226, -489.397, 1.86486, -0.221123, 1.5354
-774.729, 722.955, 833.696, -30.6348, -157.147, -499.807, 1.86486, -0.221123, 1.5354
-775.231, 720.379, 825.374, -30.6195, -157.069, -510.212, 1.86486, -0.221123, 1.5354
-775.732, 717.806, 816.882, -30.6042, -156.99, -520.611, 1.86486, -0.221123, 1.5354
-776.234, 715.233, 808.22, -30.5889, -156.912, -531.005, 1.86486, -0.221123, 1.5354
-776.735, 712.662, 799.387, -30.5736, -156.833, -541.394, 1.86486, -0.221123, 1.5354
-777.236, 710.091, 790.384, -30.5583, -156.755, -551.778, 1.86486, -0.221123, 1.5354
-777.737, 707.523, 781.211, -30.543, -156.677, -562.156, 1.86486, -0.221123, 1.5354
-778.237, 704.955, 771.868, -30.5278, -156.598, -572.53, 1.86486, -0.221123, 1.5354
-778.738, 702.389, 762.355, -30.5125, -156.52, -582.898, 1.86486, -0.221123, 1.5354
-779.238, 699.824, 752.672, -30.4973, -156.442, -593.261, 1.86486, -0.221123, 1.5354
-779.738, 697.26, 742.819, -30.482, -156.363, -603.619, 1.86486, -0.221123, 1.5354
-780.237, 694.698, 732.796, -30.4668, -156.285, -613.971, 1.86486, -0.221123, 1.5354
-780.737, 692.137, 722.604, -30.4516, -156.207, -624.319, 1.86486, -0.221123, 1.5354
-781.235, 689.577, 712.242, -30.4363, -156.129, -634.661, 1.86486, -0.221123, 1.5354
-781.734, 687.019, 701.71, -30.4211, -156.051, -644.998, 1.86486, -0.221123, 1.5354
-782.233, 684.461, 691.01, -30.4059, -155.973, -655.33, 1.86486, -0.221123, 1.5354
-782.731, 681.905, 680.139, -30.3907, -155.895, -665.657, 1.86486, -0.221123, 1.5354
-783.229, 679.351, 669.1, -30.3755, -155.817, -675.979, 1.86486, -0.221123, 1.5354
-783.727, 676.797, 657.892, -30.3603, -155.739, -686.295, 1.86486, -0.221123, 1.5354
-784.224, 674.245, 646.514, -30.3452, -155.661, -696.606, 1.86486, -0.221123, 1.5354
-784.721, 671.694, 634.968, -30.33, -155.584, -706.912, 1.86486, -0.221123, 1.5354
-785.218, 669.145, 623.252, -30.3148, -155.506, -717.213, 1.86486, -0.221123, 1.5354
-785.715, 666.596, 611.368, -30.2997, -155.428, -727.509, 1.86486, -0.221123, 1.5354
-786.212, 664.049, 599.315, -30.2845, -155.35, -737.8, 1.86486, -0.221123, 1.5354
-786.708, 661.503, 587.094, -30.2694, -155.273, -748.086, 1.86486, -0.221123, 1.5354
-787.204, 658.959, 574.703, -30.2543, -155.195, -758.366, 1.86486, -0.221123, 1.5354
-787.7, 656.416, 562.145, -30.2391, -155.117, -768.641, 1.86486, -0.221123, 1.5354
-788.195, 653.874, 549.418, -30.224, -155.04, -778.911, 1.86486, -0.221123, 1.5354
-788.691, 651.333, 536.523, -30.2089, -154.962, -789.176, 1.86486, -0.221123, 1.5354
-789.186, 648.794, 523.459, -30.1938, -154.885, -799.436, 1.86486, -0.221123, 1.5354
-789.68, 646.256, 510.228, -30.1787, -154.807, -809.691, 1.86486, -0.221123, 1.5354
-790.175, 643.719, 496.828, -30.1636, -154.73, -819.94, 1.86486, -0.221123, 1.5354
-790.669, 641.183, 483.26, -30.1485, -154.653, -830.185, 1.86486, -0.221123, 1.5354
-791.163, 638.649, 469.525, -30.1335, -154.575, -840.424, 1.86486, -0.221123, 1.5354
-791.657, 636.116, 455.622, -30.1184, -154.498, -850.658, 1.86486, -0.221123, 1.5354
-792.151, 633.584, 441.551, -30.1033, -154.421, -860.888, 1.86486, -0.221123, 1.5354
-792.644, 631.053, 427.312, -30.0883, -154.344, -871.112, 1.86486, -0.221123, 1.5354
-793.137, 628.524, 412.906, -30.0732, -154.266, -881.331, 1.86486, -0.221123, 1.5354
-793.63, 625.996, 398.332, -30.0582, -154.189, -891.544, 1.86486, -0.221123, 1.5354
-794.123, 623.469, 383.591, -30.0432, -154.112, -901.753, 1.86486, -0.221123, 1.5354
-794.615, 620.944, 368.683, -30.0282, -154.035, -911.957, 1.86486, -0.221123, 1.5354
-795.107, 618.42, 353.607, -30.0131, -153.958, -922.155, 1.86486, -0.221123, 1.5354
-795.599, 615.897, 338.365, -29.9981, -153.881, -932.348, 1.86486, -0.221123, 1.5354
-796.091, 613.375, 322.955, -29.9831, -153.804, -942.537, 1.86486, -0.221123, 1.5354
-796.582, 610.854, 307.378, -29.9681, -153.727, -952.72, 1.86486, -0.221123, 1.5354
-797.073, 608.335, 291.635, -29.9532, -153.651, -962.898, 1.86486, -0.221123, 1.5354
-797.564, 605.817, 275.725, -29.9382, -153.574, -973.071, 1.86486, -0.221123, 1.5354
-798.055, 603.301, 259.648, -29.9232, -153.497, -983.239, 1.86486, -0.221123, 1.5354
-798.545, 600.785, 243.404, -29.9083, -153.42, -993.402, 1.86486, -0.221123, 1.5354
-799.036, 598.271, 226.994, -29.8933, -153.344, -1003.56, 1.86486, -0.221123, 1.5354
-799.525, 595.758, 210.417, -29.8784, -153.267, -1013.71, 1.86486, -0.221123, 1.5354
-800.015, 593.247, 193.674, -29.8634, -153.19, -1023.86, 1.86486, -0.221123, 1.5354
-800.505, 590.736, 176.765, -29.8485, -153.114, -1034, 1.86486, -0.221123, 1.5354
-800.994, 588.227, 159.689, -29.8336, -153.037, -1044.14, 1.86486, -0.221123, 1.5354
-801.483, 585.719, 142.448, -29.8187, -152.961, -1054.27, 1.86486, -0.221123, 1.5354
-801.971, 583.213, 125.04, -29.8038, -152.884, -1064.4, 1.86486, -0.221123, 1.5354
-802.46, 580.707, 107.467, -29.7889, -152.808, -1074.52, 1.86486, -0.221123, 1.5354
-802.937, 578.183, 96.8394, -27.0869, -157.614, 650.784, 1.73121, -0.29468, 1.5354
-803.381, 575.6, 107.373, -27.0734, -157.535, 639.804, 1.73121, -0.29468, 1.5354
-803.824, 573.019, 117.727, -27.0599, -157.456, 628.83, 1.73121, -0.29468, 1.5354
-804.268, 570.439, 127.9, -27.0463, -157.378, 617.861, 1.73121, -0.29468, 1.5354
-804.711, 567.86, 137.894, -27.0328, -157.299, 606.898, 1.73121, -0.29468, 1.5354
-805.154, 565.282, 147.709, -27.0193, -157.22, 595.94, 1.73121, -0.29468, 1.5354
-805.597, 562.705, 157.344, -27.0058, -157.142, 584.987, 1.73121, -0.29468, 1.5354
-806.039, 560.13, 166.799, -26.9923, -157.063, 574.041, 1.73121, -0.29468, 1.5354
-806.482, 557.556, 176.075, -26.9788, -156.985, 563.099, 1.73121, -0.29468, 1.5354
-806.924, 554.984, 185.172, -26.9653, -156.906, 552.163, 1.73121, -0.29468, 1.5354
-807.366, 552.413, 194.089, -26.9518, -156.828, 541.233, 1.73121, -0.29468, 1.5354
-807.807, 549.843, 202.828, -26.9384, -156.749, 530.308, 1.73121, -0.29468, 1.5354
-808.249, 547.274, 211.387, -26.9249, -156.671, 519.388, 1.73121, -0.29468, 1.5354
-808.69, 544.707, 219.767, -26.9114, -156.593, 508.474, 1.73121, -0.29468, 1.5354
-809.131, 542.14, 227.969, -26.898, -156.514, 497.566, 1.73121, -0.29468, 1.5354
-809.572, 539.576, 235.991, -26.8845, -156.436, 486.662, 1.73121, -0.29468, 1.5354
-810.012, 537.012, 243.836, -26.8711, -156.358, 475.765, 1.73121, -0.29468, 1.5354
-810.453, 534.45, 251.501, -26.8577, -156.28, 464.872, 1.73121, -0.29468, 1.5354
-810.893, 531.889, 258.988, -26.8442, -156.202, 453.986, 1.73121, -0.29468, 1.5354
-811.333, 529.329, 266.297, -26.8308, -156.123, 443.104, 1.73121, -0.29468, 1.5354
-811.772, 526.771, 273.427, -26.8174, -156.045, 432.228, 1.73121, -0.29468, 1.5354
-812.212, 524.213, 280.379, -26.804, -155.967, 421.358, 1.73121, -0.29468, 1.5354
-812.651, 521.658, 287.153, -26.7906, -155.889, 410.493, 1.73121, -0.29468, 1.5354
-813.09, 519.103, 293.749, -26.7772, -155.811, 399.633, 1.73121, -0.29468, 1.5354
-813.529, 516.55, 300.167, -26.7638, -155.734, 388.779, 1.73121, -0.29468, 1.5354
-813.967, 513.998, 306.407, -26.7504, -155.656, 377.93, 1.73121, -0.29468, 1.5354
-814.406, 511.447, 312.469, -26.7371, -155.578, 367.087, 1.73121, -0.29468, 1.5354
-814.844, 508.897, 318.353, -26.7237, -155.5, 356.249, 1.73121, -0.29468, 1.5354
-815.282, 506.349, 324.06, -26.7103, -155.422, 345.416, 1.73121, -0.29468, 1.5354
-815.72, 503.802, 329.59, -26.697, -155.345, 334.589, 1.73121, -0.29468, 1.5354
-816.157, 501.256, 334.942, -26.6836, -155.267, 323.768, 1.73121, -0.29468, 1.5354
-816.594, 498.712, 340.117, -26.6703, -155.189, 312.951, 1.73121, -0.29468, 1.5354
-817.031, 496.169, 345.114, -26.6569, -155.112, 302.141, 1.73121, -0.29468, 1.5354
-817.468, 493.627, 349.934, -26.6436, -155.034, 291.335, 1.73121, -0.29468, 1.5354
-817.905, 491.086, 354.577, -26.6303, -154.957, 280.535, 1.73121, -0.29468, 1.5354
-818.341, 488.547, 359.044, -26.617, -154.879, 269.74, 1.73121, -0.29468, 1.5354
-818.777, 486.009, 363.333, -26.6037, -154.802, 258.951, 1.73121, -0.29468, 1.5354
-819.213, 483.472, 367.445, -26.5904, -154.724, 248.167, 1.73121, -0.29468, 1.5354
-819.649, 480.937, 371.381, -26.5771, -154.647, 237.389, 1.73121, -0.29468, 1.5354
-820.085, 478.403, 375.14, -26.5638, -154.57, 226.616, 1.73121, -0.29468, 1.5354
-820.52, 475.87, 378.723, -26.5505, -154.492, 215.848, 1.73121, -0.29468, 1.5354
-820.955, 473.338, 382.129, -26.5372, -154.415, 205.086, 1.73121, -0.29468, 1.5354
-821.39, 470.807, 385.359, -26.524, -154.338, 194.329, 1.73121, -0.29468, 1.5354
-821.825, 468.278, 388.413, -26.5107, -154.261, 183.577, 1.73121, -0.29468, 1.5354
-822.259, 465.75, 391.29, -26.4975, -154.184, 172.831, 1.73121, -0.29468, 1.5354
-822.693, 463.224, 393.991, -26.4842, -154.107, 162.09, 1.73121, -0.29468, 1.5354
-823.127, 460.698, 396.516, -26.471, -154.03, 151.355, 1.73121, -0.29468, 1.5354
-823.561, 458.174, 398.866, -26.4577, -153.953, 140.625, 1.73121, -0.29468, 1.5354
-823.995, 455.651, 401.039, -26.4445, -153.876, 129.9, 1.73121, -0.29468, 1.5354
-824.428, 453.13, 403.037, -26.4313, -153.799, 119.181, 1.73121, -0.29468, 1.5354
-824.861, 450.609, 404.859, -26.4181, -153.722, 108.467, 1.73121, -0.29468, 1.5354
-825.294, 448.09, 406.505, -26.4049, -153.645, 97.758, 1.73121, -0.29468, 1.5354
-825.727, 445.572, 407.976, -26.3917, -153.568, 87.0547, 1.73121, -0.29468, 1.5354
-826.159, 443.056, 409.272, -26.3785, -153.491, 76.3568, 1.73121, -0.29468, 1.5354
-826.591, 440.54, 410.392, -26.3653, -153.415, 65.6642, 1.73121, -0.29468, 1.5354
-827.024, 438.026, 411.337, -26.3521, -153.338, 54.977, 1.73121, -0.29468, 1.5354
-827.455, 435.514, 412.107, -26.3389, -153.261, 44.2951, 1.73121, -0.29468, 1.5354
-827.887, 433.002, 412.702, -26.3258, -153.185, 33.6185, 1.73121, -0.29468, 1.5354
-828.318, 430.492, 413.122, -26.3126, -153.108, 22.9473, 1.73121, -0.29468, 1.5354
-828.75, 427.983, 413.367, -26.2995, -153.032, 12.2815, 1.73121, -0.29468, 1.5354
-829.181, 425.475, 413.437, -26.2863, -152.955, 1.62091, 1.73121, -0.29468, 1.5354
-829.611, 422.968, 413.333, -26.2732, -152.879, -9.03431, 1.73121, -0.29468, 1.5354
-830.042, 420.463, 413.054, -26.26, -152.802, -19.6842, 1.73121, -0.29468, 1.5354
-830.472, 417.959, 412.6, -26.2469, -152.726, -30.3288, 1.73121, -0.29468, 1.5354
-830.902, 415.456, 411.972, -26.2338, -152.649, -40.968, 1.73121, -0.29468, 1.5354
-831.332, 412.955, 411.17, -26.2207, -152.573, -51.6019, 1.73121, -0.29468, 1.5354
-831.762, 410.455, 410.193, -26.2076, -152.497, -62.2305, 1.73121, -0.29468, 1.5354
-832.191, 407.956, 409.042, -26.1945, -152.421, -72.8538, 1.73121, -0.29468, 1.5354
-832.621, 405.458, 407.717, -26.1814, -152.344, -83.4718, 1.73121, -0.29468, 1.5354
-833.05, 402.961, 406.219, -26.1683, -152.268, -94.0845, 1.73121, -0.29468, 1.5354
-833.479, 400.466, 404.546, -26.1552, -152.192, -104.692, 1.73121, -0.29468, 1.5354
-833.907, 397.972, 402.699, -26.1421, -152.116, -115.294, 1.73121, -0.29468, 1.5354
-834.336, 395.479, 400.679, -26.129, -152.04, -125.891, 1.73121, -0.29468, 1.5354
-834.764, 392.988, 398.485, -26.116, -151.964, -136.482, 1.73121, -0.29468, 1.5354
-835.192, 390.498, 396.117, -26.1029, -151.888, -147.068, 1.73121, -0.29468, 1.5354
-835.619, 388.009, 393.576, -26.0899, -151.812, -157.649, 1.73121, -0.29468, 1.5354
-836.047, 385.521, 390.862, -26.0768, -151.736, -168.225, 1.73121, -0.29468, 1.5354
-836.474, 383.034, 387.974, -26.0638, -151.66, -178.795, 1.73121, -0.29468, 1.5354
-836.901, 380.549, 384.913, -26.0508, -151.584, -189.36, 1.73121, -0.29468, 1.5354
-837.328, 378.065, 381.679, -26.0377, -151.509, -199.92, 1.73121, -0.29468, 1.5354
-837.755, 375.582, 378.272, -26.0247, -151.433, -210.474, 1.73121, -0.29468, 1.5354
-838.181, 373.1, 374.692, -26.0117, -151.357, -221.023, 1.73121, -0.29468, 1.5354
-838.608, 370.62, 370.939, -25.9987, -151.282, -231.567, 1.73121, -0.29468, 1.5354
-839.034, 368.141, 367.013, -25.9857, -151.206, -242.106, 1.73121, -0.29468, 1.5354
-839.46, 365.663, 362.914, -25.9727, -151.13, -252.639, 1.73121, -0.29468, 1.5354
-839.885, 363.187, 358.643, -25.9597, -151.055, -263.168, 1.73121, -0.29468, 1.5354
-840.311, 360.711, 354.2, -25.9468, -150.979, -273.69, 1.73121, -0.29468, 1.5354
-840.736, 358.237, 349.584, -25.9338, -150.904, -284.208, 1.73121, -0.29468, 1.5354
-841.161, 355.764, 344.795, -25.9208, -150.828, -294.72, 1.73121, -0.29468, 1.5354
-841.586, 353.292, 339.835, -25.9079, -150.753, -305.227, 1.73121, -0.29468, 1.5354
-842.01, 350.822, 334.702, -25.8949, -150.678, -315.729, 1.73121, -0.29468, 1.5354
-842.435, 348.353, 329.397, -25.882, -150.602, -326.226, 1.73121, -0.29468, 1.5354
-842.859, 345.885, 323.92, -25.869, -150.527, -336.717, 1.73121, -0.29468, 1.5354
-843.283, 343.418, 318.271, -25.8561, -150.452, -347.203, 1.73121, -0.29468, 1.5354
-843.706, 340.953, 312.45, -25.8432, -150.376, -357.684, 1.73121, -0.29468, 1.5354
-844.13, 338.488, 306.458, -25.8302, -150.301, -368.159, 1.73121, -0.29468, 1.5354
-844.553, 336.025, 300.294, -25.8173, -150.226, -378.63, 1.73121, -0.29468, 1.5354
-844.976, 333.564, 293.958, -25.8044, -150.151, -389.095, 1.73121, -0.29468, 1.5354
-845.399, 331.103, 287.451, -25.7915, -150.076, -399.555, 1.73121, -0.29468, 1.5354
-845.822, 328.644, 280.772, -25.7786, -150.001, -410.009, 1.73121, -0.29468, 1.5354
-846.244, 326.185, 273.922, -25.7657, -149.926, -420.459, 1.73121, -0.29468, 1.5354
-846.666, 323.729, 266.901, -25.7529, -149.851, -430.903, 1.73121, -0.29468, 1.5354
-847.088, 321.273, 259.709, -25.74, -149.776, -441.342, 1.73121, -0.29468, 1.5354
-847.51, 318.819, 252.345, -25.7271, -149.701, -451.776, 1.73121, -0.29468, 1.5354
-847.932, 316.365, 244.811, -25.7143, -149.626, -462.204, 1.73121, -0.29468, 1.5354
-848.353, 313.913, 237.106, -25.7014, -149.552, -472.628, 1.73121, -0.29468, 1.5354
-848.774, 311.463, 229.23, -25.6885, -149.477, -483.046, 1.73121, -0.29468, 1.5354
-849.195, 309.013, 221.183, -25.6757, -149.402, -493.459, 1.73121, -0.29468, 1.5354
-849.616, 306.565, 212.965, -25.6629, -149.327, -503.866, 1.73121, -0.29468, 1.5354
-850.037, 304.118, 204.577, -25.65, -149.253, -514.269, 1.73121, -0.29468, 1.5354
-850.457, 301.672, 196.019, -25.6372, -149.178, -524.666, 1.73121, -0.29468, 1.5354
-850.877, 299.227, 187.29, -25.6244, -149.104, -535.058, 1.73121, -0.29468, 1.5354
-851.297, 296.784, 178.391, -25.6116, -149.029, -545.445, 1.73121, -0.29468, 1.5354
-851.717, 294.342, 169.321, -25.5988, -148.954, -555.827, 1.73121, -0.29468, 1.5354
-852.136, 291.901, 160.082, -25.586, -148.88, -566.203, 1.73121, -0.29468, 1.5354
-852.555, 289.461, 150.672, -25.5732, -148.806, -576.575, 1.73121, -0.29468, 1.5354
-852.974, 287.022, 141.093, -25.5604, -148.731, -586.941, 1.73121, -0.29468, 1.5354
-853.393, 284.585, 131.343, -25.5476, -148.657, -597.302, 1.73121, -0.29468, 1.5354
-853.812, 282.149, 121.424, -25.5349, -148.583, -607.658, 1.73121, -0.29468, 1.5354
-854.23, 279.714, 111.335, -25.5221, -148.508, -618.008, 1.73121, -0.29468, 1.5354
-854.649, 277.28, 101.077, -25.5093, -148.434, -628.354, 1.73121, -0.29468, 1.5354
-855.068, 274.837, 94.8371, -25.8866, -151.051, 383.216, 1.65752, -0.284003, 1.5354
-855.493, 272.362, 100.986, -25.8737, -150.976, 372.37, 1.65752, -0.284003, 1.5354
-855.917, 269.888, 106.957, -25.8607, -150.9, 361.53, 1.65752, -0.284003, 1.5354
-856.34, 267.415, 112.751, -25.8478, -150.825, 350.695, 1.65752, -0.284003, 1.5354
-856.764, 264.943, 118.367, -25.8349, -150.75, 339.865, 1.65752, -0.284003, 1.5354
-857.187, 262.473, 123.805, -25.822, -150.674, 329.041, 1.65752, -0.284003, 1.5354
-857.61, 260.004, 129.066, -25.8091, -150.599, 318.222, 1.65752, -0.284003, 1.5354
-858.033, 257.536, 134.15, -25.7962, -150.524, 307.408, 1.65752, -0.284003, 1.5354
-858.456, 255.069, 139.056, -25.7833, -150.448, 296.6, 1.65752, -0.284003, 1.5354
-858.879, 252.604, 143.786, -25.7704, -150.373, 285.797, 1.65752, -0.284003, 1.5354
-859.301, 250.139, 148.338, -25.7575, -150.298, 275, 1.65752, -0.284003, 1.5354
-859.723, 247.676, 152.714, -25.7446, -150.223, 264.208, 1.65752, -0.284003, 1.5354
-860.145, 245.215, 156.913, -25.7317, -150.148, 253.422, 1.65752, -0.284003, 1.5354
-860.567, 242.754, 160.934, -25.7189, -150.073, 242.641, 1.65752, -0.284003, 1.5354
-860.988, 240.295, 164.78, -25.706, -149.998, 231.865, 1.65752, -0.284003, 1.5354
-861.409, 237.837, 168.448, -25.6932, -149.923, 221.095, 1.65752, -0.284003, 1.5354
-861.83, 235.38, 171.94, -25.6803, -149.848, 210.33, 1.65752, -0.284003, 1.5354
-862.251, 232.924, 175.256, -25.6675, -149.773, 199.57, 1.65752, -0.284003, 1.5354
-862.672, 230.47, 178.396, -25.6547, -149.698, 188.816, 1.65752, -0.284003, 1.5354
-863.092, 228.017, 181.359, -25.6418, -149.623, 178.067, 1.65752, -0.284003, 1.5354
-863.512, 225.565, 184.146, -25.629, -149.548, 167.324, 1.65752, -0.284003, 1.5354
-863.932, 223.114, 186.757, -25.6162, -149.473, 156.586, 1.65752, -0.284003, 1.5354
-864.352, 220.665, 189.192, -25.6034, -149.399, 145.853, 1.65752, -0.284003, 1.5354
-864.772, 218.217, 191.451, -25.5906, -149.324, 135.126, 1.65752, -0.284003, 1.5354
-865.191, 215.769, 193.534, -25.5778, -149.249, 124.404, 1.65752, -0.284003, 1.5354
-865.61, 213.324, 195.442, -25.565, -149.175, 113.687, 1.65752, -0.284003, 1.5354
-866.029, 210.879, 197.174, -25.5522, -149.1, 102.976, 1.65752, -0.284003, 1.5354
-866.448, 208.436, 198.73, -25.5395, -149.026, 92.27, 1.65752, -0.284003, 1.5354
-866.866, 205.994, 200.111, -25.5267, -148.951, 81.5695, 1.65752, -0.284003, 1.5354
-867.285, 203.553, 201.317, -25.5139, -148.877, 70.8743, 1.65752, -0.284003, 1.5354
-867.703, 201.113, 202.348, -25.5012, -148.802, 60.1844, 1.65752, -0.284003, 1.5354
-868.121, 198.675, 203.203, -25.4884, -148.728, 49.4999, 1.65752, -0.284003, 1.5354
-868.538, 196.237, 203.883, -25.4757, -148.653, 38.8208, 1.65752, -0.284003, 1.5354
-868.956, 193.801, 204.388, -25.4629, -148.579, 28.147, 1.65752, -0.284003, 1.5354
-869.373, 191.366, 204.718, -25.4502, -148.505, 17.4785, 1.65752, -0.284003, 1.5354
-869.79, 188.933, 204.874, -25.4375, -148.431, 6.81536, 1.65752, -0.284003, 1.5354
-870.207, 186.5, 204.855, -25.4248, -148.356, -3.84246, 1.65752, -0.284003, 1.5354
-870.624, 184.069, 204.661, -25.4121, -148.282, -14.4949, 1.65752, -0.284003, 1.5354
-871.04, 181.639, 204.292, -25.3994, -148.208, -25.1421, 1.65752, -0.284003, 1.5354
-871.456, 179.211, 203.749, -25.3867, -148.134, -35.7839, 1.65752, -0.284003, 1.5354
-871.872, 176.783, 203.032, -25.374, -148.06, -46.4205, 1.65752, -0.284003, 1.5354
-872.288, 174.357, 202.14, -25.3613, -147.986, -57.0517, 1.65752, -0.284003, 1.5354
-872.704, 171.932, 201.074, -25.3486, -147.912, -67.6775, 1.65752, -0.284003, 1.5354
-873.119, 169.508, 199.834, -25.3359, -147.838, -78.2981, 1.65752, -0.284003, 1.5354
-873.534, 167.085, 198.42, -25.3233, -147.764, -88.9134, 1.65752, -0.284003, 1.5354
-873.949, 164.664, 196.832, -25.3106, -147.69, -99.5233, 1.65752, -0.284003, 1.5354
-874.364, 162.243, 195.07, -25.2979, -147.616, -110.128, 1.65752, -0.284003, 1.5354
-874.779, 159.824, 193.134, -25.2853, -147.543, -120.727, 1.65752, -0.284003, 1.5354
-875.193, 157.407, 191.025, -25.2727, -147.469, -131.321, 1.65752, -0.284003, 1.5354
-875.607, 154.99, 188.742, -25.26, -147.395, -141.91, 1.65752, -0.284003, 1.5354
-876.021, 152.575, 186.285, -25.2474, -147.321, -152.494, 1.65752, -0.284003, 1.5354
-876.435, 150.16, 183.655, -25.2348, -147.248, -163.072, 1.65752, -0.284003, 1.5354
-876.848, 147.747, 180.852, -25.2222, -147.174, -173.645, 1.65752, -0.284003, 1.5354
-877.262, 145.336, 177.875, -25.2095, -147.101, -184.212, 1.65752, -0.284003, 1.5354
-877.675, 142.925, 174.726, -25.1969, -147.027, -194.775, 1.65752, -0.284003, 1.5354
-878.088, 140.516, 171.403, -25.1843, -146.954, -205.332, 1.65752, -0.284003, 1.5354
-878.5, 138.107, 167.907, -25.1718, -146.88, -215.883, 1.65752, -0.284003, 1.5354
-878.913, 135.701, 164.238, -25.1592, -146.807, -226.43, 1.65752, -0.284003, 1.5354
-879.325, 133.295, 160.397, -25.1466, -146.733, -236.971, 1.65752, -0.284003, 1.5354
-879.737, 130.89, 156.382, -25.134, -146.66, -247.507, 1.65752, -0.284003, 1.5354
-880.149, 128.487, 152.195, -25.1215, -146.587, -258.038, 1.65752, -0.284003, 1.5354
-880.561, 126.085, 147.836, -25.1089, -146.513, -268.563, 1.65752, -0.284003, 1.5354
-880.972, 123.684, 143.304, -25.0963, -146.44, -279.083, 1.65752, -0.284003, 1.5354
-881.384, 121.284, 138.599, -25.0838, -146.367, -289.598, 1.65752, -0.284003, 1.5354
-881.795, 118.885, 133.723, -25.0713, -146.294, -300.108, 1.65752, -0.284003, 1.5354
-882.206, 116.488, 128.674, -25.0587, -146.221, -310.612, 1.65752, -0.284003, 1.5354
-882.616, 114.092, 123.453, -25.0462, -146.147, -321.111, 1.65752, -0.284003, 1.5354
-883.027, 111.697, 118.06, -25.0337, -146.074, -331.605, 1.65752, -0.284003, 1.5354
-883.437, 109.303, 112.494, -25.0212, -146.001, -342.094, 1.65752, -0.284003, 1.5354
-883.847, 106.911, 106.757, -25.0087, -145.928, -352.577, 1.65752, -0.284003, 1.5354
-884.257, 104.519, 100.849, -24.9961, -145.855, -363.055, 1.65752, -0.284003, 1.5354
-884.666, 102.129, 94.7682, -24.9837, -145.782, -373.528, 1.65752, -0.284003, 1.5354
-885.077, 99.7337, 91.0341, -25.2355, -147.261, 230.397, 1.61506, -0.276766, 1.5354
-885.49, 97.3205, 94.6786, -25.2229, -147.187, 219.628, 1.61506, -0.276766, 1.5354
-885.904, 94.9085, 98.1467, -25.2103, -147.113, 208.864, 1.61506, -0.276766, 1.5354
-886.317, 92.4977, 101.438, -25.1977, -147.04, 198.105, 1.61506, -0.276766, 1.5354
-886.73, 90.0882, 104.554, -25.1851, -146.966, 187.351, 1.61506, -0.276766, 1.5354
-887.142, 87.6798, 107.493, -25.1725, -146.893, 176.603, 1.61506, -0.276766, 1.5354
-887.555, 85.2726, 110.256, -25.1599, -146.819, 165.861, 1.61506, -0.276766, 1.5354
-887.967, 82.8666, 112.843, -25.1473, -146.746, 155.123, 1.61506, -0.276766, 1.5354
-888.379, 80.4618, 115.254, -25.1348, -146.673, 144.391, 1.61506, -0.276766, 1.5354
-888.791, 78.0583, 117.489, -25.1222, -146.599, 133.665, 1.61506, -0.276766, 1.5354
-889.203, 75.6559, 119.549, -25.1096, -146.526, 122.943, 1.61506, -0.276766, 1.5354
-889.614, 73.2547, 121.432, -25.0971, -146.453, 112.228, 1.61506, -0.276766, 1.5354
-890.026, 70.8548, 123.141, -25.0845, -146.38, 101.517, 1.61506, -0.276766, 1.5354
-890.437, 68.456, 124.673, -25.072, -146.306, 90.8119, 1.61506, -0.276766, 1.5354
-890.848, 66.0584, 126.03, -25.0595, -146.233, 80.1121, 1.61506, -0.276766, 1.5354
-891.258, 63.6621, 127.212, -25.0469, -146.16, 69.4176, 1.61506, -0.276766, 1.5354
-891.669, 61.2669, 128.219, -25.0344, -146.087, 58.7285, 1.61506, -0.276766, 1.5354
-892.079, 58.8729, 129.05, -25.0219, -146.014, 48.0448, 1.61506, -0.276766, 1.5354
-892.489, 56.4801, 129.706, -25.0094, -145.941, 37.3663, 1.61506, -0.276766, 1.5354
-892.899, 54.0886, 130.188, -24.9969, -145.868, 26.6932, 1.61506, -0.276766, 1.5354
-893.308, 51.6982, 130.494, -24.9844, -145.795, 16.0255, 1.61506, -0.276766, 1.5354
-893.718, 49.309, 130.626, -24.9719, -145.722, 5.36307, 1.61506, -0.276766, 1.5354
-894.127, 46.921, 130.583, -24.9594, -145.649, -5.29402, 1.61506, -0.276766, 1.5354
-894.536, 44.5342, 130.365, -24.9469, -145.577, -15.9458, 1.61506, -0.276766, 1.5354
-894.945, 42.1486, 129.973, -24.9345, -145.504, -26.5922, 1.61506, -0.276766, 1.5354
-895.354, 39.7642, 129.406, -24.922, -145.431, -37.2333, 1.61506, -0.276766, 1.5354
-895.762, 37.3809, 128.665, -24.9095, -145.358, -47.8691, 1.61506, -0.276766, 1.5354
-896.17, 34.9989, 127.749, -24.8971, -145.286, -58.4996, 1.61506, -0.276766, 1.5354
-896.578, 32.6181, 126.66, -24.8846, -145.213, -69.1247, 1.61506, -0.276766, 1.5354
-896.986, 30.2384, 125.396, -24.8722, -145.141, -79.7446, 1.61506, -0.276766, 1.5354
-897.394, 27.86, 123.958, -24.8598, -145.068, -90.3591, 1.61506, -0.276766, 1.5354
-897.801, 25.4827, 122.346, -24.8473, -144.995, -100.968, 1.61506, -0.276766, 1.5354
-898.208, 23.1066, 120.561, -24.8349, -144.923, -111.572, 1.61506, -0.276766, 1.5354
-898.615, 20.7317, 118.601, -24.8225, -144.85, -122.171, 1.61506, -0.276766, 1.5354
-899.022, 18.358, 116.468, -24.8101, -144.778, -132.764, 1.61506, -0.276766, 1.5354
-899.428, 15.9855, 114.162, -24.7977, -144.706, -143.352, 1.61506, -0.276766, 1.5354
-899.835, 13.6141, 111.681, -24.7853, -144.633, -153.935, 1.61506, -0.276766, 1.5354
-900.241, 11.244, 109.028, -24.7729, -144.561, -164.512, 1.61506, -0.276766, 1.5354
-900.647, 8.87503, 106.201, -24.7605, -144.489, -175.085, 1.61506, -0.276766, 1.5354
-901.053, 6.50725, 103.201, -24.7481, -144.417, -185.651, 1.61506, -0.276766, 1.5354
-901.458, 4.14066, 100.027, -24.7358, -144.344, -196.213, 1.61506, -0.276766, 1.5354
-901.864, 1.77524, 96.681, -24.7234, -144.272, -206.769, 1.61506, -0.276766, 1.5354
-902.269, -0.588987, 93.1616, -24.711, -144.2, -217.32, 1.61506, -0.276766, 1.5354
-902.674, -2.95576, 90.9635, -24.8544, -145.037, 136.72, 1.59018, -0.272503, 1.5354
-903.082, -5.33253, 93.073, -24.842, -144.965, 125.997, 1.59018, -0.272503, 1.5354
-903.489, -7.7081, 95.0067, -24.8296, -144.892, 115.28, 1.59018, -0.272503, 1.5354
-903.896, -10.0825, 96.7648, -24.8172, -144.82, 104.568, 1.59018, -0.272503, 1.5354
-904.302, -12.4557, 98.3474, -24.8048, -144.747, 93.8608, 1.59018, -0.272503, 1.5354
-904.709, -14.8277, 99.7545, -24.7924, -144.675, 83.1595, 1.59018, -0.272503, 1.5354
-905.115, -17.1985, 100.986, -24.78, -144.602, 72.4635, 1.59018, -0.272503, 1.5354
-905.521, -19.5682, 102.043, -24.7676, -144.53, 61.7729, 1.59018, -0.272503, 1.5354
-905.927, -21.9366, 102.924, -24.7552, -144.458, 51.0876, 1.59018, -0.272503, 1.5354
-906.333, -24.3039, 103.63, -24.7428, -144.386, 40.4077, 1.59018, -0.272503, 1.5354
-906.738, -26.67, 104.161, -24.7304, -144.314, 29.7331, 1.59018, -0.272503, 1.5354
-907.143, -29.0349, 104.518, -24.7181, -144.241, 19.0638, 1.59018, -0.272503, 1.5354
-907.549, -31.3986, 104.699, -24.7057, -144.169, 8.39985, 1.59018, -0.272503, 1.5354
-907.953, -33.7612, 104.706, -24.6934, -144.097, -2.25876, 1.59018, -0.272503, 1.5354
-908.358, -36.1225, 104.538, -24.681, -144.025, -12.912, 1.59018, -0.272503, 1.5354
-908.763, -38.4827, 104.195, -24.6687, -143.953, -23.56, 1.59018, -0.272503, 1.5354
-909.167, -40.8417, 103.678, -24.6564, -143.881, -34.2026, 1.59018, -0.272503, 1.5354
-909.571, -43.1996, 102.986, -24.644, -143.809, -44.8399, 1.59018, -0.272503, 1.5354
-909.975, -45.5562, 102.121, -24.6317, -143.737, -55.4719, 1.59018, -0.272503, 1.5354
-910.378, -47.9117, 101.081, -24.6194, -143.666, -66.0986, 1.59018, -0.272503, 1.5354
-910.782, -50.266, 99.8665, -24.6071, -143.594, -76.7199, 1.59018, -0.272503, 1.5354
-911.185, -52.6191, 98.4782, -24.5948, -143.522, -87.336, 1.59018, -0.272503, 1.5354
-911.588, -54.971, 96.916, -24.5825, -143.45, -97.9467, 1.59018, -0.272503, 1.5354
-911.991, -57.3218, 95.1799, -24.5702, -143.378, -108.552, 1.59018, -0.272503, 1.5354
-912.393, -59.6713, 93.2701, -24.5579, -143.307, -119.152, 1.59018, -0.272503, 1.5354
-912.796, -62.0219, 92.0373, -24.6353, -143.758, 77.8483, 1.57586, -0.270048, 1.5354
-913.2, -64.3777, 93.182, -24.623, -143.686, 67.155, 1.57586, -0.270048, 1.5354
-913.604, -66.7323, 94.1515, -24.6107, -143.615, 56.467, 1.57586, -0.270048, 1.5354
-914.007, -69.0858, 94.9458, -24.5984, -143.543, 45.7844, 1.57586, -0.270048, 1.5354
-914.41, -71.4381, 95.5651, -24.5861, -143.471, 35.1071, 1.57586, -0.270048, 1.5354
-914.813, -73.7892, 96.0094, -24.5738, -143.399, 24.4351, 1.57586, -0.270048, 1.5354
-915.215, -76.1391, 96.2788, -24.5615, -143.328, 13.7685, 1.57586, -0.270048, 1.5354
-915.618, -78.4879, 96.3735, -24.5492, -143.256, 3.1072, 1.57586, -0.270048, 1.5354
-916.02, -80.8354, 96.2934, -24.5369, -143.184, -7.54876, 1.57586, -0.270048, 1.5354
-916.422, -83.1819, 96.0387, -24.5247, -143.113, -18.1994, 1.57586, -0.270048, 1.5354
-916.824, -85.5271, 95.6094, -24.5124, -143.041, -28.8447, 1.57586, -0.270048, 1.5354
-917.226, -87.8711, 95.0057, -24.5002, -142.97, -39.4847, 1.57586, -0.270048, 1.5354
-917.627, -90.214, 94.2277, -24.4879, -142.898, -50.1193, 1.57586, -0.270048, 1.5354
-918.029, -92.5557, 93.2754, -24.4757, -142.827, -60.7487, 1.57586, -0.270048, 1.5354
-918.43, -94.8963, 92.1489, -24.4634, -142.755, -71.3727, 1.57586, -0.270048, 1.5354
-918.831, -97.2369, 91.3859, -24.5046, -142.996, 49.1949, 1.56733, -0.268587, 1.5354
-919.232, -99.5802, 92.0611, -24.4923, -142.924, 38.5159, 1.56733, -0.268587, 1.5354
-919.634, -101.922, 92.5612, -24.4801, -142.853, 27.8422, 1.56733, -0.268587, 1.5354
-920.035, -104.263, 92.8865, -24.4679, -142.781, 17.1739, 1.56733, -0.268587, 1.5354
-920.436, -106.603, 93.0369, -24.4556, -142.71, 6.51089, 1.56733, -0.268587, 1.5354
-920.837, -108.942, 93.0126, -24.4434, -142.639, -4.14677, 1.56733, -0.268587, 1.5354
-921.237, -111.279, 92.8137, -24.4312, -142.567, -14.7991, 1.56733, -0.268587, 1.5354
-921.638, -113.616, 92.4401, -24.419, -142.496, -25.4461, 1.56733, -0.268587, 1.5354
-922.038, -115.951, 91.8921, -24.4068, -142.425, -36.0878, 1.56733, -0.268587, 1.5354
-922.438, -118.285, 91.4761, -24.4265, -142.54, 28.0345, 1.56223, -0.267713, 1.5354
-922.838, -120.621, 91.8046, -24.4143, -142.468, 17.3661, 1.56223, -0.267713, 1.5354
-923.238, -122.956, 91.9581, -24.4021, -142.397, 6.70298, 1.56223, -0.267713, 1.5354
-923.638, -125.289, 91.937, -24.3899, -142.326, -3.95477, 1.56223, -0.267713, 1.5354
-924.038, -127.622, 91.7412, -24.3777, -142.255, -14.6072, 1.56223, -0.267713, 1.5354
-924.437, -129.953, 91.3708, -24.3655, -142.184, -25.2543, 1.56223, -0.267713, 1.5354
-924.837, -132.284, 91.4273, -24.3727, -142.226, 13.0131, 1.55912, -0.267181, 1.5354
-925.236, -134.615, 91.5096, -24.3605, -142.155, 2.35215, 1.55912, -0.267181, 1.5354
-925.635, -136.945, 91.4171, -24.3484, -142.084, -8.30343, 1.55912, -0.267181, 1.5354
-926.035, -139.273, 91.2743, -24.3485, -142.085, 11.3722, 1.55715, -0.266843, 1.5354
-926.434, -141.602, 91.3297, -24.3364, -142.014, 0.712121, 1.55715, -0.266843, 1.5354
-926.832, -143.929, 91.2756, -24.3313, -141.984, 5.96558, 1.55602, -0.26665, 1.5354
-927.231, -146.256, 91.2731, -24.3226, -141.934, 2.81508, 1.55546, -0.266552, 1.5354
-927.63, -148.582, 91.2396, -24.314, -141.883, 4.70444, 1.5549, -0.266457, 1.5354
-928.028, -150.907, 91.2305, -24.3053, -141.833, 2.97192, 1.55434, -0.266361, 1.5354
-928.427, -153.232, 91.2202, -24.2966, -141.782, 2.34852, 1.55378, -0.266266, 1.5354
-928.825, -155.555, 91.2095, -24.288, -141.731, 2.12421, 1.55323, -0.266171, 1.5354
-929.223, -157.878, 91.1987, -24.2793, -141.681, 2.0435, 1.55268, -0.266076, 1.5354
-929.621, -160.2, 91.1878, -24.2706, -141.63, 2.01446, 1.55212, -0.265981, 1.5354
-930.018, -162.521, 91.1769, -24.262, -141.58, 2.00401, 1.55157, -0.265886, 1.5354
-930.416, -164.841, 91.166, -24.2533, -141.529, 2.00025, 1.55101, -0.265791, 1.5354
-930.813, -167.161, 91.1551, -24.2446, -141.479, 1.9989, 1.55046, -0.265696, 1.5354
-931.211, -169.479, 91.1441, -24.236, -141.428, 1.99841, 1.54991, -0.265601, 1.5354
-931.608, -171.797, 91.1332, -24.2273, -141.378, 1.99824, 1.54935, -0.265506, 1.5354
-932.005, -174.114, 91.1223, -24.2187, -141.327, 1.99817, 1.5488, -0.265412, 1.5354
-932.402, -176.43, 91.1114, -24.21, -141.277, 1.99815, 1.54825, -0.265317, 1.5354
-932.799, -178.745, 91.1004, -24.2014, -141.226, 1.99814, 1.54769, -0.265222, 1.5354
-933.195, -181.06, 91.0895, -24.1928, -141.176, 1.99814, 1.54714, -0.265127, 1.5354
-933.592, -183.374, 91.0786, -24.1841, -141.125, 1.99814, 1.54659, -0.265033, 1.5354
-933.988, -185.686, 91.0677, -24.1755, -141.075, 1.99814, 1.54604, -0.264938, 1.5354
-934.384, -187.998, 91.0567, -24.1669, -141.025, 1.99814, 1.54548, -0.264844, 1.5354
-934.78, -190.31, 91.0458, -24.1582, -140.974, 1.99814, 1.54493, -0.264749, 1.5354
-935.176, -192.62, 91.0349, -24.1496, -140.924, 1.99814, 1.54438, -0.264655, 1.5354
-935.572, -194.929, 91.024, -24.141, -140.874, 1.99814, 1.54383, -0.26456, 1.5354
-935.968, -197.238, 91.013, -24.1324, -140.823, 1.99814, 1.54328, -0.264466, 1.5354
-936.363, -199.546, 91.0021, -24.1237, -140.773, 1.99814, 1.54273, -0.264371, 1.5354
-936.759, -201.853, 90.9912, -24.1151, -140.723, 1.99814, 1.54218, -0.264277, 1.5354
-937.154, -204.159, 90.9803, -24.1065, -140.673, 1.99814, 1.54163, -0.264182, 1.5354
-937.549, -206.465, 90.9693, -24.0979, -140.622, 1.99814, 1.54108, -0.264088, 1.5354
-937.944, -208.769, 90.9584, -24.0893, -140.572, 1.99814, 1.54053, -0.263994, 1.5354
-938.339, -211.073, 90.9475, -24.0807, -140.522, 1.99814, 1.53998, -0.2639, 1.5354
-938.733, -213.376, 90.9366, -24.0721, -140.472, 1.99814, 1.53943, -0.263805, 1.5354
-939.128, -215.678, 90.9256, -24.0635, -140.422, 1.99814, 1.53888, -0.263711, 1.5354
-939.522, -217.979, 90.9147, -24.0549, -140.372, 1.99814, 1.53833, -0.263617, 1.5354
-939.916, -220.28, 90.9038, -24.0463, -140.321, 1.99814, 1.53778, -0.263523, 1.5354
-940.31, -222.58, 90.8929, -24.0378, -140.271, 1.99814, 1.53723, -0.263429, 1.5354
-940.704, -224.878, 90.8819, -24.0292, -140.221, 1.99814, 1.53668, -0.263335, 1.5354
-941.098, -227.176, 90.871, -24.0206, -140.171, 1.99814, 1.53613, -0.263241, 1.5354
-941.492, -229.474, 90.8601, -24.012, -140.121, 1.99814, 1.53558, -0.263147, 1.5354
-941.885, -231.77, 90.8492, -24.0034, -140.071, 1.99814, 1.53503, -0.263053, 1.5354
-942.279, -234.066, 90.8382, -23.9949, -140.021, 1.99814, 1.53449, -0.262959, 1.5354
-942.672, -236.36, 90.8273, -23.9863, -139.971, 1.99814, 1.53394, -0.262865, 1.5354
-943.065, -238.654, 90.8164, -23.9777, -139.921, 1.99814, 1.53339, -0.262771, 1.5354
-943.458, -240.947, 90.8055, -23.9692, -139.871, 1.99814, 1.53284, -0.262677, 1.5354
-943.851, -243.24, 90.7945, -23.9606, -139.821, 1.99814, 1.5323, -0.262583, 1.5354
-944.243, -245.531, 90.7836, -23.9521, -139.771, 1.99814, 1.53175, -0.26249, 1.5354
-944.636, -247.822, 90.7727, -23.9435, -139.721, 1.99814, 1.5312, -0.262396, 1.5354
-945.028, -250.111, 90.7618, -23.935, -139.672, 1.99814, 1.53065, -0.262302, 1.5354
-945.421, -252.4, 90.7508, -23.9264, -139.622, 1.99814, 1.53011, -0.262209, 1.5354
-945.813, -254.689, 90.7399, -23.9179, -139.572, 1.99814, 1.52956, -0.262115, 1.5354
-946.205, -256.976, 90.729, -23.9093, -139.522, 1.99814, 1.52902, -0.262022, 1.5354
-946.597, -259.263, 90.7181, -23.9008, -139.472, 1.99814, 1.52847, -0.261928, 1.5354
-946.988, -261.548, 90.7071, -23.8923, -139.422, 1.99814, 1.52792, -0.261834, 1.5354
-947.38, -263.833, 90.6962, -23.8837, -139.373, 1.99814, 1.52738, -0.261741, 1.5354
-947.771, -266.117, 90.6853, -23.8752, -139.323, 1.99814, 1.52683, -0.261647, 1.5354
-948.163, -268.401, 90.6744, -23.8667, -139.273, 1.99814, 1.52629, -0.261554, 1.5354
