-844.494141,-226.326675,429.399078,-34.52,276.619995,65.429512,10190,28351,-11924,2.30774,-1.998706,-1.702234,0,1,0,0,100,0.,0.,0.,0.,0.,0,0,0
-845.064575,-221.782364,430.336151,-34.52,276.619995,54.767143,10029,28773,-11087,2.172019,-1.916077,-1.525336,0,1,0,0,100,0.,0.,0.,0.,0.,0,0,0
-845.635132,-217.238083,431.099121,-34.52,276.619995,44.104782,9860,29148,-10332,2.02358,-1.811402,-1.384451,0,1,0,0,100,0.,0.,0.,0.,0.,0,0,0
-846.205627,-212.693802,431.687988,-34.52,276.619995,33.442417,9683,29477,-9653,1.883485,-1.713196,-1.256867,0,1,0,0,100,0.,0.,0.,0.,0.,0,0,0
-846.776123,-208.14949,432.102753,-34.52,276.619995,22.780054,9502,29767,-9040,1.75191,-1.621584,-1.140939,0,1,0,0,100,0.,0.,0.,0.,0.,0,0,0
-847.346558,-203.605209,432.343414,-34.52,276.619995,12.117691,9321,30021,-8487,1.628584,-1.535942,-1.035717,0,1,0,0,100,0.,0.,0.,0.,0.,0,0,0
-847.917114,-199.060913,432.410004,-34.52,276.619995,1.455327,9140,30245,-7989,1.513047,-1.455731,-0.94017,0,1,0,0,100,0.,0.,0.,0.,0.,0,0,0
-848.48761,-194.516632,432.30246,-34.52,276.619995,-9.207037,8959,30437,-7540,1.40498,-1.380436,-0.853509,0,1,0,0,100,0.,0.149597,0.,0.149597,0.,0,0,0
-849.058044,-189.972336,432.020844,-34.52,276.619995,-19.869398,8785,30606,-7136,1.30392,-1.309712,-0.774872,0,1,0,0,100,0.,0.251953,0.,0.251953,0.,0,0,0
-849.628601,-185.42804,431.565094,-34.52,276.619995,-30.531761,8615,30754,-6770,1.222323,-1.234071,-0.693896,0,1,0,0,100,0.,0.417297,0.,0.417297,0.,0,0,0
-850.199097,-180.883759,430.935242,-34.52,276.619995,-41.194126,8452,30893,-6433,1.157321,-1.155444,-0.610875,0,1,0,0,100,0.,0.606262,0.102356,0.606262,0.,0,0,0
-850.769592,-176.339462,430.131317,-34.52,276.619995,-51.856491,8297,31026,-6121,1.112752,-1.071195,-0.520775,0,1,0,0,100,0.,0.818848,0.236206,0.818848,0.,0,0,0
-851.340027,-171.795166,429.15329,-34.52,276.619995,-62.518856,8156,31160,-5821,1.087818,-0.968305,-0.424661,0,1,0,0,100,0.,0.952698,0.307068,0.952698,0.,0,1,0
-851.910583,-167.250885,428.001129,-34.52,276.619995,-73.181221,8033,31300,-5538,1.083277,-0.839512,-0.32062,0,1,0,0,100,0.,0.999969,0.370056,0.999969,0.,0,1,0
-852.58313,-162.701385,426.766998,-43.702442,277.872375,-74.925751,7931,31450,-5264,1.095228,-0.694437,-0.209197,0,1,0,0,100,0.,0.999969,0.385803,0.999969,0.,0,1,0
-853.454041,-158.122528,425.552185,-56.204597,279.411255,-73.647324,7851,31615,-4996,1.116058,-0.540875,-0.095683,0,1,0,0,100,0.,0.999969,0.393677,0.999969,0.,0,1,0
-854.533264,-153.524338,424.35675,-68.808266,280.756897,-72.465858,7793,31796,-4726,1.141139,-0.387579,0.017295,0,1,0,0,100,0.,0.999969,0.440918,0.999969,0.,0,1,0
-855.820007,-148.906815,423.180634,-81.494438,281.885529,-71.343323,7759,31998,-4454,1.169609,-0.237802,0.129917,0,1,0,0,100,0.,0.999969,0.551147,0.999969,0.,0,1,0
-857.309692,-144.269928,422.023865,-94.240189,282.764252,-70.255577,7748,32219,-4179,1.200116,-0.086976,0.24101,0,1,0,0,100,0.,0.936951,0.66925,0.936951,0.,0,1,0
-859.012085,-139.627274,420.886444,-107.007477,283.368561,-69.173599,7760,32463,-3903,1.230235,0.074759,0.347975,0,1,0,0,100,0.,0.897583,0.716492,0.897583,0.,0,1,0
-860.924011,-134.984619,419.768372,-119.758286,283.666199,-68.075142,7796,32729,-3618,1.253373,0.249683,0.444707,0,1,0,0,100,0.,0.763733,0.842468,0.763733,0.,0,1,0
-863.042297,-130.341965,418.669647,-132.467499,283.63208,-66.922157,7856,-32520,-3328,1.270203,0.430621,0.533257,0,1,0,0,100,0.,0.590515,0.952698,0.590515,0.,0,1,0
-865.373413,-125.699318,417.59024,-145.090912,283.239777,-65.689217,7942,-32215,-3030,1.27185,0.620488,0.605387,0,1,0,0,100,0.,0.417297,0.999969,0.417297,0.,0,1,0
-867.905029,-121.058922,416.530212,-157.595978,282.484741,-64.345032,8056,-31894,-2726,1.249003,0.820545,0.652862,0,1,0,0,100,0.,0.283447,0.999969,0.283447,0.,0,1,0
-870.64209,-116.437874,415.489532,-169.937927,281.354736,-62.853493,8200,-31563,-2418,1.200661,1.022766,0.67603,0,1,0,0,100,0.,0.165344,0.999969,0.165344,0.,0,1,0
-873.580261,-111.846176,414.479767,-182.055466,279.847198,-61.194,8368,-31225,-2110,1.131659,1.218891,0.680736,0,1,0,0,100,0.,0.110229,0.999969,0.110229,0.,0,1,0
-876.711914,-107.275093,413.497437,-193.915771,277.983398,-59.328503,8566,-30882,-1797,1.045874,1.406988,0.671732,0,1,0,0,100,0.,0.,0.999969,0.,0.,0,1,0
-880.036987,-102.742699,412.54541,-205.465622,275.772308,-57.229927,8788,-30536,-1481,0.948742,1.589839,0.655503,0,1,0,0,100,0.,-0.102356,0.999969,-0.102356,0.,0,1,0
-883.544922,-98.248993,411.63205,-216.664124,273.243652,-54.869244,9041,-30185,-1164,0.839623,1.76741,0.632474,0,1,0,0,100,0.,-0.212585,0.999969,-0.212585,0.,0,1,0
-887.226929,-93.804268,410.75766,-227.445801,270.42511,-52.227451,9317,-29831,-840,0.719248,1.940356,0.604292,0,1,0,0,100,0.,-0.2677,0.968445,-0.2677,0.,0,1,0
-891.083191,-89.407654,409.941406,-237.772186,267.34549,-49.295246,9619,-29469,-511,0.590831,2.110007,0.574855,0,1,0,0,100,0.,-0.275574,0.952698,-0.275574,0.,0,1,0
-895.095398,-85.069649,409.173767,-247.601501,264.031921,-46.04155,9950,-29099,-171,0.456966,2.2677,0.544432,0,1,0,0,100,0.,-0.188965,0.251953,-0.188965,0.,0,0,0
-899.262329,-80.779686,408.464142,-256.879913,260.53418,-42.458992,10303,-28714,181,0.32387,2.420261,0.519228,0,1,0,0,100,0.,0.,0.,0.,0.,0,0,0
-903.491211,-76.510803,407.654755,-257.47998,260.290009,-52.148491,10654,-28306,558,0.273622,2.382969,0.501395,0,1,0,0,100,0.,0.,0.,0.,0.,0,0,0
-907.720764,-72.24192,406.671295,-257.47998,260.290009,-62.810856,10986,-27864,970,0.270354,2.279411,0.492865,0,1,0,0,100,0.,0.,0.,0.,0.,0,0,0
-911.950317,-67.973045,405.513733,-257.47998,260.290009,-73.473221,11295,-27386,1415,0.269833,2.177349,0.48407,0,1,0,0,100,0.,0.,0.,0.,0.,0,0,0
-916.17981,-63.704166,404.182037,-257.47998,260.290009,-84.135582,11576,-26871,1899,0.26952,2.080124,0.4745,0,1,0,0,100,0.,0.,0.,0.,0.,0,0,0
-920.409363,-59.435287,402.66626,-257.47998,260.290009,-94.797943,11832,-26316,2424,0.269323,1.987304,0.464411,0,1,0,0,100,0.,0.,0.,0.,0.,0,0,0
-924.638855,-55.166405,400.97641,-257.47998,260.290009,-105.460304,12063,-25723,2984,0.269127,1.898841,0.453761,0,1,0,0,100,0.,0.,0.,0.,0.,0,0,0
-928.868408,-50.897526,399.112396,-257.47998,260.290009,-116.122673,12271,-25091,3585,0.26893,1.814463,0.442701,0,1,0,0,100,0.,0.,0.,0.,0.,0,0,0
-933.097961,-46.628647,397.074341,-257.47998,260.290009,-126.785042,12451,-24427,4217,0.268733,1.73398,0.431421,0,1,0,0,100,0.,0.,0.,0.,0.,0,1,0
-937.327515,-42.359764,394.862183,-257.47998,260.290009,-137.447403,12606,-23732,4882,0.268373,1.657203,0.419847,0,1,0,0,100,0.,0.,0.,0.,0.,0,1,0
-941.585083,-38.135017,392.624329,-260.462097,256.590057,-135.374619,12737,-23009,5571,0.267919,1.584041,0.40808,0,1,0,0,100,0.,0.,0.,0.,0.,0,1,0
-945.895081,-33.987648,390.479553,-263.879913,251.780853,-129.711243,12844,-22268,6283,0.267272,1.514203,0.396277,0,1,0,0,100,0.,0.,0.,0.,0.,0,1,0
-950.259094,-29.917652,388.421509,-266.858185,246.874908,-123.98983,12928,-21518,7000,0.266485,1.447601,0.38432,0,1,0,0,100,0.,0.,0.,0.,0.,0,1,0
-954.666138,-25.925039,386.460175,-269.425934,241.877319,-118.225426,12991,-20769,7716,0.265548,1.384094,0.37232,0,1,0,0,100,0.,0.,0.,0.,0.,0,1,0
-959.111816,-22.024525,384.595581,-271.592163,236.797607,-112.437057,13032,-20027,8434,0.264417,1.323487,0.360367,0,1,0,0,100,0.,0.,0.,0.,0.,0,1,0
-963.591797,-18.206339,382.827698,-273.375916,231.625565,-106.629356,13056,-19300,9139,0.263092,1.265589,0.348564,0,1,0,0,100,0.,0.,0.,0.,0.,0,1,0
-968.091125,-14.469597,381.152496,-274.792114,226.37616,-100.806366,13059,-18598,9815,0.261575,1.210399,0.336801,0,1,0,0,100,0.,0.,0.,0.,0.,0,1,0
-972.609863,-10.825838,379.56839,-275.854492,221.039368,-94.983376,13049,-17928,10464,0.259864,1.157742,0.325194,0,1,0,0,100,0.,0.,0.,0.,0.,0,1,0
-977.137878,-7.27287,378.080994,-276.572083,215.635193,-89.173798,13027,-17288,11080,0.257959,1.107407,0.313722,0,1,0,0,100,0.,0.,0.,0.,0.,0,1,0
-981.68219,-3.80354,376.690338,-276.973907,210.153641,-83.373566,12990,-16684,11660,0.255861,1.059393,0.302443,0,1,0,0,100,0.,0.,0.,0.,0.,0,1,0
-986.22644,-0.424345,375.396393,-277.066223,204.594711,-77.592682,12945,-16119,12201,0.253569,1.013573,0.291357,0,1,0,0,100,0.,0.,0.,0.,0.,0,1,0
-990.770752,2.858129,374.199188,-276.85144,198.958405,-71.843559,12889,-15593,12701,0.251084,0.969856,0.280489,0,1,0,0,100,0.,0.,0.,0.,0.,0,1,0
-995.302979,6.05388,373.088684,-276.356506,193.256836,-66.121033,12829,-15106,13166,0.248506,0.928074,0.269887,0,1,0,0,100,0.,0.,0.,0.,0.,0,1,0
-999.825806,9.152908,372.074951,-275.574951,187.485443,-60.429623,12762,-14657,13590,0.245752,0.888227,0.259478,0,1,0,0,100,0.,0.,0.,0.,0.,0,1,0
-1004.329346,12.155214,371.156433,-274.541901,181.648132,-54.776901,12691,-14243,13982,0.242883,0.850199,0.249363,0,1,0,0,100,0.,0.,0.,0.,0.,0,1,0
-1008.813477,15.060798,370.326447,-273.257355,175.742767,-49.163986,12616,-13859,14343,0.239921,0.813901,0.239453,0,1,0,0,100,0.,0.,0.,0.,0.,0,1,0
-1013.26825,17.869658,369.58316,-271.732147,169.77858,-43.608315,12537,-13507,14671,0.236774,0.779151,0.229921,0,1,0,0,100,0.,0.,0.,0.,0.,0,1,0
-1017.703247,20.581797,368.936157,-269.974792,163.747498,-38.091331,12458,-13185,14972,0.233622,0.745948,0.220588,0,1,0,0,100,0.,0.,0.,0.,0.,0,1,0
-1022.099609,23.187212,368.376678,-267.995422,157.658371,-32.623177,12379,-12890,15252,0.230277,0.714293,0.21154,0,1,0,0,100,0.,0.,0.,0.,0.,0,1,0
-1026.457031,25.695515,367.904449,-265.802155,151.510818,-27.203438,12301,-12619,15508,0.226933,0.684095,0.202785,0,1,0,0,100,0.,0.,0.,0.,0.,0,1,0
-1030.775635,28.106831,367.529388,-263.414734,145.304977,-21.831999,12222,-12370,15741,0.223394,0.655257,0.194324,0,1,0,0,100,0.,0.,0.,0.,0.,0,1,0
-1035.055542,30.411423,367.231903,-260.833862,139.041092,-16.509447,12143,-12138,15957,0.219853,0.627673,0.186148,0,1,0,0,100,0.,0.,0.,0.,0.,0,1,0
-1039.296753,32.610466,367.030579,-258.06839,132.729156,-11.244404,12065,-11928,16153,0.216312,0.601354,0.178171,0,1,0,0,100,0.,0.,0.,0.,0.,0,1,0
-1043.490845,34.711945,366.907532,-255.128799,126.359215,-6.027396,11986,-11734,16329,0.212686,0.576197,0.170487,0,1,0,0,100,0.,0.,0.,0.,0.,0,1,0
-1047.63501,36.698532,366.869995,-252.025116,119.9394,-0.868421,11907,-11556,16493,0.208948,0.552118,0.163078,0,1,0,0,100,0.,-0.125977,0.,-0.125977,0.,0,1,0
-1051.722656,38.586887,366.921356,-248.755173,113.463051,4.24036,11829,-11393,16638,0.205211,0.529085,0.155978,0,1,0,0,100,0.,-0.204712,0.,-0.204712,0.,0,1,0
-1055.762329,40.361012,367.050079,-245.337967,106.938675,9.29294,11757,-11239,16778,0.187889,0.500383,0.149321,0,1,0,0,100,0.,-0.37793,0.,-0.37793,0.,0,1,0
-1059.743896,42.036251,367.263367,-241.778183,100.363441,14.297486,11689,-11096,16906,0.160999,0.467875,0.143245,0,1,0,0,100,0.,-0.606262,0.,-0.606262,0.,0,1,0
-1063.657471,43.597912,367.566528,-238.080505,93.749527,19.250854,11629,-10964,17023,0.115166,0.426828,0.137986,0,1,0,0,100,0.,-0.842468,0.,-0.842468,0.,0,1,0
-1067.512939,45.050034,367.947083,-234.253922,87.113441,24.165535,11583,-10838,17131,0.042409,0.37286,0.134125,0,1,0,0,100,0.,-0.999969,0.,-0.999969,0.,0,1,0
-1071.304321,46.399231,368.404999,-230.31749,80.464226,29.047728,11555,-10719,17235,-0.058945,0.304964,0.132004,0,1,0,0,100,0.,-0.999969,0.110229,-0.999969,0.,0,1,0
-1075.034058,47.632366,368.940308,-226.294342,73.836746,33.910576,11550,-10601,17336,-0.181879,0.226639,0.1315,0,1,0,0,100,0.,-0.999969,0.141724,-0.999969,0.,0,1,0
-1078.690308,48.764977,369.552979,-222.195541,67.253502,38.775166,11573,-10477,17444,-0.316172,0.16181,0.140416,0,1,0,0,100,0.,-0.999969,0.141724,-0.999969,0.,0,1,0
-1082.284302,49.785648,370.243011,-218.04393,60.763943,43.659103,11619,-10343,17564,-0.45423,0.104831,0.154465,0,1,0,0,100,0.,-0.881836,0.212585,-0.881836,0.,0,1,0
-1085.80542,50.705139,371.01535,-213.853638,54.395344,48.582165,11690,-10193,17696,-0.592525,0.048369,0.169465,0,1,0,0,100,0.,-0.700745,0.236206,-0.700745,0.,0,1,0
-1089.253662,51.51791,371.879822,-209.629211,48.181274,53.563259,11784,-10020,17856,-0.722087,0.007298,0.188936,0,1,0,0,100,0.,-0.480286,0.236206,-0.480286,0.,0,1,0
-1092.639771,52.233959,372.821686,-205.381195,42.159782,58.616623,11893,-9817,18035,-0.829751,-0.015495,0.21003,0,1,0,0,100,0.,0.,0.,0.,0.,0,0,0
-1095.948364,52.853283,373.840942,-201.11232,36.364979,63.74736,12013,-9588,18243,-0.904696,-0.020978,0.228916,0,1,0,0,100,0.,0.,0.,0.,0.,0,0,0
-1099.214111,53.423779,374.834595,-199.649994,34.43,58.500408,12134,-9339,18468,-0.902474,-0.02473,0.227646,0,1,0,0,100,0.,0.,0.,0.,0.,0,0,0
-1102.479614,53.994274,375.660278,-199.649994,34.43,47.838047,12250,-9087,18696,-0.871494,-0.02968,0.218205,0,1,0,0,100,0.,0.,0.,0.,0.,0,0,0
-1105.745239,54.56477,376.311829,-199.649994,34.43,37.175682,12360,-8835,18925,-0.841645,-0.034243,0.209314,0,1,0,0,100,0.,0.,0.,0.,0.,0,0,0
-1109.010742,55.135262,376.789307,-199.649994,34.43,26.513317,12466,-8582,19153,-0.812763,-0.038419,0.20081,0,1,0,0,100,0.,0.,0.,0.,0.,0,0,0
-1112.276489,55.705761,377.092651,-199.649994,34.43,15.850954,12567,-8322,19394,-0.784871,-0.042208,0.192693,0,1,0,0,100,0.,0.,0.,0.,0.,0,1,0
-1115.541992,56.276253,377.221924,-199.649994,34.43,5.188592,12661,-8063,19639,-0.758001,-0.04561,0.184963,0,1,0,0,100,0.,0.,0.,0.,0.,0,1,0
-1118.792847,56.820301,377.268036,-197.223724,32.117901,3.62268,12751,-7803,19883,-0.73202,-0.048742,0.17762,0,1,0,0,100,0.,0.,0.,0.,0.,0,1,0
-1121.974243,57.298256,377.392853,-192.876144,28.139544,9.282472,12837,-7543,20127,-0.706907,-0.051567,0.170663,0,1,0,0,100,0.,0.,0.,0.,0.,0,1,0
-1125.078247,57.708176,377.614349,-188.52858,24.36302,14.999339,12916,-7279,20375,-0.682752,-0.054115,0.164084,0,1,0,0,100,0.,0.,0.,0.,0.,0,1,0
-1128.115601,58.060062,377.932556,-184.181641,20.769312,20.754896,12994,-7012,20628,-0.65937,-0.056369,0.157705,0,1,0,0,100,0.,0.,0.,0.,0.,0,1,0
-1131.084473,58.363911,378.347534,-179.853745,17.360006,26.549143,13065,-6744,20880,-0.636763,-0.058427,0.15171,0,1,0,0,100,0.,0.,0.,0.,0.,0,1,0
-1133.976074,58.609676,378.859253,-175.525833,14.134307,32.382103,13136,-6476,21132,-0.614929,-0.060198,0.145908,0,1,0,0,100,0.,0.,0.,0.,0.,0,1,0
-1136.799316,58.79681,379.458649,-171.197952,11.084211,38.254055,13199,-6209,21380,-0.593876,-0.061772,0.140399,0,1,0,0,100,0.,0.,0.,0.,0.,0,1,0
-1139.555176,58.945221,380.154755,-166.879364,8.198217,44.15538,13262,-5941,21633,-0.573596,-0.063152,0.135177,0,1,0,0,100,0.,0.,0.,0.,0.,0,1,0
-1142.233643,59.045959,380.947571,-162.571136,5.477334,50.085037,13317,-5674,21885,-0.55409,-0.064339,0.130152,0,1,0,0,100,0.,0.,0.,0.,0.,0,1,0
-1144.843506,59.097324,381.847137,-158.271576,2.911207,56.034721,13372,-5406,22137,-0.535171,-0.065333,0.125321,0,1,0,0,100,0.,0.,0.,0.,0.,0,1,0
-1147.386841,59.109997,382.843384,-153.983032,0.499836,62.013748,13420,-5139,22389,-0.516932,-0.066133,0.120783,0,1,0,0,100,0.,0.,0.,0.,0.,0,1,0
-1149.852783,59.083984,383.936371,-149.694473,-1.764787,68.020126,13467,-4878,22634,-0.499354,-0.06684,0.116438,0,1,0,0,100,0.,0.,0.,0.,0.,0,1,0
-1152.259155,59.026962,385.126099,-145.423615,-3.886318,74.047523,13511,-4619,22878,-0.482373,-0.067354,0.112287,0,1,0,0,100,0.,0.,0.,0.,0.,0,1,0
-1154.590088,58.943241,386.412537,-141.162079,-5.877796,80.094254,13551,-4359,23122,-0.465972,-0.067747,0.10823,0,1,0,0,100,0.,0.,0.,0.,0.,0,1,0
-1156.850586,58.820831,387.802704,-136.912872,-7.736184,86.160339,13590,-4102,23365,-0.450151,-0.06797,0.104365,0,1,0,0,100,0.,0.,0.,0.,0.,0,1,0
-1159.046509,58.67643,389.292267,-132.680359,-9.459159,92.239059,13627,-3850,23609,-0.434844,-0.068167,0.100695,0,1,0,0,100,0.,0.,0.,0.,0.,0,0,0
-1161.165039,58.502682,390.878571,-128.450821,-11.063091,98.33416,13658,-3599,23853,-0.420087,-0.0682,0.097154,0,1,0,0,100,0.,0.,0.,0.,0.,0,0,0
-1163.250244,58.319592,392.416992,-127.529999,-11.4,91.306038,13690,-3349,24094,-0.405811,-0.06814,0.093773,0,1,0,0,100,0.,0.,0.,0.,0.,0,0,0
-1165.335449,58.138584,393.781342,-127.529999,-11.4,80.643677,13721,-3105,24330,-0.392058,-0.067943,0.090486,0,1,0,0,100,0.,0.,0.,0.,0.,0,0,0
-1167.420776,57.951534,394.971558,-127.529999,-11.4,69.981316,13746,-2864,24566,-0.378846,-0.067746,0.087338,0,1,0,0,100,0.,0.188965,0.,0.188965,0.,0,0,0
-1169.506104,57.774483,395.987701,-127.529999,-11.4,59.318951,13770,-2627,24794,-0.366063,-0.067399,0.084341,0,1,0,0,100,0.,0.370056,0.,0.370056,0.,0,0,0
-1171.591309,57.597435,396.829712,-127.529999,-11.4,48.65659,13792,-2399,25014,-0.337118,-0.057331,0.078003,0,1,0,0,100,0.,0.440918,0.,0.440918,0.,0,0,0
-1173.676636,57.420383,397.49765,-127.529999,-11.4,37.994225,13806,-2196,25210,-0.287851,-0.035122,0.067259,0,1,0,0,100,0.,0.590515,0.,0.590515,0.,0,0,0
-1175.761841,57.243332,397.991486,-127.529999,-11.4,27.33186,13812,-2029,25366,-0.227948,-0.006267,0.054189,0,1,0,0,100,0.,0.747986,0.149597,0.747986,0.,0,0,0
-1177.847046,57.056282,398.311218,-127.529999,-11.4,16.669497,13811,-1906,25483,-0.154115,0.03108,0.037866,0,1,0,0,100,0.,0.897583,0.259827,0.897583,0.,0,1,0
-1179.932373,56.879234,398.456818,-127.529999,-11.4,6.007133,13796,-1832,25551,-0.072642,0.097472,0.02076,0,1,0,0,100,0.,0.952698,0.338562,0.952698,0.,0,1,0
-1181.998291,56.689091,398.531616,-124.865471,-11.867452,5.99743,13765,-1809,25568,0.014218,0.195838,0.003287,0,1,0,0,100,0.,0.952698,0.354309,0.952698,0.,0,1,0
-1183.99353,56.489605,398.703125,-120.604881,-12.61776,12.142082,13710,-1836,25544,0.104383,0.315146,-0.014132,0,1,0,0,100,0.,0.921204,0.385803,0.921204,0.,0,1,0
-1185.911255,56.273209,398.981384,-116.252045,-13.399849,18.264957,13632,-1904,25476,0.193956,0.441211,-0.031367,0,1,0,0,100,0.,0.724365,0.385803,0.724365,0.,0,1,0
-1187.763916,56.044708,399.356354,-111.768921,-14.234841,24.34914,13531,-2010,25368,0.278831,0.568678,-0.047686,0,1,0,0,100,0.,0.637756,0.385803,0.637756,0.,0,1,0
-1189.546631,55.79686,399.828064,-107.129272,-15.148993,30.382858,13407,-2140,25240,0.344766,0.68576,-0.059437,0,1,0,0,100,0.,0.330688,0.385803,0.330688,0.,0,1,0
-1191.250488,55.539669,400.396484,-102.29261,-16.171318,36.357086,13260,-2274,25104,0.392551,0.789748,-0.06685,0,1,0,0,100,0.,0.110229,0.322815,0.110229,0.,0,1,0
-1192.858887,55.263134,401.061584,-97.242043,-17.309711,42.253937,13098,-2402,24976,0.409999,0.873536,-0.066263,0,1,0,0,100,0.,0.,0.212585,0.,0.,0,1,0
-1194.388916,54.967255,401.823425,-91.948532,-18.564171,48.072617,12925,-2504,24876,0.394425,0.926106,-0.057114,0,1,0,0,100,0.,0.,0.,0.,0.,0,1,0
-1195.822754,54.642025,402.682037,-86.403549,-19.934698,53.794571,12752,-2582,24796,0.365997,0.946008,-0.045742,0,1,0,0,100,0.,0.,0.,0.,0.,0,1,0
-1197.169189,54.297459,403.62735,-80.606949,-21.41115,59.419804,12579,-2640,24740,0.348353,0.928329,-0.041108,0,1,0,0,100,0.,0.,0.,0.,0.,0,1,0
-1198.418335,53.933544,404.669922,-74.548027,-22.984886,64.947754,12414,-2695,24684,0.341862,0.891049,-0.042289,0,1,0,0,100,0.,0.,0.,0.,0.,0,0,0
-1199.560669,53.5308,405.799652,-68.256126,-24.655767,70.369072,12252,-2751,24628,0.33537,0.855421,-0.043274,0,1,0,0,100,0.,0.,0.,0.,0.,0,0,0
-1200.682007,53.117683,406.837891,-67.879997,-24.76,60.646404,12098,-2802,24576,0.328878,0.821148,-0.044258,0,1,0,0,100,0.,0.,0.,0.,0.,0,0,0
-1201.803345,52.704567,407.702026,-67.879997,-24.76,49.984039,11949,-2849,24528,0.322386,0.788418,-0.045242,0,1,0,0,100,0.,0.,0.,0.,0.,0,0,0
-1202.924683,52.291447,408.39209,-67.879997,-24.76,39.321674,11807,-2896,24484,0.315894,0.757051,-0.046225,0,1,0,0,100,0.,-0.165344,0.,-0.165344,0.,0,0,0
-1204.046021,51.87833,408.90799,-67.879997,-24.76,28.659313,11668,-2944,24436,0.309402,0.726956,-0.047027,0,1,0,0,100,0.,-0.307068,0.,-0.307068,0.,0,0,0
-1205.167236,51.46521,409.249847,-67.879997,-24.76,17.996948,11538,-2984,24396,0.287462,0.688285,-0.041924,0,1,0,0,100,0.,-0.393677,0.,-0.393677,0.,0,0,0
-1206.288574,51.052097,409.417603,-67.879997,-24.76,7.334586,11415,-3013,24364,0.251413,0.641554,-0.031064,0,1,0,0,100,0.,-0.582642,0.,-0.582642,0.,0,0,0
-1207.409912,50.638977,409.401215,-67.879997,-24.76,-3.327778,11304,-3034,24344,0.206616,0.590158,-0.016291,0,1,0,0,100,0.,-0.724365,0.,-0.724365,0.,0,0,0
-1208.53125,50.225861,409.210754,-67.879997,-24.76,-13.990141,11203,-3033,24344,0.143575,0.527693,0.006542,0,1,0,0,100,0.,-0.866089,0.,-0.866089,0.,0,0,0
-1209.652588,49.812744,408.846191,-67.879997,-24.76,-24.652504,11118,-3014,24358,0.065433,0.456182,0.036261,0,1,0,0,100,0.,-0.91333,0.,-0.91333,0.,0,1,0
-1210.773804,49.399628,408.307556,-67.879997,-24.76,-35.314869,11048,-2971,24394,-0.027248,0.375612,0.072944,0,1,0,0,100,0.,-0.984192,0.,-0.984192,0.,0,1,0
-1211.814087,48.964748,407.725342,-61.537827,-26.605659,-34.261005,11000,-2898,24452,-0.126532,0.291155,0.113449,0,1,0,0,100,0.,-0.999969,0.,-0.999969,0.,0,1,0
-1212.71875,48.491177,407.216736,-53.292286,-28.939672,-29.836182,10969,-2795,24540,-0.23304,0.202379,0.158038,0,1,0,0,100,0.,-0.999969,0.,-0.999969,0.,0,1,0
-1213.488037,47.98415,406.785492,-44.97459,-31.195202,-25.429594,10960,-2660,24654,-0.342556,0.111965,0.205045,0,1,0,0,100,0.,-0.999969,0.,-0.999969,0.,0,1,0
-1214.12207,47.452873,406.426727,-36.628654,-33.339111,-21.023008,10968,-2495,24794,-0.452327,0.021819,0.253096,0,1,0,0,100,0.,-0.999969,0.102356,-0.999969,0.,0,1,0
-1214.620483,46.882912,406.130585,-28.267946,-35.343243,-16.611855,10991,-2297,24961,-0.561952,-0.067891,0.302115,0,1,0,0,100,0.,-0.999969,0.141724,-0.999969,0.,0,1,0
-1214.983521,46.278503,405.911804,-19.907236,-37.169037,-12.181355,11030,-2056,25171,-0.678136,-0.14377,0.357428,0,1,0,0,100,0.,-0.999969,0.165344,-0.999969,0.,0,1,0
-1215.207397,45.650837,405.770416,-11.564357,-38.78355,-7.717597,11085,-1770,25416,-0.798989,-0.20966,0.417194,0,1,0,0,100,0.,-0.999969,0.196838,-0.999969,0.,0,1,0
-1215.289917,44.998066,405.70639,-3.260164,-40.138763,-3.201563,11149,-1433,25708,-0.921886,-0.27101,0.479104,0,1,0,0,100,0.,-0.999969,0.24408,-0.999969,0.,0,1,0
-1215.237183,44.325951,405.716492,4.992081,-41.206635,1.362504,11220,-1042,26051,-1.047022,-0.327889,0.542988,0,1,0,0,100,0.,-0.999969,0.322815,-0.999969,0.,0,1,0
-1215.05188,43.637421,405.787567,13.18043,-41.946201,5.984605,11296,-591,26447,-1.175514,-0.377893,0.609453,0,1,0,0,100,0.,-0.999969,0.440918,-0.999969,0.,0,1,0
-1214.737915,42.948891,405.936035,21.27466,-42.305618,10.67474,11370,-69,26904,-1.310043,-0.416529,0.679675,0,1,0,0,100,0.,-0.858215,0.64563,-0.858215,0.,0,1,0
-1214.288574,42.260365,406.161865,29.276962,-42.25132,15.412908,11435,526,27432,-1.454624,-0.437124,0.754897,0,1,0,0,100,0.,-0.724365,0.684998,-0.724365,0.,0,1,0
-1213.713745,41.57378,406.465057,37.163197,-41.736252,20.207161,11483,1199,28028,-1.604121,-0.417646,0.830603,0,1,0,0,100,0.,-0.362183,0.747986,-0.362183,0.,0,1,0
-1213.005127,40.906544,406.857239,44.933361,-40.70499,25.026863,11504,1936,28685,-1.744415,-0.365111,0.897738,0,1,0,0,100,0.,0.,0.818848,0.,0.,0,1,0
-1212.179321,40.258652,407.334869,52.598755,-39.119495,29.846567,11481,2720,29382,-1.849982,-0.274435,0.940709,0,1,0,0,100,0.,0.51178,0.818848,0.51178,0.,0,1,0
-1211.218872,39.641068,407.889893,60.168388,-36.952702,34.653378,11411,3502,30076,-1.909725,-0.132557,0.950043,0,1,0,0,100,0.,0.755859,0.795227,0.755859,0.,0,1,0
-1210.142334,39.062809,408.522278,67.671921,-34.18623,39.390881,11287,4247,30734,-1.93365,0.043797,0.93013,0,1,0,0,100,0.,0.858215,0.708618,0.858215,0.,0,1,0
-1208.939575,38.542587,409.232056,75.147377,-30.820076,44.021046,11117,4926,31327,-1.934907,0.231765,0.889715,0,1,0,0,100,0.,0.976318,0.559021,0.976318,0.,0,1,0
-1207.611328,38.090416,410.009216,82.632812,-26.853939,48.505737,10900,5523,31845,-1.919424,0.412634,0.835157,0,1,0,0,100,0.,0.999969,0.362183,0.999969,0.,0,1,0
-1206.166016,37.696583,410.854736,90.166901,-22.31249,52.80513,10652,6036,32285,-1.86456,0.555891,0.764469,0,1,0,0,100,0.,0.999969,0.212585,0.999969,0.,0,1,0
-1204.595215,37.399441,411.777618,97.778358,-17.229374,56.882435,10389,6458,32639,-1.778554,0.653882,0.686704,0,1,0,0,100,0.,0.999969,0.13385,0.999969,0.,0,1,0
-1202.898071,37.189018,412.758881,105.486176,-11.632607,60.7276,10118,6804,-32609,-1.669662,0.716863,0.605009,0,1,0,0,100,0.,0.999969,0.,0.999969,0.,0,1,0
-1201.066284,37.075317,413.798187,113.308067,-5.568894,64.32196,9850,7083,-32384,-1.549612,0.761448,0.520658,0,1,0,0,100,0.,0.999969,-0.165344,0.999969,0.,0,1,0
-1199.109009,37.058342,414.895508,121.257027,0.921399,67.656502,9586,7300,-32209,-1.410552,0.778024,0.434426,0,1,0,0,100,0.,0.999969,-0.283447,0.999969,0.,0,1,0
-1197.024414,37.156101,416.042877,129.340073,7.785215,70.728233,9337,7465,-32081,-1.260808,0.778179,0.346714,0,1,0,0,100,0.,0.999969,-0.354309,0.999969,0.,0,1,0
-1194.805908,37.36993,417.236603,137.566208,14.981857,73.548485,9106,7584,-31989,-1.104189,0.766988,0.257648,0,1,0,0,100,0.,0.999969,-0.448792,0.999969,0.,0,1,0
-1192.444824,37.707184,418.480988,145.929733,22.453295,76.134621,8895,7660,-31934,-0.944217,0.749303,0.167053,0,1,0,0,100,0.,0.999969,-0.614136,0.999969,0.,0,1,0
-1189.945801,38.172817,419.764069,154.438675,30.147429,78.495651,8707,7696,-31911,-0.779106,0.722826,0.075252,0,1,0,0,100,0.,0.952698,-0.677124,0.952698,0.,0,1,0
-1187.311523,38.761223,421.079132,163.089752,38.021599,80.650589,8542,7695,-31915,-0.601496,0.678645,-0.017042,0,1,0,0,100,0.,0.755859,-0.897583,0.755859,0.,0,1,0
-1184.525513,39.485039,422.419922,171.895569,46.011398,82.628464,8403,7661,-31941,-0.42227,0.623273,-0.106383,0,1,0,0,100,0.,0.598389,-0.984192,0.598389,0.,0,1,0
-1181.600708,40.338219,423.799408,180.850082,54.075825,84.454338,8295,7602,-31987,-0.240614,0.532659,-0.177645,0,1,0,0,100,0.,0.40155,-0.999969,0.40155,0.,0,1,0
-1178.524658,41.323185,425.201843,189.940033,62.161121,86.166245,8224,7523,-32044,-0.06363,0.416047,-0.23103,0,1,0,0,100,0.,0.165344,-0.999969,0.165344,0.,0,1,0
-1175.293945,42.443562,426.633667,199.149979,70.225639,87.802208,8186,7434,-32109,0.098096,0.281997,-0.263812,0,1,0,0,100,0.,0.,-0.999969,0.,0.,0,1,0
-1171.908447,43.689354,428.089874,208.455872,78.231331,89.400261,8184,7340,-32178,0.238245,0.13164,-0.271556,0,1,0,0,100,0.,-0.165344,-0.999969,-0.165344,0.,0,1,0
-1168.368408,45.070557,429.580017,217.834412,86.1549,91.013191,8215,7247,-32249,0.360918,-0.031383,-0.259663,0,1,0,0,100,0.,-0.330688,-0.999969,-0.330688,0.,0,1,0
-1164.67334,46.58276,431.093933,227.237747,93.962936,92.66922,8283,7162,-32310,0.469647,-0.204521,-0.232709,0,1,0,0,100,0.,-0.51178,-0.968445,-0.51178,0.,0,1,0
-1160.823608,48.215115,432.632446,236.636993,101.635567,94.415527,8384,7091,-32364,0.565121,-0.387332,-0.191775,0,1,0,0,100,0.,-0.614136,-0.905457,-0.614136,0.,0,1,0
-1156.822876,49.979122,434.204071,245.985657,109.172783,96.281647,8517,7035,-32406,0.642827,-0.576752,-0.135713,0,1,0,0,100,0.,-0.708618,-0.826721,-0.708618,0.,0,1,0
-1152.68335,51.859203,435.814392,255.236649,116.561157,98.313461,8679,7000,-32432,0.701817,-0.763573,-0.069948,0,1,0,0,100,0.,-0.747986,-0.787354,-0.747986,0.,0,1,0
-1148.389038,53.855347,437.450287,264.339142,123.791679,100.538727,8873,6989,-32445,0.740889,-0.941584,0.00232,0,1,0,0,100,0.,-0.834595,-0.66925,-0.834595,0.,0,1,0
-1143.942749,55.96756,439.131042,273.255768,130.850861,102.975746,9093,7009,-32434,0.765682,-1.11219,0.077585,0,1,0,0,100,0.,-0.897583,-0.606262,-0.897583,0.,0,1,0
-1139.358521,58.195839,440.857422,281.925415,137.757751,105.664246,9335,7066,-32395,0.768225,-1.267896,0.156568,0,1,0,0,100,0.,-0.91333,-0.574768,-0.91333,0.,0,1,0
-1134.631714,60.540184,442.624603,290.307861,144.529205,108.61422,9593,7161,-32323,0.74866,-1.410192,0.239369,0,1,0,0,100,0.,-0.929077,-0.551147,-0.929077,0.,0,1,0
-1129.77124,62.988811,444.448029,298.34787,151.165268,111.817459,9866,7304,-32212,0.716493,-1.545013,0.322536,0,1,0,0,100,0.,-0.936951,-0.551147,-0.936951,0.,0,1,0
-1124.783325,65.545616,446.321594,306.007446,157.677368,115.292992,10154,7501,-32055,0.676015,-1.674804,0.404256,0,1,0,0,100,0.,-0.929077,-0.551147,-0.929077,0.,0,1,0
-1119.671143,68.207359,448.254333,313.237366,164.084534,119.057549,10449,7761,-31839,0.630583,-1.803093,0.484094,0,1,0,0,100,0.,-0.606262,-0.338562,-0.606262,0.,0,0,0
-1114.453613,70.97583,450.253632,319.991394,170.395782,123.08213,10753,8092,-31558,0.583221,-1.931112,0.560941,0,1,0,0,100,0.,-0.13385,0.,-0.13385,0.,0,0,0
-1109.161743,73.819107,452.255737,323.179993,173.519989,119.851669,11055,8503,-31205,0.53388,-2.015953,0.617039,0,1,0,0,100,0.,0.,0.,0.,0.,0,0,0
-1103.869995,76.671593,454.092926,323.179993,173.519989,109.189301,11346,8976,-30792,0.482513,-2.000449,0.630114,0,1,0,0,100,0.,0.,0.,0.,0.,0,0,0
-1098.578125,79.524063,455.75531,323.179993,173.519989,98.526947,11614,9487,-30339,0.440499,-1.922064,0.613204,0,1,0,0,100,0.,0.,0.,0.,0.,0,0,0
-1093.286255,82.376541,457.243011,323.179993,173.519989,87.864578,11858,10033,-29846,0.4089,-1.840962,0.591067,0,1,0,0,100,0.,0.,0.,0.,0.,0,0,0
-1087.994507,85.229019,458.54657,323.179993,173.519989,77.202217,12079,10614,-29321,0.378952,-1.763537,0.569509,0,1,0,0,100,0.,0.,0.,0.,0.,0,0,0
-1082.702637,88.081497,459.676086,323.179993,173.519989,66.539848,12277,11226,-28765,0.350739,-1.689611,0.548343,0,1,0,0,100,0.,0.,0.,0.,0.,0,0,0
-1077.410767,90.933975,460.631439,323.179993,173.519989,55.877487,12452,11870,-28168,0.324081,-1.618974,0.527749,0,1,0,0,100,0.,0.,0.,0.,0.,0,0,0
-1072.118896,93.786446,461.41272,323.179993,173.519989,45.215122,12603,12540,-27544,0.298972,-1.551443,0.507636,0,1,0,0,100,0.,0.,0.,0.,0.,0,0,0
-1066.827026,96.638924,462.019928,323.179993,173.519989,34.552757,12731,13230,-26903,0.275231,-1.486929,0.488024,0,1,0,0,100,0.,0.,0.,0.,0.,0,0,0
-1061.535278,99.491409,462.453003,323.179993,173.519989,23.890396,12836,13938,-26242,0.252845,-1.425317,0.468974,0,1,0,0,100,0.,0.,0.,0.,0.,0,1,0
-1056.243408,102.34388,462.711975,323.179993,173.519989,13.228033,12921,14653,-25566,0.231813,-1.366434,0.450405,0,1,0,0,100,0.,0.,0.,0.,0.,0,1,0
-1050.934692,105.243851,462.956207,323.833618,178.107742,16.123337,12984,15369,-24890,0.212066,-1.310091,0.432416,0,1,0,0,100,0.,0.,0.,0.,0.,0,1,0
-1045.623169,108.22773,463.294312,324.271606,183.625702,21.910397,13029,16076,-24221,0.19348,-1.256197,0.414942,0,1,0,0,100,0.,0.,0.,0.,0.,0,1,0
-1040.311646,111.302116,463.729156,324.345123,189.091827,27.719927,13060,16768,-23568,0.176054,-1.204625,0.398016,0,1,0,0,100,0.,0.,0.,0.,0.,0,1,0
-1035.000122,114.46978,464.250763,324.054565,194.513367,33.542915,13075,17442,-22936,0.159631,-1.155374,0.381672,0,1,0,0,100,0.,0.299194,0.,0.299194,0.,0,1,0
-1029.694214,117.724159,464.869049,323.427582,199.882446,39.365906,13074,18092,-22317,0.144274,-1.108288,0.365807,0,1,0,0,100,0.,0.582642,0.,0.582642,0.,0,1,0
-1024.402344,121.07003,465.584045,322.461731,205.212845,45.188892,13060,18705,-21736,0.152072,-1.044138,0.345701,0,1,0,0,100,0.,0.866089,0.,0.866089,0.,0,1,0
-1019.130371,124.498184,466.395813,321.186829,210.504547,51.011883,13044,19271,-21204,0.187695,-0.958288,0.321122,0,1,0,0,100,0.,0.999969,0.,0.999969,0.,0,1,0
-1013.882446,128.018478,467.30426,319.626343,215.742966,56.82029,13034,19785,-20719,0.25127,-0.850243,0.292963,0,1,0,0,100,0.,0.999969,0.,0.999969,0.,0,1,0
-1008.668091,131.616165,468.309479,317.809296,220.919128,62.623608,13034,20251,-20281,0.332728,-0.728216,0.263838,0,1,0,0,100,0.,0.999969,0.,0.999969,0.,0,1,0
-1003.478516,135.295135,469.411377,315.772522,226.000046,68.426926,13050,20670,-19885,0.418895,-0.603654,0.236245,0,1,0,0,100,0.,0.999969,0.,0.999969,0.,0,1,0
-998.321899,139.067245,470.606415,313.559479,230.961319,74.243835,13089,21050,-19528,0.505993,-0.479829,0.210779,0,1,0,0,100,0.,0.999969,-0.118103,0.999969,0.,0,1,0
-993.203979,142.916733,471.89209,311.194977,235.78717,80.083359,13143,21398,-19199,0.593866,-0.356586,0.187542,0,1,0,0,100,0.,0.999969,-0.188965,0.999969,0.,0,1,0
-988.124817,146.843582,473.274506,308.720917,240.448792,85.961571,13217,21724,-18886,0.694486,-0.246443,0.171707,0,1,0,0,100,0.,0.999969,-0.259827,0.999969,0.,0,1,0
-983.096802,150.845215,474.753632,306.165344,244.916977,91.878464,13315,22047,-18582,0.808413,-0.150103,0.163443,0,1,0,0,100,0.,0.999969,-0.299194,0.999969,0.,0,1,0
-978.114685,154.90715,476.329468,303.554047,249.174881,97.836334,13436,22389,-18254,0.93274,-0.06438,0.161223,0,1,0,0,100,0.,0.999969,-0.464539,0.999969,0.,0,1,0
-973.171143,159.044525,478.004028,300.916016,253.167374,103.862236,13580,22768,-17890,1.064038,0.014006,0.163372,0,1,0,0,100,0.,0.976318,-0.653503,0.976318,0.,0,1,0
-968.266357,163.239929,479.782959,298.260254,256.858093,109.9478,13743,23208,-17465,1.212386,0.074667,0.173504,0,1,0,0,100,0.,0.755859,-0.897583,0.755859,0.,0,1,0
-963.411499,167.493362,481.658691,295.615814,260.225372,116.110748,13929,23763,-16930,1.386557,0.104627,0.194829,0,1,0,0,100,0.,0.370056,-0.999969,0.370056,0.,0,1,0
-958.60376,171.793869,483.641083,292.990692,263.202209,122.351074,14130,24517,-16197,1.577753,0.081098,0.228625,0,1,0,0,100,0.,0.149597,-0.999969,0.149597,0.,0,1,0
-953.834717,176.133041,485.720886,290.374298,265.731537,128.658127,14330,25582,-15157,1.754045,-0.010859,0.269434,0,1,0,0,100,0.,-0.13385,-0.999969,-0.13385,0.,0,1,0
-949.104309,180.510925,487.906403,287.747253,267.766266,135.033203,14498,27048,-13721,1.898502,-0.15027,0.308367,0,1,0,0,100,0.,-0.448792,-0.984192,-0.448792,0.,0,1,0
-944.412598,184.917511,490.198669,285.071533,269.259216,141.45636,14604,28939,-11864,2.013843,-0.318896,0.341183,0,1,0,0,100,0.,-0.684998,-0.842468,-0.684998,0.,0,1,0
-939.779602,189.34375,492.598297,282.288452,270.176788,147.898849,14617,31114,-9719,2.088309,-0.522693,0.364427,0,1,0,0,100,0.,-0.866089,-0.637756,-0.866089,0.,0,1,0
-935.185303,193.770004,495.104004,279.351318,270.485321,154.34201,14521,-32273,-7603,2.11782,-0.715487,0.373167,0,1,0,0,100,0.,-0.960571,-0.472412,-0.960571,0.,0,1,0
-930.648682,198.196274,497.716736,276.212067,270.193848,160.746826,14328,-30438,-5798,2.092662,-0.878816,0.365877,0,1,0,0,100,0.,-0.999969,-0.37793,-0.999969,0.,0,1,0
-926.160095,202.613846,500.434906,272.832703,269.292725,167.085602,14064,-29033,-4426,2.023959,-1.011695,0.34542,0,1,0,0,100,0.,-0.999969,-0.173218,-0.999969,0.,0,1,0
-921.729553,207.01207,503.250763,269.17511,267.810211,173.320297,13755,-28016,-3437,1.93192,-1.12603,0.315756,0,1,0,0,100,0.,-0.999969,0.,-0.999969,0.,0,1,0
-917.367004,211.372955,506.163361,265.209351,265.773468,179.430893,13426,-27307,-2758,1.799686,-1.198018,0.276092,0,1,0,0,100,0.,-0.999969,0.13385,-0.999969,0.,0,1,0
-913.070251,215.695129,509.182648,260.926392,263.228149,185.388412,13095,-26830,-2305,1.633711,-1.233927,0.228056,0,1,0,0,100,0.,-0.999969,0.354309,-0.999969,0.,0,1,0
-908.85083,219.971252,512.298706,256.314575,260.223907,191.183777,12771,-26521,-2014,1.459376,-1.259503,0.174746,0,1,0,0,100,0.,-0.992065,0.503906,-0.992065,0.,0,1,0
-904.708801,224.196396,515.501465,251.363876,256.805908,196.805054,12458,-26337,-1845,1.272787,-1.270749,0.115919,0,1,0,0,100,0.,-0.826721,0.724365,-0.826721,0.,0,1,0
-900.650818,228.35939,518.794189,246.077637,253.041138,202.235504,12167,-26256,-1771,1.077822,-1.269962,0.052318,0,1,0,0,100,0.,-0.606262,0.905457,-0.606262,0.,0,1,0
-896.683228,232.461426,522.180786,240.459564,248.986649,207.488922,11900,-26245,-1764,0.88171,-1.237815,-0.008426,0,1,0,0,100,0.,-0.307068,0.999969,-0.307068,0.,0,1,0
-892.815125,236.489349,525.647949,234.518692,244.705566,212.558212,11658,-26287,-1804,0.691866,-1.166776,-0.060424,0,1,0,0,100,0.,0.,0.999969,0.,0.,0,1,0
-889.047363,240.439911,529.192505,228.268311,240.252502,217.463409,11447,-26365,-1877,0.521783,-1.054157,-0.096152,0,1,0,0,100,0.,0.236206,0.999969,0.236206,0.,0,1,0
-885.391724,244.31308,532.814453,221.734634,235.670883,222.215317,11273,-26452,-1954,0.380769,-0.90706,-0.111832,0,1,0,0,100,0.,0.370056,0.999969,0.370056,0.,0,1,0
-881.837036,248.123962,536.513794,214.969604,231.007614,226.836868,11132,-26538,-2034,0.261475,-0.736954,-0.112391,0,1,0,0,100,0.,0.551147,0.921204,0.551147,0.,0,1,0
-878.39386,251.862061,540.290527,208.011276,226.286453,231.357101,11027,-26617,-2106,0.154752,-0.553612,-0.104127,0,1,0,0,100,0.,0.724365,0.834595,0.724365,0.,0,1,0
-875.066711,255.518356,544.144592,200.897705,221.541031,235.799454,10956,-26680,-2158,0.068754,-0.363608,-0.08472,0,1,0,0,100,0.,0.826721,0.732239,0.826721,0.,0,1,0
-871.855652,259.082031,548.062012,193.680969,216.780334,240.187866,10921,-26723,-2200,0.008058,-0.1705,-0.052557,0,1,0,0,100,0.,0.921204,0.637756,0.921204,0.,0,1,0
-868.764404,262.568329,552.051147,186.408142,212.033417,244.555115,10918,-26740,-2216,-0.028705,0.018462,-0.010323,0,1,0,0,100,0.,0.960571,0.582642,0.960571,0.,0,1,0
-865.805176,265.977203,556.117676,179.132828,207.292389,248.925781,10939,-26725,-2209,-0.042699,0.200753,0.040575,0,1,0,0,100,0.,0.968445,0.574768,0.968445,0.,0,1,0
-862.961975,269.308746,560.258484,171.906204,202.551392,253.315811,10986,-26668,-2158,-0.040613,0.376566,0.097032,0,1,0,0,100,0.,0.999969,0.330688,0.999969,0.,0,1,0
-860.234863,272.562897,564.460144,164.775269,197.810364,257.750732,11060,-26570,-2078,-0.031955,0.548873,0.15538,0,1,0,0,100,0.,0.999969,0.275574,0.999969,0.,0,1,0
-857.62384,275.739685,568.739197,157.794662,193.066895,262.246124,11153,-26426,-1955,0.004893,0.69669,0.21881,0,1,0,0,100,0.,0.999969,0.24408,0.999969,0.,0,1,0
-855.126709,278.83905,573.095581,151.002411,188.291977,266.818909,11256,-26227,-1779,0.063694,0.824796,0.285276,0,1,0,0,100,0.,0.999969,0.24408,0.999969,0.,0,1,0
-852.728149,281.861084,577.529297,144.434723,183.476547,271.480865,11367,-25968,-1552,0.13012,0.945608,0.351868,0,1,0,0,100,0.,0.999969,0.24408,0.999969,0.,0,1,0
-850.444153,284.805725,582.040466,138.123581,178.590164,276.228088,11485,-25640,-1264,0.199739,1.063791,0.418102,0,1,0,0,100,0.,0.999969,0.24408,0.999969,0.,0,1,0
-848.256897,287.672974,586.628967,132.104889,173.607056,281.063812,11603,-25242,-915,0.270326,1.181505,0.483561,0,1,0,0,100,0.,0.999969,0.24408,0.999969,0.,0,1,0
-846.156372,290.462067,591.294861,126.426666,168.505615,285.985443,11721,-24770,-494,0.34188,1.298832,0.548247,0,1,0,0,100,0.,0.999969,0.330688,0.999969,0.,0,1,0
-844.151978,293.154907,596.038635,121.126488,163.26825,290.994965,11835,-24213,7,0.414402,1.415772,0.61216,0,1,0,0,100,0.,0.999969,0.472412,0.999969,0.,0,1,0
-842.225098,295.770203,600.878967,116.233665,157.865997,296.090851,11941,-23566,592,0.480071,1.539535,0.6753,0,1,0,0,100,0.,0.999969,0.590515,0.999969,0.,0,1,0
-840.375916,298.288269,605.796997,111.79747,152.28894,301.244965,12039,-22827,1265,0.527097,1.680675,0.738546,0,1,0,0,100,0.,0.787354,0.834595,0.787354,0.,0,1,0
-838.59491,300.709137,610.802307,107.86628,146.51767,306.476776,12130,-21986,2034,0.541821,1.8505,0.804129,0,1,0,0,100,0.,0.362183,0.999969,0.362183,0.,0,1,0
-836.871887,303.033295,615.895081,104.494736,140.562119,311.757629,12213,-21049,2892,0.486214,2.027577,0.858785,0,1,0,0,100,0.,-0.220459,0.999969,-0.220459,0.,0,1,0
-835.18811,305.260712,621.074097,101.731216,134.432465,317.096008,12292,-20033,3829,0.343323,2.169127,0.888711,0,1,0,0,100,0.,-0.622009,0.850342,-0.622009,0.,0,1,0
-833.54303,307.382874,626.341309,99.622276,128.174271,322.482422,12371,-18970,4814,0.138866,2.24492,0.891818,0,1,0,0,100,0.,-0.708618,0.77948,-0.708618,0.,0,1,0
-831.928406,309.407196,631.694092,98.190392,121.852768,327.918671,12446,-17870,5835,-0.060821,2.268462,0.883651,0,1,0,0,100,0.,-0.803101,0.684998,-0.803101,0.,0,1,0
-830.33313,311.324799,637.135742,97.453438,115.526161,333.393616,12514,-16747,6881,-0.249372,2.269571,0.875663,0,1,0,0,100,0.,-0.873962,0.606262,-0.873962,0.,0,1,0
-828.739685,313.138123,642.672302,97.405342,109.261505,338.907227,12567,-15601,7946,-0.4217,2.246002,0.866211,0,1,0,0,100,0.,-0.921204,0.496033,-0.921204,0.,0,1,0
-827.138977,314.85257,648.295593,98.034309,103.10585,344.459564,12605,-14441,9027,-0.578919,2.200727,0.855441,0,1,0,0,100,0.,-0.999969,0.307068,-0.999969,0.,0,1,0
-825.519043,316.470337,654.008728,99.340332,97.10936,350.026794,12627,-13279,10112,-0.713647,2.130934,0.840816,0,1,0,0,100,0.,-0.999969,0.13385,-0.999969,0.,0,0,0
-823.863098,317.991364,659.815735,101.290314,91.32663,355.610596,12630,-12143,11172,-0.81163,2.023105,0.814493,0,1,0,0,100,0.,-0.999969,0.,-0.999969,0.,0,0,0
-822.190979,319.466766,665.568604,101.759995,90.150002,348.316742,12614,-11062,12182,-0.870555,1.883593,0.776477,0,1,0,0,100,0.,-0.999969,0.,-0.999969,0.,0,0,0
-820.518799,320.9422,671.150879,101.759995,90.150002,337.654388,12581,-10051,13125,-0.899134,1.721179,0.729491,0,1,0,0,100,0.,-0.999969,0.,-0.999969,0.,0,0,0
-818.84668,322.417603,676.553406,101.759995,90.150002,326.992004,12535,-9123,13990,-0.924361,1.555794,0.684461,0,1,0,0,100,0.,-0.999969,0.,-0.999969,0.,0,0,0
-817.174561,323.893036,681.77771,101.759995,90.150002,316.329651,12488,-8269,14781,-0.951899,1.391752,0.644033,0,1,0,0,100,0.,-0.999969,0.,-0.999969,0.,0,0,0
-815.502441,325.368469,686.828003,101.759995,90.150002,305.667297,12441,-7483,15514,-0.981415,1.228919,0.608099,0,1,0,0,100,0.,-0.999969,0.,-0.999969,0.,0,0,0
-813.830261,326.843872,691.704102,101.759995,90.150002,295.004944,12399,-6752,16191,-1.012819,1.067395,0.57676,0,1,0,0,100,0.,-0.999969,0.,-0.999969,0.,0,0,0
-812.158081,328.319305,696.406189,101.759995,90.150002,284.34256,12367,-6069,16818,-1.045822,0.906989,0.549921,0,1,0,0,100,0.,-0.810974,-0.125977,-0.810974,0.,0,0,0
-810.485962,329.794708,700.934143,101.759995,90.150002,273.680206,12345,-5422,17419,-1.080334,0.747589,0.527531,0,1,0,0,100,0.,-0.527527,0.,-0.527527,0.,0,0,0
-808.813843,331.270142,705.287964,101.759995,90.150002,263.017853,12335,-4806,17987,-1.095933,0.598979,0.504214,0,1,0,0,100,0.,-0.228333,0.,-0.228333,0.,0,0,0
-807.141724,332.745544,709.467712,101.759995,90.150002,252.355469,12332,-4220,18528,-1.095976,0.487421,0.484883,0,1,0,0,100,0.,0.,0.,0.,0.,0,0,0
-805.469543,334.220978,713.473328,101.759995,90.150002,241.693115,12331,-3657,19042,-1.075698,0.418986,0.46686,0,1,0,0,100,0.,0.,0.,0.,0.,0,0,0
-803.797363,335.696381,717.304932,101.759995,90.150002,231.030746,12322,-3119,19543,-1.034994,0.385241,0.446877,0,1,0,0,100,0.,0.,0.,0.,0.,0,0,0
-802.125305,337.171814,720.962341,101.759995,90.150002,220.368393,12305,-2606,20016,-0.989123,0.363449,0.426732,0,1,0,0,100,0.,0.,0.,0.,0.,0,0,0
-800.453125,338.647217,724.445679,101.759995,90.150002,209.706009,12281,-2122,20460,-0.94536,0.342817,0.407555,0,1,0,0,100,0.,0.,0.,0.,0.,0,0,0
-798.781006,340.12265,727.754883,101.759995,90.150002,199.043655,12249,-1663,20881,-0.903531,0.32333,0.389345,0,1,0,0,100,0.,0.,0.,0.,0.,0,0,0
-797.108826,341.598053,730.890076,101.759995,90.150002,188.381287,12213,-1233,21270,-0.863524,0.30481,0.372089,0,1,0,0,100,0.,0.,0.,0.,0.,0,0,0
-795.436646,343.073486,733.851074,101.759995,90.150002,177.718933,12174,-829,21643,-0.825258,0.287257,0.355606,0,1,0,0,100,0.,0.,0.,0.,0.,0,0,0
-793.764587,344.54892,736.638,101.759995,90.150002,167.05658,12135,-448,21995,-0.788726,0.270672,0.339898,0,1,0,0,100,0.,0.,0.,0.,0.,0,0,0
-792.092407,346.024323,739.240906,101.759995,90.150002,156.394196,12091,-90,22320,-0.753742,0.25495,0.324963,0,1,0,0,100,0.,0.,0.,0.,0.,0,0,0
-790.420288,347.499756,741.669556,101.759995,90.150002,145.731842,12044,244,22624,-0.720306,0.240003,0.310802,0,1,0,0,100,0.,0.,0.,0.,0.,0,0,0
-788.748108,348.975159,743.922852,101.759995,90.150002,135.069473,11997,555,22901,-0.68843,0.225835,0.297225,0,1,0,0,100,0.,0.,0.,0.,0.,0,1,0
-787.075989,350.450592,746.002136,101.759995,90.150002,124.407112,11950,850,23165,-0.657908,0.212441,0.284328,0,1,0,0,100,0.,0.,0.,0.,0.,0,1,0
-785.319763,351.934998,748.084412,108.440865,90.745468,128.512497,11902,1123,23413,-0.62874,0.199822,0.272012,0,1,0,0,100,0.,0.,0.,0.,0.,0,1,0
-783.44751,353.430115,750.252747,115.637619,91.570854,133.619568,11855,1379,23646,-0.600927,0.187889,0.260275,0,1,0,0,100,0.,0.,0.,0.,0.,0,1,0
-781.459106,354.943542,752.509521,122.884056,92.581322,138.687973,11808,1620,23866,-0.574384,0.17662,0.24912,0,1,0,0,100,0.,0.,0.,0.,0.,0,1,0
-779.354675,356.476349,754.843567,130.169174,93.7659,143.735703,11761,1846,24067,-0.549002,0.165944,0.238444,0,1,0,0,100,0.,0.,0.,0.,0.,0,1,0
-777.134216,358.028473,757.255066,137.510696,95.114571,148.746414,11714,2056,24255,-0.52478,0.155849,0.228272,0,1,0,0,100,0.,0.,0.,0.,0.,0,1,0
-774.790283,359.60733,759.761292,144.892868,96.629967,153.718414,11666,2258,24431,-0.501545,0.14626,0.21856,0,1,0,0,100,0.,0.,0.,0.,0.,0,1,0
-772.317993,361.207825,762.347229,152.313736,98.300125,158.651733,11619,2445,24596,-0.479378,0.137229,0.209358,0,1,0,0,100,0.,0.,0.,0.,0.,0,1,0
-769.729614,362.844421,765.010498,159.773285,100.108322,163.563065,11575,2623,24748,-0.458178,0.128678,0.200544,0,1,0,0,100,0.,0.,0.,0.,0.,0,1,0
-767.018799,364.513245,767.75116,167.255127,102.061928,168.43869,11535,2790,24893,-0.437945,0.120643,0.192116,0,1,0,0,100,0.,0.,0.,0.,0.,0,1,0
-764.17865,366.20752,770.569214,174.766327,104.15094,173.281662,11496,2946,25031,-0.418579,0.112996,0.184075,0,1,0,0,100,0.,0.,0.,0.,0.,0,1,0
-761.222412,367.940491,773.464661,182.29686,106.365372,178.099579,11457,3093,25164,-0.400123,0.105735,0.17642,0,1,0,0,100,0.,0.,0.,0.,0.,0,1,0
-758.144653,369.712158,776.437439,189.852158,108.709801,182.884186,11417,3233,25288,-0.382441,0.098861,0.169099,0,1,0,0,100,0.,0.,0.,0.,0.,0,1,0
-754.936646,371.522461,779.48761,197.431061,111.170296,187.644394,11378,3365,25404,-0.365532,0.092374,0.162022,0,1,0,0,100,0.,0.,0.,0.,0.,0,1,0
-751.607788,373.37149,782.615173,205.039307,113.732109,192.365891,11339,3489,25512,-0.349398,0.086274,0.155332,0,1,0,0,100,0.,0.212585,-0.2677,0.212585,0.,0,1,0
-748.147888,375.263641,785.820129,212.666901,116.405075,197.063141,11305,3605,25613,-0.333993,0.080561,0.148884,0,1,0,0,100,0.,0.330688,-0.472412,0.330688,0.,0,1,0
-744.567871,377.209717,789.102417,220.303818,119.18,201.731033,11273,3706,25697,-0.281692,0.074248,0.124203,0,1,0,0,100,0.,0.370056,-0.622009,0.370056,0.,0,1,0
-740.856201,379.194489,792.462097,227.960098,122.044113,206.379593,11247,3777,25759,-0.189874,0.063388,0.080527,0,1,0,0,100,0.,0.370056,-0.897583,0.370056,0.,0,1,0
-737.025024,381.231384,795.89917,235.635727,124.95282,211.008804,11231,3804,25780,-0.070838,0.043035,0.024844,0,1,0,0,100,0.,0.251953,-0.999969,0.251953,0.,0,1,0
-733.061646,383.313171,799.413635,243.327576,127.883987,215.63179,11229,3783,25758,0.083494,-0.00047,-0.04424,0,1,0,0,100,0.,0.102356,-0.999969,0.102356,0.,0,1,0
-728.979309,385.446472,803.005432,251.019424,130.796799,220.254761,11248,3704,25689,0.257093,-0.071296,-0.118021,0,1,0,0,100,0.,-0.141724,-0.999969,-0.141724,0.,0,1,0
-724.764038,387.625366,806.674622,258.708832,133.624191,224.89267,11291,3571,25566,0.427199,-0.163865,-0.186262,0,1,0,0,100,0.,-0.330688,-0.999969,-0.330688,0.,0,1,0
-720.430542,389.842926,810.421265,266.36676,136.321259,229.56926,11357,3389,25403,0.583922,-0.282142,-0.243632,0,1,0,0,100,0.,-0.433044,-0.992065,-0.433044,0.,0,1,0
-715.963501,392.110962,814.245178,273.972382,138.84816,234.298141,11455,3160,25198,0.72753,-0.425319,-0.291075,0,1,0,0,100,0.,-0.629883,-0.905457,-0.629883,0.,0,1,0
-711.38031,394.414062,818.146484,281.486176,141.149323,239.105865,11583,2885,24946,0.861711,-0.583571,-0.33271,0,1,0,0,100,0.,-0.747986,-0.787354,-0.747986,0.,0,1,0
