-3951.751709,-3094.575439,44.492844,-1315.683228,-759.167847,715.686584,4254,-28149,1851,-0.840095,5.389423,-0.54387,0,0,0,1,100,0.901961,-0.999969,0.13385,-0.999969,0.,0,0,0
-3972.705322,-3106.77002,56.631931,-1229.615723,-708.278564,819.113586,5272,-28113,2351,-0.19549,5.400903,-1.001399,0,0,0,1,100,0.901961,-0.999969,0.13385,-0.999969,0.,0,0,0
-3992.152588,-3118.138184,70.523819,-1107.682739,-656.110962,938.910278,6266,-28035,2836,-0.773677,5.366967,-0.597365,0,0,0,1,100,0.901961,-0.999969,0.13385,-0.999969,0.,0,0,0
-4009.55127,-3128.672852,86.186371,-990.886536,-611.206848,1020.814941,7246,-27908,3400,-0.202409,5.385016,-1.038797,0,0,0,1,100,0.901961,-0.999969,0.13385,-0.999969,0.,0,0,0
-4025.248047,-3138.489502,103.124786,-871.235107,-564.461914,1099.450317,8179,-27709,3926,-0.899011,5.373672,-0.385628,0,0,0,1,100,0.901961,-0.999969,0.13385,-0.999969,0.,0,0,0
-4038.715332,-3147.53833,121.335449,-728.922424,-521.216309,1172.259399,9156,-27431,4528,-0.8563,5.377479,-0.769278,0,0,0,1,100,0.901961,-0.999969,0.13385,-0.999969,0.,0,0,0
-4050.371338,-3155.915283,140.593155,-630.243896,-479.090393,1214.836304,10033,-27112,5041,-1.146542,5.36013,-0.091469,0,0,0,1,100,0.901961,-0.999969,0.13385,-0.999969,0.,0,0,0
-4060.167969,-3163.590576,160.526581,-506.519012,-438.167511,1256.599731,10961,-26606,5733,-1.320451,5.046442,-0.379213,0,0,0,1,100,0.901961,-0.999969,0.13385,-0.999969,0.,0,0,0
-4067.916504,-3170.602539,181.061737,-377.570343,-397.492859,1277.577637,11867,-25969,6560,-1.248291,5.339867,-0.089189,0,0,0,1,100,0.901961,-0.999969,0.13385,-0.999969,0.,0,0,0
-4073.833496,-3176.977783,201.95372,-286.883179,-361.390381,1293.218262,12691,-24976,7703,-1.129429,5.279886,-0.641627,0,0,0,1,100,0.898039,-0.999969,0.13385,-0.999969,0.,0,0,0
-4078.172119,-3182.746582,223.123901,-192.416397,-322.083099,1307.245483,13459,-23495,9319,-1.579957,5.217587,0.70717,0,0,0,1,100,0.898039,-0.999969,0.13385,-0.999969,0.,0,0,0
-4081.255127,-3187.870361,244.461014,-116.191322,-285.154968,1312.446167,14158,-21064,11723,-1.633234,3.998418,-0.700192,0,0,0,1,100,0.898039,-0.999969,0.13385,-0.999969,0.,0,0,0
-4082.798828,-3192.39502,265.910919,-28.106289,-246.144913,1317.621582,14621,-18881,14018,-1.820936,1.945042,0.085433,0,0,0,1,100,0.898039,-0.999969,0.13385,-0.999969,0.,0,0,0
-4083.307373,-3196.263428,287.407959,-6.489759,-205.04837,1314.962036,14982,-17177,15712,-1.928901,1.347581,0.245346,0,0,0,1,100,0.898039,-0.999969,0.13385,-0.999969,0.,0,0,0
-4083.244629,-3199.454834,308.852234,47.865284,-163.531311,1309.733765,15315,-15950,16914,-1.998475,-0.037329,0.111788,0,0,0,1,100,0.898039,-0.999969,0.13385,-0.999969,0.,0,0,0
-4082.556641,-3201.967529,330.207458,52.748764,-121.664345,1303.638916,15658,-15924,16919,-2.047522,-0.140149,0.091985,0,0,0,1,100,0.901961,-0.999969,0.13385,-0.999969,0.,0,0,0
-4081.841553,-3203.795166,351.454559,49.152985,-79.475342,1296.303223,16009,-16145,16679,-2.088166,-0.137203,0.077789,0,0,0,1,100,0.898039,-0.999969,0.13385,-0.999969,0.,0,0,0
-4081.189453,-3204.93457,372.584534,42.917068,-37.000381,1287.689697,16361,-23212,9599,-2.123315,-0.116206,0.064685,0,0,0,1,100,0.898039,-0.999969,0.13385,-0.999969,0.,0,0,0
-4080.652588,-3205.377686,393.56839,36.184628,5.690979,1277.725098,16034,17377,-15365,-2.154243,-0.092482,0.051086,0,0,0,1,100,0.898039,-0.999969,0.13385,-0.999969,0.,0,0,0
-4080.212891,-3205.114014,414.386688,29.98819,48.677498,1266.339844,15664,17088,-15664,-2.181708,-0.071439,0.037078,0,0,0,1,100,0.898039,-0.999969,0.13385,-0.999969,0.,0,0,0
-4079.878906,-3204.144775,435.011505,24.734396,91.780884,1253.531372,15287,16960,-15800,-2.206178,-0.054551,0.026971,0,0,0,1,100,0.898039,-0.999969,0.13385,-0.999969,0.,0,0,0
-4079.623047,-3202.4646,455.41217,20.502577,134.942001,1239.25293,14905,16873,-15896,-2.227923,-0.041753,0.019098,0,0,0,1,100,0.898039,-0.999969,0.13385,-0.999969,0.,0,0,0
-4079.435303,-3200.076904,475.580353,17.200943,178.113266,1223.4823,14520,16813,-15964,-2.247242,-0.032358,0.012105,0,0,0,1,100,0.898039,-0.999969,0.13385,-0.999969,0.,0,0,0
-4079.305176,-3196.973389,495.479095,14.696079,221.077332,1206.250244,14134,16762,-16024,-2.26415,-0.025665,0.005502,0,0,0,1,100,0.898039,-0.999969,0.13385,-0.999969,0.,0,0,0
-4079.206055,-3193.17334,515.087708,12.874347,263.675537,1187.587402,13741,16722,-16071,-2.278806,-0.021436,-0.000802,0,0,0,1,100,0.901961,-0.999969,0.13385,-0.999969,0.,0,0,0
-4079.134521,-3188.676758,534.387695,11.498908,305.874969,1167.480591,13347,16690,-16104,-2.291626,-0.018551,-0.005749,0,0,0,1,100,0.901961,-0.999969,0.13385,-0.999969,0.,0,0,0
-4079.08374,-3183.491943,553.35199,10.515396,347.50531,1146.032104,12954,16662,-16132,-2.302694,-0.015909,-0.006519,0,0,0,1,100,0.901961,-0.999969,0.13385,-0.999969,0.,0,0,0
-4079.044189,-3177.629883,571.960266,9.818989,388.414429,1123.283813,12557,16638,-16156,-2.312099,-0.013467,-0.005634,0,0,0,1,100,0.898039,-0.999969,0.13385,-0.999969,0.,0,0,0
-4079.022461,-3171.09082,590.183594,9.30617,428.617004,1099.208984,12156,16614,-16180,-2.32013,-0.011679,-0.00403,0,0,0,1,100,0.901961,-0.999969,0.13385,-0.999969,0.,0,0,0
-4079.00293,-3163.898926,608.012878,8.963214,468.018463,1073.811279,11755,16598,-16196,-2.326707,-0.010802,-0.001988,0,0,0,1,100,0.898039,-0.999969,0.13385,-0.999969,0.,0,0,0
-4078.983154,-3156.068604,625.419189,8.701713,506.531586,1047.255493,11353,16582,-16212,-2.332266,-0.009325,0.,0,0,0,1,100,0.901961,-0.999969,0.13385,-0.999969,0.,0,0,0
-4078.97998,-3147.616699,642.393433,8.488292,544.014404,1019.560608,10952,16566,-16228,-2.336693,-0.008471,0.001976,0,0,0,1,100,0.901961,-0.999969,0.13385,-0.999969,0.,0,0,0
-4078.97998,-3138.551514,658.906616,8.385456,580.440186,990.852844,10551,16557,-16242,-2.340182,-0.008784,0.003416,0,0,0,1,100,0.901961,-0.999969,0.13385,-0.999969,0.,0,1,0
-4078.97998,-3128.886963,674.939697,8.322576,615.748718,961.189392,10150,16549,-16258,-2.342897,-0.009965,0.00088,0,0,0,1,100,0.901961,-0.999969,0.13385,-0.999969,0.,0,1,0
-4078.97998,-3118.56958,690.604004,8.212598,657.331543,941.117004,9748,16541,-16272,-2.344338,-0.012322,-0.003151,0,0,0,1,100,0.901961,-0.999969,0.13385,-0.999969,0.,0,1,0
-4078.97998,-3107.536621,705.978088,8.134542,700.467224,922.786804,9347,16534,-16280,-2.344797,-0.014106,-0.005406,0,0,0,1,100,0.901961,-0.999969,0.13385,-0.999969,0.,0,1,0
-4078.97998,-3095.792725,721.042358,8.095175,742.979309,902.879395,8946,16526,-16288,-2.343666,-0.014648,-0.005111,0,0,0,1,100,0.901961,-0.999969,0.13385,-0.999969,0.,0,1,0
-4078.97998,-3083.352295,735.773376,8.09,784.872437,881.362244,8544,16518,-16295,-2.341325,-0.014845,-0.00336,0,0,0,1,100,0.901961,-0.999969,0.13385,-0.999969,0.,0,1,0
-4078.97998,-3070.219727,750.141907,8.09,826.132324,858.200867,8143,16510,-16303,-2.337866,-0.015042,-0.0007,0,0,0,1,100,0.905882,-0.999969,0.13385,-0.999969,0.,0,1,0
-4078.97998,-3056.410156,764.115295,8.09,866.746094,833.381287,7742,16502,-16311,-2.333578,-0.015515,0.002807,0,0,0,1,100,0.901961,-0.999969,0.13385,-0.999969,0.,0,1,0
-4078.97998,-3041.937012,777.675415,8.086486,906.652344,806.901611,7340,16500,-16317,-2.328586,-0.016341,0.006305,0,0,0,1,100,0.901961,-0.999969,0.13385,-0.999969,0.,0,1,0
-4078.97998,-3026.809082,790.790527,8.066813,945.817139,778.777649,6939,16500,-16325,-2.323308,-0.017291,0.005222,0,0,0,1,100,0.901961,-0.999969,0.13385,-0.999969,0.,0,1,0
-4078.97998,-3011.043213,803.43219,8.044283,984.179565,749.009399,6538,16500,-16333,-2.317642,-0.018686,0.001571,0,0,0,1,100,0.901961,-0.999969,0.13385,-0.999969,0.,0,0,0
-4078.97998,-2994.650879,815.571167,8.017468,1021.680725,717.608826,6136,16499,-16339,-2.31159,-0.0205,-0.003181,0,0,0,1,100,0.901961,-0.999969,0.13385,-0.999969,0.,0,0,0
-4078.97998,-2977.726074,827.13501,8.06661,1049.802612,679.15802,5735,16491,-16347,-2.306271,-0.021298,-0.00458,0,0,0,1,100,0.901961,-0.999969,0.13385,-0.999969,0.,0,0,0
-4078.97998,-2960.428467,838.00238,8.113751,1071.265869,636.197266,5338,16488,-16348,-2.302219,-0.023162,-0.001625,0,0,0,1,100,0.901961,-0.999969,0.13385,-0.999969,0.,0,0,0
-4078.97998,-2942.78418,848.171692,8.153096,1091.435547,592.6922,4945,16488,-16348,-2.299776,-0.021752,0.,0,0,0,1,100,0.901961,-0.999969,0.13385,-0.999969,0.,0,0,0
-4078.97998,-2924.822266,857.625305,8.192441,1110.271851,548.74646,4552,16488,-16348,-2.298451,-0.018232,0.,0,0,0,1,100,0.901961,-0.999969,0.13385,-0.999969,0.,0,0,0
-4078.97998,-2906.551758,866.353149,8.230892,1127.780762,504.417145,4158,16488,-16352,-2.297782,-0.013911,0.,0,0,0,1,100,0.905882,-0.999969,0.13385,-0.999969,0.,0,1,0
-4078.97998,-2888.001709,874.364624,8.24,1143.936157,459.750732,3765,16488,-16360,-2.2975,-0.01304,0.,0,0,0,1,100,0.901961,-0.999969,0.13385,-0.999969,0.,0,1,0
-4078.97998,-2869.11792,881.662048,8.178813,1166.675781,417.618164,3371,16488,-16368,-2.296474,-0.015143,-0.001333,0,0,0,1,100,0.905882,-0.999969,0.13385,-0.999969,0.,0,1,0
-4078.97998,-2849.749512,888.300171,8.090363,1195.837402,377.396301,2978,16488,-16372,-2.293715,-0.01908,-0.003988,0,0,0,1,100,0.905882,-0.999969,0.13385,-0.999969,0.,0,1,0
-4078.97998,-2829.904541,894.266968,8.040836,1223.656128,336.075043,2584,16488,-16372,-2.288717,-0.019708,-0.005183,0,0,0,1,100,0.905882,-0.999969,0.13385,-0.999969,0.,0,1,0
-4078.97998,-2809.604248,899.537537,8.03,1250.092285,293.574036,2191,16480,-16380,-2.281976,-0.019178,-0.003827,0,0,0,1,100,0.905882,-0.999969,0.13385,-0.999969,0.,0,1,0
-4078.97998,-2788.878174,904.111633,8.03,1275.126709,249.875198,1797,16480,-16380,-2.273483,-0.020121,0.00125,0,0,0,1,100,0.905882,-0.999969,0.13385,-0.999969,0.,0,1,0
-4078.97998,-2767.735107,907.962097,8.038598,1298.703247,204.957626,1404,16480,-16380,-2.263815,-0.017996,0.003002,0,0,0,1,100,0.905882,-0.999969,0.13385,-0.999969,0.,0,1,0
-4078.97998,-2746.221924,911.059265,8.05827,1320.75647,158.811371,1014,16480,-16380,-2.253168,-0.014446,0.003931,0,0,0,1,100,0.905882,-0.999969,0.13385,-0.999969,0.,0,1,0
-4078.97998,-2724.349854,913.393982,8.077943,1341.262085,111.671432,628,16480,-16387,-2.241375,-0.011344,0.004559,0,0,0,1,100,0.905882,-0.999969,0.13385,-0.999969,0.,0,1,0
-4078.97998,-2702.154297,914.947327,8.08,1360.17749,63.608791,243,16480,-16395,-2.228498,-0.012438,0.004776,0,0,0,1,100,0.905882,-0.999969,0.13385,-0.999969,0.,0,1,0
-4078.97998,-2679.649414,915.707581,8.062712,1377.4552,14.605564,-143,16480,-16403,-2.214653,-0.015858,0.004973,0,0,0,1,100,0.905882,-0.999969,0.13385,-0.999969,0.,0,1,0
-4078.97998,-2656.865723,915.657715,8.03304,1393.059448,-35.263565,-522,16480,-16404,-2.199771,-0.019157,0.005509,0,0,0,1,100,0.905882,-0.999969,0.13385,-0.999969,0.,0,1,0
-4078.97998,-2633.837158,914.778809,8.02,1405.767578,-85.621223,-899,16480,-16404,-2.181835,-0.018669,0.006265,0,0,0,1,100,0.905882,-0.999969,0.13385,-0.999969,0.,0,1,0
-4078.97998,-2610.615723,913.068054,8.026304,1415.728271,-136.510117,-1277,16480,-16404,-2.162611,-0.016028,0.006989,0,0,0,1,100,0.905882,-0.999969,0.118103,-0.999969,0.,0,1,0
-4078.97998,-2587.23584,910.51947,8.051952,1424.208618,-188.074341,-1648,16480,-16404,-2.144302,-0.012245,0.007479,0,0,0,1,100,0.905882,-0.999969,0.13385,-0.999969,0.,0,1,0
-4078.97998,-2563.722656,907.119751,8.075648,1431.228882,-240.087631,-2018,16480,-16410,-2.126203,-0.008648,0.008139,0,0,0,1,100,0.905882,-0.999969,0.13385,-0.999969,0.,0,1,0
-4078.97998,-2540.098633,902.853577,8.074678,1436.774292,-292.517303,-2382,16480,-16418,-2.107845,-0.008979,0.009679,0,0,0,1,100,0.905882,-0.999969,0.13385,-0.999969,0.,0,1,0
-4078.97998,-2516.392822,897.726868,8.055006,1440.893799,-345.16214,-2744,16480,-16424,-2.088757,-0.011799,0.011799,0,0,0,1,100,0.905882,-0.999969,0.13385,-0.999969,0.,0,1,0
-4078.97998,-2492.62915,891.729675,8.035335,1443.543213,-398.091797,-3104,16480,-16424,-2.069228,-0.013013,0.013627,0,0,0,1,100,0.905882,-0.999969,0.13385,-0.999969,0.,0,1,0
-4078.97998,-2468.831055,884.861938,8.03,1444.679443,-451.342926,-3458,16480,-16424,-2.052103,-0.011149,0.014774,0,0,0,1,100,0.905882,-0.999969,0.13385,-0.999969,0.,0,0,0
-4078.97998,-2445.027588,877.109741,8.04401,1444.265259,-504.89563,-3812,16480,-16424,-2.038694,-0.007658,0.01552,0,0,0,1,100,0.905882,-0.999969,0.125977,-0.999969,0.,0,0,0
-4078.97998,-2421.345947,868.519775,8.124729,1431.734253,-554.578186,-4165,16480,-16425,-2.02869,-0.003153,0.0158,0,0,0,1,100,0.905882,-0.944824,0.118103,-0.944824,0.,0,0,0
-4078.97998,-2397.951416,859.152649,8.173354,1413.23584,-602.101074,-4511,16480,-16433,-2.02146,0.,0.016769,0,0,0,1,100,0.905882,-0.866089,0.118103,-0.866089,0.,0,0,0
-4078.97998,-2374.866699,848.998535,8.176972,1393.978882,-648.397522,-4857,16480,-16441,-1.995669,-0.001424,0.019315,0,0,0,1,100,0.905882,-0.661377,0.118103,-0.661377,0.,0,0,0
-4078.97998,-2352.091309,838.102539,8.157301,1374.282593,-693.13501,-5202,16480,-16444,-1.940457,-0.003727,0.022651,0,0,0,1,100,0.905882,-0.480286,0.118103,-0.480286,0.,0,0,0
-4078.97998,-2329.637939,826.476318,8.139999,1355.239258,-735.048767,-5534,16480,-16444,-1.815363,-0.002368,0.024442,0,0,0,1,100,0.905882,-0.236206,0.,-0.236206,0.,0,0,0
-4078.97998,-2307.499268,814.17981,8.139999,1337.38269,-773.679077,-5841,16480,-16444,-1.623833,0.00045,0.025141,0,0,0,1,100,0.905882,0.,0.,0.,0.,0,0,0
-4078.97998,-2285.63916,801.26001,8.139999,1321.381836,-808.398987,-6113,16480,-16444,-1.366084,0.00496,0.0252,0,0,0,1,100,0.905882,0.,0.,0.,0.,0,0,0
-4078.97998,-2264.0354,787.785522,8.138611,1307.869629,-838.633667,-6341,16480,-16444,-1.050828,0.00925,0.0249,0,0,0,1,100,0.905882,0.,0.,0.,0.,0,0,0
-4078.97998,-2242.644775,773.831177,8.12,1295.748169,-866.262512,-6511,16480,-16444,-0.773391,0.012427,0.025011,0,0,0,1,100,0.905882,0.,0.,0.,0.,0,0,0
-4078.97998,-2221.445312,759.442688,8.11,1284.915405,-891.661865,-6636,16480,-16444,-0.57097,0.014566,0.025315,0,0,0,1,100,0.905882,0.,0.,0.,0.,0,0,0
-4078.97998,-2200.419434,744.639832,8.099999,1275.946899,-914.281555,-6730,16484,-16448,-0.421638,0.016164,0.025568,0,0,0,1,100,0.905882,0.,0.,0.,0.,0,0,0
-4078.97998,-2179.538086,729.479492,8.100077,1269.018799,-934.049377,-6800,16488,-16452,-0.310752,0.013392,0.023394,0,0,0,1,100,0.905882,0.,0.,0.,0.,0,0,0
-4078.97998,-2158.754395,714.007935,8.119749,1264.125854,-951.071777,-6851,16488,-16452,-0.228075,0.011815,0.02221,0,0,0,1,100,0.905882,0.,0.,0.,0.,0,0,0
-4078.97998,-2138.04834,698.264893,8.129422,1261.104614,-965.630554,-6891,16488,-16452,-0.165983,0.011406,0.021806,0,0,0,1,100,0.905882,0.,0.,0.,0.,0,1,0
-4078.97998,-2117.381348,682.288391,8.13,1259.618896,-978.186401,-6919,16488,-16452,-0.119275,0.0114,0.0217,0,0,0,1,100,0.905882,0.,0.,0.,0.,0,1,0
-4078.97998,-2096.587891,666.00769,8.063701,1271.730713,-998.534302,-6943,16488,-16452,-0.084111,0.011775,0.021888,0,0,0,1,100,0.905882,0.,0.,0.,0.,0,1,0
-4078.97998,-2075.57373,649.387268,8.031561,1285.463501,-1018.035339,-6959,16488,-16452,-0.057889,0.012169,0.022184,0,0,0,1,100,0.905882,0.,0.,0.,0.,0,1,0
-4078.97998,-2054.327881,632.456055,8.011889,1300.055542,-1036.449951,-6971,16488,-16452,-0.038119,0.012462,0.022381,0,0,0,1,100,0.909804,0.,0.,0.,0.,0,1,0
-4078.97998,-2032.849731,615.223145,8.01,1315.394165,-1053.924561,-6979,16488,-16452,-0.02303,0.012678,0.0225,0,0,0,1,100,0.905882,0.,0.,0.,0.,0,1,0
-4078.97998,-2011.114624,597.700073,8.01,1331.308472,-1070.672363,-6987,16488,-16452,-0.011449,0.0128,0.0225,0,0,0,1,100,0.905882,0.,0.,0.,0.,0,1,0
-4078.97998,-1989.115845,579.903931,8.01,1347.61145,-1086.92749,-6992,16488,-16452,-0.002649,0.0129,0.0226,0,0,0,1,100,0.905882,0.,0.,0.,0.,0,1,0
-4078.97998,-1966.858643,561.843811,8.01,1364.330933,-1102.658203,-6992,16488,-16452,0.004176,0.0129,0.0226,0,0,0,1,100,0.905882,0.,0.,0.,0.,0,1,0
-4078.97998,-1944.314209,543.532166,8.01,1381.429565,-1117.904053,-6992,16488,-16452,0.009618,0.0129,0.0226,0,0,0,1,100,0.905882,0.,0.,0.,0.,0,1,0
-4078.97998,-1921.489502,524.969055,8.01,1398.789917,-1132.820435,-6992,16488,-16452,0.013867,0.0129,0.0226,0,0,0,1,100,0.905882,0.,0.,0.,0.,0,1,0
-4078.97998,-1898.380615,506.170258,8.01,1416.335815,-1147.511719,-6992,16488,-16452,0.017172,0.0129,0.0226,0,0,0,1,100,0.909804,0.,0.,0.,0.,0,1,0
-4078.97998,-1874.985352,487.123871,8.01,1434.005371,-1162.049805,-6992,16488,-16452,0.019704,0.0129,0.0226,0,0,0,1,100,0.905882,0.,0.,0.,0.,0,1,0
-4078.97998,-1851.299927,467.841156,8.01,1451.765625,-1176.472778,-6992,16488,-16452,0.021613,0.0129,0.022652,0,0,0,1,100,0.905882,0.,0.,0.,0.,0,1,0
-4078.97998,-1827.324341,448.326324,8.01,1469.573853,-1190.828613,-6992,16488,-16452,0.02299,0.0129,0.0227,0,0,0,1,100,0.909804,0.,0.,0.,0.,0,1,0
-4078.97998,-1803.053955,428.579346,8.01,1487.421021,-1205.131104,-6992,16488,-16452,0.024025,0.0129,0.0227,0,0,0,1,100,0.905882,0.,0.,0.,0.,0,0,0
-4078.97998,-1778.488403,408.60022,8.01,1505.297607,-1219.398926,-6992,16488,-16452,0.024825,0.0129,0.0227,0,0,0,1,100,0.905882,0.,0.,0.,0.,0,0,0
-4078.97998,-1753.724976,388.459778,8.06155,1514.21875,-1226.542358,-6992,16488,-16452,0.025416,0.012761,0.022561,0,0,0,1,100,0.905882,0.307068,0.,0.307068,0.,0,0,0
-4078.97998,-1728.884155,368.245483,8.103522,1519.386353,-1230.679688,-6992,16488,-16452,0.02587,0.012565,0.022365,0,0,0,1,100,0.905882,0.370056,0.,0.370056,0.,0,0,0
-4078.97998,-1703.949585,347.976318,8.123195,1527.043213,-1231.439697,-6989,16488,-16452,0.140904,0.013064,0.021604,0,0,0,1,100,0.905882,0.543274,0.,0.543274,0.,0,0,0
-4078.97998,-1678.883179,327.697113,8.139999,1536.031738,-1230.312012,-6961,16488,-16452,0.291866,0.013271,0.021171,0,0,0,1,100,0.905882,0.944824,0.,0.944824,0.,0,0,0
-4078.97998,-1653.659546,307.452301,11.788593,1547.063721,-1225.759277,-6907,16488,-16452,0.476813,-0.163881,-0.014316,0,0,0,1,100,0.905882,0.999969,0.,0.999969,0.,0,0,0
-4078.817871,-1628.24292,287.31543,31.661083,1563.642944,-1210.740723,-6818,16412,-16354,0.805619,-1.115872,-0.19906,0,0,0,1,100,0.909804,0.999969,0.,0.999969,0.,0,0,0
-4078.387207,-1602.539185,267.44632,44.678783,1582.775024,-1192.185791,-6670,16215,-16102,1.115103,-1.246322,-0.322378,0,0,0,1,100,0.905882,0.999969,0.,0.999969,0.,0,0,0
-4077.623291,-1576.51123,247.907654,101.970421,1604.627808,-1157.213013,-6464,15996,-15820,1.443291,-2.807798,-0.388915,0,0,0,1,100,0.905882,0.999969,0.,0.999969,0.,0,0,0
-4075.849854,-1550.102905,228.996384,144.834091,1630.606689,-1118.112671,-6180,15574,-15184,1.657785,-3.746416,-0.344764,0,0,0,1,100,0.905882,0.999969,0.,0.999969,0.,0,0,0
-4073.484863,-1523.266846,210.722885,218.219742,1657.695312,-1064.91394,-5833,15118,-14458,1.531347,-3.513638,0.696601,0,0,0,1,100,0.905882,0.999969,0.,0.999969,0.,0,0,0
-4069.602539,-1495.984741,193.460922,294.317719,1686.249756,-994.565735,-5476,14854,-13712,1.737398,-4.953249,0.692992,0,0,0,1,100,0.905882,0.999969,0.,0.999969,0.,0,0,0
-4064.809814,-1468.21936,177.24498,301.877289,1715.362183,-945.468689,-5042,14520,-12805,1.836585,-5.036042,0.505351,0,0,0,1,100,0.905882,0.999969,0.,0.999969,0.,0,0,0
-4059.543945,-1439.98877,161.99231,383.513519,1742.110718,-862.0495,-4633,14352,-12011,1.29467,-3.50101,1.82169,0,0,0,1,100,0.905882,0.999969,0.,0.999969,0.,0,0,0
-4053.109375,-1411.320068,148.091782,427.181458,1767.622437,-781.11792,-4265,14353,-11362,1.971993,-4.276849,0.795917,0,0,0,1,100,0.905882,0.960571,0.,0.960571,0.,0,0,0
-4046.208252,-1382.245117,135.377838,415.176605,1792.648682,-730.633606,-3783,14209,-10669,2.122843,-4.150905,0.528011,0,0,0,1,100,0.905882,0.818848,0.,0.818848,0.,0,0,0
-4039.243164,-1352.753784,123.677422,454.753052,1815.629761,-641.75238,-3347,14175,-10068,1.14862,-3.062345,1.86931,0,0,0,1,100,0.909804,0.409424,0.,0.409424,0.,0,0,0
-4031.879639,-1322.9021,113.257599,461.479462,1836.262573,-569.363464,-3066,14354,-9592,1.662241,-3.122093,1.185063,0,0,0,1,100,0.905882,0.,0.,0.,0.,0,0,0
-4024.375732,-1292.72876,104.029678,451.831421,1853.652466,-517.850403,-2669,14381,-9099,1.869233,-3.204524,0.526443,0,0,0,1,100,0.909804,0.,0.,0.,0.,0,1,0
-4017.03418,-1262.279785,95.645943,444.017914,1869.093872,-462.509827,-2296,14367,-8569,0.839317,-3.882111,0.900849,0,0,0,1,100,0.909804,0.,0.,0.,0.,0,1,0
-4009.748779,-1231.410278,88.135086,448.364655,1896.355225,-412.266541,-2078,14406,-7984,0.194725,-2.632404,1.076555,0,0,0,1,100,0.909804,0.,0.,0.,0.,0,1,0
-4002.469727,-1200.079712,81.331367,433.586975,1923.091187,-387.609711,-1982,14503,-7567,0.016583,-2.116769,0.941859,0,0,0,1,100,0.909804,0.,0.,0.,0.,0,1,0
-3995.377686,-1168.321167,75.011757,433.847443,1947.955322,-343.670197,-1870,14551,-7207,0.928931,-2.280006,0.072455,0,0,0,1,100,0.909804,0.,0.,0.,0.,0,1,0
-3988.322754,-1136.160278,69.300835,426.234772,1971.857788,-314.475494,-1638,14489,-6852,0.718982,-2.541807,0.052479,0,0,0,1,100,0.909804,0.,0.,0.,0.,0,1,0
-3981.380615,-1103.612427,64.112961,423.944519,1995.045654,-279.605804,-1463,14441,-6415,0.072778,-2.541097,0.349278,0,0,0,1,100,0.909804,0.,0.,0.,0.,0,1,0
-3974.415283,-1070.683716,59.49345,424.423828,2016.475708,-255.906265,-1397,14453,-6023,-0.223168,-1.832952,0.465547,0,0,0,1,100,0.909804,0.,0.,0.,0.,0,1,0
-3967.495605,-1037.408936,55.178101,417.052246,2036.927002,-248.636093,-1386,14489,-5716,-0.244941,-1.673328,0.420508,0,0,0,1,100,0.909804,0.,0.,0.,0.,0,1,0
-3960.686768,-1003.805054,51.012844,414.086914,2056.827881,-228.545288,-1359,14512,-5414,0.282841,-2.085933,0.174992,0,0,0,1,100,0.909804,0.,0.,0.,0.,0,1,0
-3953.899414,-969.872437,47.19973,414.144745,2076.176514,-211.844467,-1226,14484,-5078,0.746114,-2.008441,-0.076159,0,0,0,1,100,0.909804,0.,0.,0.,0.,0,1,0
-3947.12207,-935.625671,43.622101,411.692627,2095.38623,-198.23024,-1045,14432,-4759,0.530864,-2.212314,-0.036491,0,0,0,1,100,0.909804,0.,0.,0.,0.,0,0,0
-3940.357422,-901.069336,40.333759,419.203735,2114.101807,-167.25087,-918,14400,-4409,-0.138922,-1.814628,0.210444,0,0,0,1,100,0.909804,-0.40155,0.,-0.40155,0.,0,0,0
-3933.487549,-866.329834,37.527538,419.670441,2120.909912,-153.040512,-900,14411,-4111,-0.305966,-1.599741,0.261175,0,0,0,1,100,0.909804,-0.850342,0.,-0.850342,0.,0,0,0
-3926.631836,-831.555176,34.899166,419.965118,2121.698975,-152.103928,-907,14424,-3836,-0.374606,-1.590812,0.109071,0,0,0,1,100,0.909804,-0.999969,-0.141724,-0.999969,0.,0,0,0
-3919.752197,-796.774109,32.258999,427.438446,2120.292969,-151.449432,-925,14406,-3559,-0.293688,-1.721939,-0.253224,0,0,0,1,100,0.909804,-0.999969,-0.141724,-0.999969,0.,0,0,0
-3912.705078,-762.029297,29.741608,443.899933,2117.251953,-132.644363,-882,14309,-3249,0.363303,-2.054766,-0.766772,0,0,0,1,100,0.909804,-0.999969,0.,-0.999969,0.,0,0,0
-3905.362061,-727.335876,27.474667,462.22168,2113.361084,-121.056458,-746,14135,-2913,0.26871,-2.329117,-1.057901,0,0,0,1,100,0.909804,-0.999969,0.,-0.999969,0.,0,0,0
-3897.709961,-692.705322,25.408026,488.247833,2108.023926,-96.16259,-634,13921,-2528,-0.430131,-2.056107,-1.138946,0,0,0,1,100,0.909804,-0.999969,0.,-0.999969,0.,0,0,0
-3889.598877,-658.183411,23.759789,518.646912,2100.286865,-85.054161,-639,13699,-2176,-0.679647,-1.873087,-1.238546,0,0,0,1,100,0.909804,-0.999969,0.,-0.999969,0.,0,0,0
-3880.98291,-623.791138,22.235352,551.524292,2090.364502,-85.645172,-671,13458,-1838,-0.67548,-1.869276,-1.351189,0,0,0,1,100,0.909804,-0.999969,0.,-0.999969,0.,0,0,0
-3871.807617,-589.567749,20.722103,588.991943,2077.889893,-75.358009,-674,13196,-1511,-0.099019,-2.095426,-1.501576,0,0,0,1,100,0.909804,-0.999969,0.,-0.999969,0.,0,0,0
-3861.999756,-555.568237,19.379328,629.796753,2063.082764,-70.984566,-560,12908,-1161,0.218757,-2.267795,-1.618747,0,0,0,1,100,0.909804,-0.999969,0.,-0.999969,0.,0,0,0
-3851.504639,-521.812439,18.071703,672.977722,2045.933594,-67.706474,-394,12608,-810,0.113004,-2.375239,-1.702613,0,0,0,1,100,0.909804,-0.999969,0.,-0.999969,0.,0,1,0
-3840.269531,-488.348999,17.03754,724.322937,2024.847046,-27.979073,-284,12301,-479,-0.510798,-1.365118,-1.728631,0,0,0,1,100,0.909804,-0.999969,0.,-0.999969,0.,0,1,0
-3828.152832,-455.183014,16.53886,781.010742,2007.735962,-7.636823,-272,11995,-251,-0.088669,-0.987331,-1.773702,0,0,0,1,100,0.909804,-0.999969,0.,-0.999969,0.,0,1,0
-3815.052979,-422.202087,16.312401,841.915588,1995.05188,-2.211075,-209,11684,-102,0.085564,-0.926099,-1.816315,0,0,0,1,100,0.909804,-0.999969,0.,-0.999969,0.,0,1,0
-3800.945068,-389.433929,16.144543,902.94873,1980.108032,-2.11069,-127,11369,32,0.095482,-0.981062,-1.850274,0,0,0,1,100,0.909804,-0.921204,0.,-0.921204,0.,0,1,0
-3785.822021,-356.926086,16.068209,966.8396,1961.33728,15.269161,-62,11047,137,0.017766,-0.169586,-1.878116,0,0,0,1,100,0.909804,-0.653503,0.,-0.653503,0.,0,1,0
-3769.63623,-324.735413,16.200212,1031.015503,1940.32312,18.611275,-56,10724,144,0.017856,0.063904,-1.859477,0,0,0,1,100,0.909804,-0.125977,0.,-0.125977,0.,0,1,0
-3752.413574,-292.892029,16.37604,1091.501709,1920.033569,18.191353,-63,10408,126,0.0294,0.118149,-1.722236,1,0,0,1,100,0.909804,0.,0.,0.,0.,0,1,0
-3734.234131,-261.372498,16.534967,1144.347656,1903.781982,16.669708,-71,10125,102,0.035024,0.12417,-1.371772,1,0,0,1,100,0.909804,0.,0.,0.,0.,0,1,0
-3715.189209,-230.115341,16.666759,1194.167725,1888.411255,14.898599,-79,9903,79,0.035788,0.109518,-1.045444,1,0,0,1,100,0.909804,0.196838,0.,0.196838,0.,0,1,0
-3695.335205,-199.104065,16.767326,1241.135254,1874.078857,13.257683,-87,9732,58,0.032832,0.087241,-0.80148,1,0,0,1,100,0.909804,0.488159,0.,0.488159,0.,0,0,0
-3674.736572,-168.317795,16.841413,1281.660156,1863.966431,11.856039,-95,9604,42,0.029558,0.066077,-0.530793,1,0,0,1,100,0.909804,0.810974,0.,0.810974,0.,0,0,0
-3653.601318,-137.808365,16.900431,1305.379028,1848.818115,10.829924,-103,9525,27,0.026847,0.047162,-0.188137,1,0,0,1,100,0.909804,0.999969,0.,0.999969,0.,0,0,0
-3632.135254,-107.539551,16.942965,1318.018188,1838.846436,10.006635,-108,9509,17,0.024976,0.030114,0.228423,1,0,0,1,100,0.909804,0.999969,0.,0.999969,0.,0,0,0
-3610.503662,-77.413406,16.966154,1321.825439,1835.363037,9.412289,-108,9563,10,0.022046,0.018523,0.641069,1,0,0,1,100,0.909804,0.999969,0.,0.999969,0.,0,0,0
-3588.840332,-47.32486,16.985826,1318.534668,1837.15271,9.020943,-108,9684,2,0.017027,0.009653,0.958035,1,0,0,1,100,0.909804,0.999969,0.,0.999969,0.,0,0,0
-3567.259277,-17.178808,17.005499,1307.524658,1844.341064,8.73851,-108,9857,-6,0.011715,0.001755,1.190051,1,0,0,1,100,0.909804,0.999969,0.,0.999969,0.,0,1,0
-3545.889893,13.10465,17.01,1288.871826,1856.393066,8.5238,-108,10062,-8,0.006921,-0.005041,1.361285,1,0,0,1,100,0.913725,0.999969,0.,0.999969,0.,0,1,0
-3524.786621,43.714867,17.01,1270.158813,1882.481934,8.356094,-108,10296,-8,0.004761,-0.008578,1.489224,1,0,0,1,100,0.909804,0.999969,0.,0.999969,0.,0,1,0
-3503.977295,74.812897,17.01,1246.979858,1915.125122,8.256452,-108,10553,-8,0.00391,-0.010761,1.585893,1,0,0,1,100,0.909804,0.999969,0.,0.999969,0.,0,1,0
-3483.571289,106.46579,17.01,1216.771362,1949.194702,8.207436,-108,10827,-8,0.0038,-0.012009,1.660572,1,0,0,1,100,0.913725,0.999969,0.,0.999969,0.,0,1,0
-3463.704346,138.655853,17.01,1175.980835,1976.575195,8.152279,-108,11109,-8,0.003939,-0.012716,1.720685,1,0,0,1,100,0.913725,0.999969,0.,0.999969,0.,0,1,0
-3444.536865,171.283127,17.01,1129.789551,2003.328613,8.126468,-108,11402,-8,0.004235,-0.013171,1.768795,1,0,0,1,100,0.909804,0.999969,0.,0.999969,0.,0,1,0
-3426.15332,204.352386,17.01,1079.87854,2030.660889,8.11,-108,11702,-8,0.004564,-0.013432,1.807412,1,0,0,1,100,0.913725,0.999969,0.,0.999969,0.,0,1,0
-3408.601074,237.873047,17.01,1026.679565,2058.074707,8.11,-108,12009,-8,0.004958,-0.0135,1.838628,1,0,0,1,100,0.913725,0.999969,0.,0.999969,0.,0,1,0
-3391.93457,271.848633,17.01,970.637268,2085.091797,8.11,-108,12321,-8,0.005251,-0.0135,1.864006,1,0,0,1,100,0.909804,0.999969,0.,0.999969,0.,0,0,0
-3376.203613,306.259125,17.01,912.004822,2111.397217,8.11,-108,12636,-8,0.005644,-0.0135,1.884744,1,0,0,1,100,0.913725,0.999969,0.,0.999969,0.,0,0,0
-3361.477539,341.023712,17.01,850.215881,2133.445068,8.201364,-108,12959,-8,0.0058,-0.013362,1.900745,1,0,0,1,100,0.909804,0.999969,0.,0.999969,0.,0,0,0
-3347.787598,376.066681,17.01,785.778137,2151.941406,8.294699,-108,13282,-8,0.005916,-0.012853,1.914071,1,0,0,1,100,0.913725,0.999969,0.,0.999969,0.,0,0,0
-3335.173096,411.406708,17.01,719.747803,2168.692139,8.341239,-108,13604,-8,0.006212,-0.012375,1.925656,1,0,0,1,100,0.913725,0.999969,0.,0.999969,0.,0,0,0
-3323.642578,447.016663,17.01,652.513306,2183.542969,8.36,-108,13931,-8,0.006518,-0.011982,1.935519,1,0,0,1,100,0.913725,0.999969,0.,0.999969,0.,0,0,0
-3313.215576,482.866913,17.01,583.996582,2196.406982,8.37,-108,14262,-8,0.006906,-0.011588,1.944239,1,0,0,1,100,0.909804,0.999969,0.,0.999969,0.,0,0,0
-3303.920166,518.919434,17.01,514.480713,2207.188965,8.37,-108,14592,-8,0.007205,-0.011297,1.951989,1,0,0,1,100,0.913725,0.999969,0.,0.999969,0.,0,0,0
-3295.759033,555.136414,17.01,444.259216,2215.790527,8.37,-108,14923,-8,0.007499,-0.011101,1.958676,1,0,0,1,100,0.909804,0.999969,0.,0.999969,0.,0,0,0
-3288.765869,591.48999,17.01,373.569977,2222.162354,8.37,-108,15253,-8,0.007892,-0.010804,1.964388,1,0,0,1,100,0.909804,0.999969,0.,0.999969,0.,0,0,0
-3282.933838,627.940369,17.01,302.60788,2226.290283,8.37,-108,15584,-8,0.008193,-0.010607,1.969325,1,0,0,1,100,0.909804,0.999969,0.,0.999969,0.,0,0,0
-3278.262207,664.440613,17.01,231.525269,2228.165527,8.37,-108,15914,-8,0.008579,-0.010311,1.973489,1,0,0,1,100,0.913725,0.999969,0.,0.999969,0.,0,0,0
-3274.751465,700.970947,17.01,160.353577,2227.768799,8.37,-108,16252,-8,0.008872,-0.010014,1.977237,1,0,0,1,100,0.909804,0.999969,0.,0.999969,0.,0,0,0
-3272.419434,737.475708,17.01,88.908424,2225.034668,8.37,-108,16590,-8,0.009166,-0.009717,1.980892,1,0,0,1,100,0.909804,0.999969,0.,0.999969,0.,0,0,0
-3271.249512,773.933899,17.01,17.417404,2219.969482,8.37,-108,16929,-8,0.00948,-0.00942,1.984253,1,0,0,1,100,0.909804,0.999969,0.,0.999969,0.,0,0,0
-3271.257812,810.291138,17.01,-53.94558,2212.571533,8.37,-108,17267,-8,0.009776,-0.009124,1.987345,1,0,0,1,100,0.909804,0.999969,0.,0.999969,0.,0,0,0
-3272.428955,846.524963,17.01,-125.023972,2202.852295,8.37,-108,17606,-8,0.010073,-0.008754,1.99005,1,0,0,1,100,0.909804,0.999969,0.,0.999969,0.,0,0,0
-3274.760986,882.590149,17.01,-195.669006,2190.835205,8.37,-108,17944,-8,0.01034,-0.00843,1.992537,1,0,0,1,100,0.909804,0.999969,0.,0.999969,0.,0,0,0
-3278.253418,918.450562,17.01,-265.775848,2176.55249,8.37,-108,18282,-8,0.010567,-0.008067,1.994665,1,0,0,1,100,0.909804,0.999969,0.,0.999969,0.,0,0,0
-3282.890137,954.07251,17.01,-335.240723,2160.029053,8.37,-108,18621,-8,0.010863,-0.007737,1.996569,1,0,0,1,100,0.909804,0.999969,0.,0.999969,0.,0,0,0
-3288.662354,989.405029,17.01,-403.978607,2141.292969,8.37,-108,18959,-8,0.01106,-0.00738,1.99828,1,0,0,1,100,0.909804,0.999969,0.,0.999969,0.,0,0,0
-3295.556396,1024.422363,17.01,-471.899994,2120.386719,8.37,-108,19297,-8,0.011257,-0.006987,1.999797,1,0,0,1,100,0.909804,0.999969,0.,0.999969,0.,0,0,0
-3303.567383,1059.09021,17.01,-538.913574,2097.3396,8.37,-108,19636,-8,0.011553,-0.006593,2.00112,1,0,0,1,100,0.909804,0.999969,0.,0.999969,0.,0,0,0
-3312.665771,1093.370361,17.01,-604.954224,2072.199219,8.37,-108,19974,-8,0.01175,-0.0062,2.00225,1,0,0,1,100,0.909804,0.999969,0.,0.999969,0.,0,0,0
-3322.842773,1127.229614,17.01,-669.954834,2045.003784,8.37,-108,20312,-8,0.011947,-0.005806,2.003234,1,0,0,1,100,0.909804,0.999969,0.,0.999969,0.,0,0,0
-3334.08374,1160.640259,17.01,-733.839783,2015.795654,8.37,-108,20651,-8,0.012144,-0.005413,2.004174,1,0,0,1,100,0.909804,0.999969,0.,0.999969,0.,0,0,0
-3346.370605,1193.563354,17.01,-796.546021,1984.617188,8.37,-108,20989,-8,0.01234,-0.005019,2.004961,1,0,0,1,100,0.909804,0.999969,0.,0.999969,0.,0,0,0
-3359.668945,1225.969727,17.01,-858.018066,1951.521606,8.37,-108,21328,-8,0.012537,-0.004626,2.005711,1,0,0,1,100,0.909804,0.999969,0.,0.999969,0.,0,0,0
-3373.973389,1257.823608,17.01,-918.196594,1916.547119,8.37,-108,21666,-8,0.0127,-0.004233,2.006301,1,0,0,1,100,0.909804,0.999969,0.,0.999969,0.,0,0,0
-3389.267334,1289.094116,17.01,-977.027588,1879.747803,8.37,-108,22004,-8,0.0128,-0.003839,2.006891,1,0,0,1,100,0.909804,0.999969,0.,0.999969,0.,0,0,0
-3405.513428,1319.752319,17.01,-1034.447632,1841.174072,8.37,-108,22343,-8,0.012927,-0.003446,2.007454,1,0,0,1,100,0.909804,0.999969,0.,0.999969,0.,0,0,0
-3422.687988,1349.776611,17.01,-1090.401978,1800.884155,8.37,-108,22681,-8,0.013024,-0.003052,2.007848,1,0,0,1,100,0.905882,0.999969,0.,0.999969,0.,0,0,0
-3440.776855,1379.131226,17.01,-1144.840576,1758.920166,8.37,-108,23019,-8,0.0131,-0.002659,2.008241,0,0,0,1,100,0.905882,0.999969,0.,0.999969,0.,0,0,0
-3459.753906,1407.795288,17.01,-1197.718262,1715.346436,8.37,-108,23358,-8,0.0132,-0.002265,2.008635,0,0,0,1,100,0.901961,0.999969,0.220459,0.999969,0.,0,0,0
-3479.589844,1435.742188,17.01,-1248.995361,1670.21875,8.37,-108,23696,-8,0.013214,-0.001872,2.009014,0,0,0,1,100,0.894118,0.606262,0.212585,0.606262,0.,0,0,0
-3500.265137,1462.941772,17.01,-1298.616089,1623.586914,8.37,-108,24035,-8,0.0133,-0.001378,2.009211,0,0,0,1,100,0.894118,0.606262,0.212585,0.606262,0.,0,0,0
-3521.740479,1489.369263,17.01,-1343.9198,1578.886963,8.36,-108,24372,-8,0.01413,-0.001815,1.89282,0,0,0,1,100,0.87451,0.,0.,0.,0.,0,0,0
-3543.948486,1515.081787,17.01,-1386.245239,1534.971436,8.36,-108,24686,-8,0.014704,-0.001892,1.734282,0,0,0,1,100,0.866667,-0.503906,0.,-0.503906,0.,0,0,0
-3566.833496,1540.069092,17.01,-1422.907471,1495.335938,8.349904,-108,24973,-8,0.016006,-0.002703,1.443297,0,0,0,1,100,0.866667,-0.999969,0.,-0.999969,0.,0,0,0
-3590.291504,1564.434204,17.01,-1451.47876,1463.527466,8.330232,-108,25201,-8,0.01787,-0.003879,0.957019,0,0,0,1,100,0.866667,-0.999969,0.,-0.999969,0.,0,0,0
-3614.158447,1588.342041,17.01,-1468.126953,1443.739746,8.310559,-108,25326,-8,0.020161,-0.005483,0.216781,0,0,0,1,100,0.866667,-0.999969,0.,-0.999969,0.,0,0,0
-3638.288086,1611.939331,17.01,-1481.452148,1427.909058,8.290888,-108,25337,-8,0.020118,-0.004936,-0.325851,0,0,0,1,100,0.866667,-0.999969,0.,-0.999969,0.,0,0,0
-3662.614014,1635.299805,17.01,-1488.906982,1418.909546,8.271214,-108,25258,-8,0.019261,-0.004061,-0.728346,0,0,0,1,100,0.866667,-0.999969,0.,-0.999969,0.,0,0,0
-3687.033447,1658.547607,17.01,-1489.104248,1417.987305,8.27,-108,25116,-8,0.018177,-0.003262,-1.028559,0,0,0,1,100,0.866667,-0.999969,0.,-0.999969,0.,0,0,0
-3711.423828,1681.814819,17.01,-1481.882324,1424.823242,8.26,-108,24927,-8,0.017194,-0.002737,-1.250849,0,0,0,1,100,0.866667,-0.999969,0.,-0.999969,0.,0,0,0
-3735.659912,1705.217041,17.01,-1467.540894,1438.446655,8.26,-108,24702,-8,0.016388,-0.002344,-1.415389,0,0,0,1,100,0.866667,-0.999969,0.,-0.999969,0.,0,0,0
-3759.635498,1728.868164,17.01,-1446.803101,1457.494629,8.26,-108,24453,-8,0.015776,-0.0022,-1.539376,0,0,0,1,100,0.866667,-0.999969,0.,-0.999969,0.,0,0,0
-3783.247803,1752.850952,17.01,-1419.630859,1480.875366,12.440386,-108,24184,-8,0.037838,0.202603,-1.640745,0,0,0,1,100,0.866667,-0.929077,0.,-0.929077,0.,0,0,0
-3806.376221,1777.235962,17.16909,-1383.34314,1509.092773,32.610481,-47,23896,-62,0.155773,1.19526,-1.746682,0,0,0,1,100,0.866667,-0.622009,0.,-0.622009,0.,0,0,0
-3828.900635,1802.098877,17.615242,-1343.921509,1538.98645,46.641151,121,23591,-210,0.452738,1.421902,-1.799347,0,0,0,1,100,0.866667,0.,0.,0.,0.,0,0,0
-3850.715088,1827.445312,18.522203,-1286.686401,1569.087524,121.640236,389,23273,-405,0.441967,3.404896,-1.796132,0,0,0,1,100,0.866667,0.,0.,0.,0.,0,0,0
-3871.611816,1853.2854,20.603539,-1240.861572,1595.905518,163.455978,816,22950,-870,0.398578,4.13976,-1.423092,0,0,0,1,100,0.866667,0.,0.,0.,0.,0,0,0
-3891.720703,1879.547241,23.501883,-1171.385742,1621.118042,272.020294,1225,22679,-1428,-0.72523,4.387611,-0.831778,0,0,0,1,100,0.866667,0.,0.,0.,0.,0,0,0
-3910.637451,1906.225098,28.188467,-1107.485596,1644.575073,338.393494,1578,22439,-2188,-0.506424,5.435094,-0.662712,0,0,0,1,100,0.866667,0.,0.,0.,0.,0,0,0
-3928.641846,1933.27002,33.653347,-1042.683716,1663.480469,398.338898,2015,22185,-3025,-0.210044,5.368015,-0.579816,0,0,0,1,100,0.866667,0.,0.,0.,0.,0,0,0
-3945.306396,1960.586426,40.697468,-954.626404,1675.962646,516.267334,2453,21908,-3840,-0.198575,5.093686,-0.522308,0,0,0,1,100,0.866667,0.,0.,0.,0.,0,0,0
-3960.827637,1988.101562,49.129578,-922.979675,1687.002075,530.940247,2845,21623,-4636,-0.128441,4.899061,-0.421749,0,0,0,1,100,0.866667,0.,0.,0.,0.,0,0,0
-3975.751465,2015.788452,57.89558,-839.549683,1694.035522,616.212646,3190,21344,-5380,-0.275567,3.705077,-0.240952,0,0,0,1,100,0.866667,0.,0.,0.,0.,0,0,0
-3989.218506,2043.5802,68.163895,-774.520142,1699.110229,668.940491,3454,21087,-6035,-0.107408,4.379398,-0.36613,0,0,0,1,100,0.866667,0.,0.,0.,0.,0,0,0
-4001.86377,2071.452393,79.010391,-741.266113,1704.192871,682.217957,3759,20775,-6771,-0.263824,4.1548,-0.080223,0,0,0,1,100,0.866667,0.,0.,0.,0.,0,0,0
-4013.637939,2099.403076,90.376007,-635.554565,1706.474976,756.015259,3948,20543,-7463,-0.275297,4.044692,-0.17708,0,0,0,1,100,0.870588,0.,0.,0.,0.,0,0,0
-4023.906494,2127.389893,102.73941,-597.637085,1708.381958,771.741394,4176,20221,-8190,-0.076032,4.290632,-0.362964,0,0,0,1,100,0.870588,0.,0.,0.,0.,0,0,0
-4033.709229,2155.397949,115.237251,-574.933411,1710.562378,773.133972,4419,19849,-8950,-0.06298,4.050126,-0.246122,0,0,0,1,100,0.870588,0.,0.,0.,0.,0,0,0
-4042.737549,2183.440918,128.025574,-460.781738,1710.176758,827.842712,4580,19564,-9627,-0.18864,3.803035,-0.19595,0,0,0,1,100,0.870588,0.,0.,0.,0.,0,0,0
-4050.1604,2211.473877,141.529709,-421.909027,1710.046265,837.550476,4742,19208,-10350,-0.094019,4.139815,-0.343057,0,0,0,1,100,0.870588,0.,0.,0.,0.,0,0,0
-4057.105225,2239.507324,155.115677,-405.866669,1710.452637,833.821777,4906,18797,-11126,-0.035904,4.033535,-0.317586,0,0,0,1,100,0.870588,0.,0.,0.,0.,0,1,0
-4063.358887,2267.539551,168.81752,-288.917847,1708.821655,865.425659,5007,18482,-11819,-0.331819,3.761317,0.220044,0,0,0,1,100,0.87451,0.,0.,0.,0.,0,1,0
-4067.953613,2295.609375,182.969681,-243.22583,1714.945923,874.923279,5079,18144,-12564,-0.185047,4.091009,-0.25857,0,0,0,1,100,0.878431,0.,0.,0.,0.,0,1,0
-4072.023926,2323.891846,197.262009,-235.794724,1728.570801,875.655823,5153,17718,-13364,-0.100742,4.12445,-0.354555,0,0,0,1,100,0.878431,0.,0.,0.,0.,0,1,0
-4075.559814,2352.397705,211.663101,-131.607132,1740.941162,893.805969,5188,17413,-14082,-0.302498,3.307157,0.703103,0,0,0,1,100,0.878431,0.,0.,0.,0.,0,1,0
-4077.594727,2381.107666,226.327255,-89.451897,1752.389893,902.004333,5188,17181,-14728,-0.189404,3.189847,-0.017106,0,0,0,1,100,0.882353,0.,0.,0.,0.,0,1,0
-4079.173096,2410.01123,241.089935,-86.897636,1764.549072,903.620483,5188,16871,-15355,-0.127949,3.168857,-0.111762,0,0,0,1,100,0.882353,0.,0.,0.,0.,0,1,0
-4080.413818,2439.108398,255.899628,-16.515034,1774.78479,911.725708,5181,16653,-15882,-0.115875,1.525091,0.334754,0,0,0,1,100,0.882353,0.,0.,0.,0.,0,1,0
-4080.69165,2468.353027,270.852539,5.924212,1783.942505,919.206726,5165,16566,-16153,-0.082496,1.091164,0.065965,0,0,0,1,100,0.882353,0.,0.,0.,0.,0,1,0
-4080.70166,2497.751709,285.914307,9.025311,1793.623657,924.780762,5149,16472,-16362,-0.055511,1.027602,-0.013676,0,0,0,1,100,0.882353,0.,0.,0.,0.,0,1,0
-4080.689941,2527.3125,301.064819,19.068115,1803.32019,930.093933,5141,16371,-16568,-0.033894,0.559815,-0.00075,0,0,0,1,100,0.882353,0.,0.,0.,0.,0,0,0
-4080.45752,2557.032471,316.315613,27.22731,1811.86377,937.849792,5133,16340,-16638,-0.015104,-0.061876,0.045115,0,0,0,1,100,0.882353,0.,0.,0.,0.,0,0,0
-4080.150146,2586.740234,331.620636,25.600323,1807.973877,938.577087,5128,16357,-16621,-0.001611,-0.206709,0.031251,0,0,0,1,100,0.882353,0.,0.,0.,0.,0,0,0
-4079.87915,2616.35791,346.91864,22.818981,1802.668579,937.824646,5128,16380,-16582,0.007765,-0.239085,0.01385,0,0,0,1,100,0.882353,0.,0.,0.,0.,0,0,0
-4079.646729,2645.891602,362.197327,19.914452,1797.611938,936.600525,5128,16401,-16539,0.014265,-0.227009,0.001704,0,0,0,1,100,0.882353,0.,0.,0.,0.,0,0,0
-4079.469238,2675.334961,377.456665,17.242266,1792.784058,934.95752,5128,16417,-16500,0.018703,-0.198307,-0.001953,0,0,0,1,100,0.882353,0.,0.,0.,0.,0,0,0
-4079.33374,2704.701172,392.686676,15.005639,1788.131104,932.9776,5128,16433,-16467,0.02178,-0.166495,-0.00148,0,0,0,1,100,0.882353,0.,0.,0.,0.,0,0,0
-4079.231689,2733.989746,407.891632,13.215942,1783.605835,930.771606,5128,16442,-16442,0.023911,-0.137965,-0.000562,0,0,0,1,100,0.882353,0.,0.,0.,0.,0,0,0
-4079.153809,2763.216309,423.057922,11.813077,1779.156738,928.41217,5128,16450,-16421,0.025321,-0.114203,0.002309,0,0,0,1,100,0.882353,0.,0.,0.,0.,0,0,0
-4079.099854,2792.369873,438.185516,10.754048,1774.750488,925.967407,5128,16458,-16405,0.026351,-0.094832,0.004351,0,0,0,1,100,0.882353,0.,0.,0.,0.,0,0,0
-4079.060547,2821.446045,453.274445,9.985147,1770.378174,923.47406,5128,16466,-16389,0.027188,-0.078693,0.0049,0,0,0,1,100,0.882353,0.,0.,0.,0.,0,0,0
-4079.035645,2850.449219,468.310303,9.413976,1766.010986,920.961304,5128,16474,-16379,0.027831,-0.06405,0.004364,0,0,0,1,100,0.882353,0.,0.,0.,0.,0,0,0
-4079.015869,2879.390381,483.302155,9.045407,1761.643677,918.447266,5128,16476,-16370,0.028381,-0.053203,0.00234,0,0,0,1,100,0.882353,0.,0.,0.,0.,0,1,0
-4078.996338,2908.253906,498.255341,8.761779,1757.276489,915.948914,5128,16476,-16364,0.028774,-0.044579,0.003919,0,0,0,1,100,0.882353,0.,0.,0.,0.,0,1,0
-4078.98999,2937.144287,513.22345,8.472803,1762.651001,918.672668,5128,16476,-16364,0.029134,-0.039127,0.006037,0,0,0,1,100,0.882353,-0.24408,0.,-0.24408,0.,0,1,0
-4078.98999,2966.205566,528.285278,8.314731,1772.592163,923.879272,5128,16476,-16364,0.029331,-0.037247,0.007383,0,0,0,1,100,0.886275,-0.574768,0.,-0.574768,0.,0,1,0
-4078.98999,2995.424561,543.419067,8.231822,1784.023804,926.278992,5127,16476,-16364,-0.058502,-0.037255,0.008182,0,0,0,1,100,0.886275,-0.866089,0.,-0.866089,0.,0,1,0
-4078.98999,3024.844727,558.57428,8.175203,1797.950684,923.650757,5106,16476,-16364,-0.282111,-0.038272,0.008424,0,0,0,1,100,0.886275,-0.91333,0.,-0.91333,0.,0,1,0
-4078.98999,3054.500977,573.6698,8.137929,1814.390991,915.521851,5041,16476,-16364,-0.599032,-0.039221,0.0085,0,0,0,1,100,0.886275,-0.999969,0.,-0.999969,0.,0,1,0
-4078.98999,3084.439941,588.612305,8.118257,1832.60437,903.519897,4923,16476,-16364,-0.892324,-0.038995,0.008635,0,0,0,1,100,0.886275,-0.999969,0.,-0.999969,0.,0,1,0
-4078.98999,3114.681885,603.345703,8.098584,1852.749512,887.047913,4758,16476,-16364,-1.139224,-0.037773,0.009028,0,0,0,1,100,0.886275,-0.999969,0.,-0.999969,0.,0,1,0
-4078.98999,3145.264893,617.773987,8.08,1874.859497,865.604492,4551,16476,-16364,-1.33409,-0.03577,0.009533,0,0,0,1,100,0.886275,-0.999969,0.,-0.999969,0.,0,1,0
-4078.98999,3176.216309,631.830933,8.08,1898.671631,839.196289,4314,16476,-16364,-1.476513,-0.033186,0.01013,0,0,0,1,100,0.886275,-0.999969,0.,-0.999969,0.,0,1,0
-4078.98999,3207.564697,645.440186,8.08,1923.9021,807.67572,4054,16476,-16364,-1.58207,-0.030127,0.010917,0,0,0,1,100,0.886275,-0.999969,0.,-0.999969,0.,0,1,0
-4078.98999,3239.329834,658.506714,8.080104,1950.181641,771.117493,3775,16476,-16364,-1.661541,-0.026781,0.011703,0,0,0,1,100,0.886275,-0.999969,0.,-0.999969,0.,0,0,0
-4078.98999,3271.532471,670.950439,8.099776,1977.024048,729.949646,3487,16476,-16364,-1.72196,-0.02324,0.012293,0,0,0,1,100,0.886275,-0.999969,0.,-0.999969,0.,0,0,0
-4078.98999,3303.998535,682.61908,8.197794,1988.728516,679.638,3188,16476,-16364,-1.769065,-0.019505,0.012594,0,0,0,1,100,0.886275,-0.999969,0.,-0.999969,0.,0,0,0
-4078.98999,3336.648682,693.457031,8.257362,1999.822021,626.233704,2882,16476,-16364,-1.806244,-0.015667,0.0126,0,0,0,1,100,0.886275,-0.999969,0.,-0.999969,0.,0,0,0
-4078.98999,3369.473389,703.40625,8.297586,2010.151978,570.260559,2567,16476,-16364,-1.83581,-0.011929,0.0126,0,0,0,1,100,0.886275,-0.999969,0.,-0.999969,0.,0,0,0
-4078.98999,3402.47168,712.430176,8.328465,2019.47168,512.156189,2249,16476,-16371,-1.859481,-0.009361,0.012161,0,0,0,1,100,0.886275,-0.999969,0.,-0.999969,0.,0,0,0
-4078.98999,3435.608154,720.488098,8.321862,2027.575439,452.261108,1927,16476,-16379,-1.878624,-0.011139,0.011012,0,0,0,1,100,0.886275,-0.999969,0.,-0.999969,0.,0,0,0
-4078.98999,3468.87207,727.570984,8.30219,2034.290039,391.029327,1604,16476,-16384,-1.893923,-0.015018,0.00991,0,0,0,1,100,0.886275,-0.905457,0.,-0.905457,0.,0,0,0
-4078.98999,3502.244873,733.642334,8.3,2039.513306,328.781799,1274,16476,-16384,-1.90624,-0.01615,0.009425,0,0,0,1,100,0.886275,-0.582642,0.,-0.582642,0.,0,0,0
-4078.98999,3535.696777,738.695618,13.818911,2042.908447,267.047791,947,16476,-16384,-1.875382,0.004646,-0.196361,0,0,0,1,100,0.886275,-0.37793,0.,-0.37793,0.,0,0,0
-4078.783447,3569.195801,742.756592,37.103962,2044.441895,209.856247,630,16400,-16394,-1.712158,0.068109,-1.011728,0,0,0,1,100,0.886275,0.,0.,0.,0.,0,0,0
-4078.271484,3602.720703,745.889832,43.860336,2045.642456,156.344833,344,16215,-16407,-1.483602,0.058701,-1.15157,0,0,0,1,100,0.886275,0.,0.,0.,0.,0,0,0
-4077.369873,3636.230957,748.177124,129.367783,2037.512207,110.861374,101,15964,-16400,-1.132112,-0.114334,-2.226366,0,0,0,1,100,0.886275,0.,0.,0.,0.,0,0,0
-4075.154297,3669.630371,749.7323,170.787125,2034.258301,67.415901,-79,15575,-16382,-0.832961,0.013943,-2.266076,0,0,0,1,100,0.886275,0.,0.,0.,0.,0,0,0
-4072.442139,3702.989014,750.584412,220.228607,2026.345459,27.055914,-213,15188,-16374,-0.553664,0.420857,-1.894262,0,0,0,1,100,0.886275,0.,0.,0.,0.,0,0,0
-4068.401123,3736.129883,750.784058,336.438049,2004.950195,-8.553321,-311,14860,-16445,-0.42811,0.208943,-2.262323,0,0,0,1,100,0.886275,0.,0.,0.,0.,0,0,0
-4062.82666,3768.991943,750.434143,368.937164,1998.836304,-36.408478,-388,14463,-16456,-0.357516,-0.070564,-2.347852,0,0,0,1,100,0.886275,0.,0.,0.,0.,0,0,0
-4056.683594,3801.731201,749.653381,463.95816,1973.809937,-58.985661,-443,14118,-16436,-0.265575,-0.061639,-1.405656,0,0,0,1,100,0.886275,0.,0.,0.,0.,0,0,0
-4048.721924,3833.976807,748.522461,553.388184,1947.346924,-77.404709,-484,13801,-16415,-0.213559,-0.101746,-2.507071,0,0,0,1,100,0.886275,0.,0.,0.,0.,0,0,0
-4039.68335,3865.904541,747.103699,578.311829,1939.630859,-93.220909,-517,13365,-16391,-0.018352,0.340396,-2.266109,0,0,0,1,100,0.886275,0.,0.,0.,0.,0,0,0
-4029.914062,3897.574951,745.423462,706.162537,1889.50769,-107.250435,-540,12995,-16493,-0.02981,0.270641,-2.56296,0,0,0,1,100,0.886275,0.,0.,0.,0.,0,0,0
-4018.156494,3928.47876,743.537842,759.299072,1869.428711,-115.495651,-563,12549,-16515,-0.162178,-0.163664,-2.626678,0,0,0,1,100,0.886275,0.,0.,0.,0.,0,0,0
-4005.737305,3959.129395,741.517456,817.952148,1841.272827,-124.717033,-578,12118,-16509,0.260356,0.74626,-2.054689,0,0,0,1,100,0.886275,0.,0.,0.,0.,0,0,0
-3991.829102,3989.043457,739.349976,933.309326,1781.863525,-130.059052,-594,11723,-16594,-0.13511,-0.098663,-2.676394,0,0,0,1,100,0.886275,0.,0.,0.,0.,0,0,0
-3976.518555,4018.254883,737.11261,952.138611,1773.16687,-133.066498,-610,11264,-16558,-0.212309,-0.278303,-2.613666,0,0,0,1,100,0.886275,0.,0.,0.,0.,0,0,0
-3960.865967,4047.286133,734.836426,1062.061279,1702.18103,-135.767914,-621,10806,-16502,-0.194102,-0.250141,-2.703981,0,0,0,1,100,0.886275,0.,0.,0.,0.,0,0,0
-3943.203125,4075.02832,732.510071,1127.331177,1661.410278,-138.303604,-629,10344,-16453,-0.157321,-0.200221,-2.543524,0,0,0,1,100,0.886275,0.,0.,0.,0.,0,0,0
-3924.791504,4102.319824,730.138123,1144.420898,1649.420288,-140.489273,-636,9908,-16413,-0.139251,-0.183606,-2.507267,0,0,0,1,100,0.886275,0.,0.,0.,0.,0,0,0
-3905.452637,4128.890625,727.745911,1272.474976,1547.112549,-142.318619,-636,9472,-16379,-0.099713,-0.125657,-2.487978,0,0,0,1,100,0.886275,0.,0.,0.,0.,0,0,0
-3884.54541,4154.227051,725.315613,1295.923218,1529.565186,-143.674774,-636,9047,-16355,-0.082804,-0.111314,-2.382476,0,0,0,1,100,0.886275,0.,0.,0.,0.,0,0,0
-3863.383057,4179.374023,722.865967,1361.858276,1468.579346,-144.700607,-636,8640,-16332,-0.02389,-0.047901,-1.557258,0,0,0,1,100,0.886275,0.,0.,0.,0.,0,0,0
-3840.894531,4203.29248,720.406921,1408.741089,1425.960449,-145.418091,-636,8401,-16328,0.006273,-0.01403,-1.031535,0,0,0,1,100,0.886275,0.,0.,0.,0.,0,0,0
-3817.869629,4226.742676,717.928345,1413.052368,1422.887695,-146.038116,-636,8223,-16328,0.003165,-0.019189,-0.9984,0,0,0,1,100,0.886275,0.,0.,0.,0.,0,0,0
-3794.627197,4249.995605,715.449646,1444.067871,1392.460083,-146.582199,-636,8113,-16332,0.053617,0.032296,0.079925,0,0,0,1,100,0.886275,0.,0.,0.,0.,0,0,0
-3771.019043,4272.901367,712.951965,1448.218262,1389.194824,-147.008179,-636,8131,-16347,0.052408,0.030281,0.168561,0,0,0,1,100,0.886275,0.,0.,0.,0.,0,0,0
-3747.373047,4295.77002,710.453552,1447.197021,1391.101318,-147.36676,-636,8154,-16359,0.04536,0.021311,0.163647,0,0,0,1,100,0.886275,0.,0.,0.,0.,0,0,0
-3723.753418,4318.683594,707.9552,1444.487549,1394.696167,-147.674576,-636,8178,-16367,0.038908,0.012429,0.14453,0,0,0,1,100,0.886275,0.,0.,0.,0.,0,1,0
