1741.19, 690.131, 841.159, -498.987, -43.7367, 1141.9, 3.3618, -1.9502, -4.5711
1733.01, 689.414, 859.741, -498.738, -43.7148, 1130.67, 3.3618, -1.9502, -4.5711
1724.84, 688.698, 878.139, -498.488, -43.693, 1119.45, 3.3618, -1.9502, -4.5711
1716.67, 687.982, 896.352, -498.239, -43.6711, 1108.24, 3.3618, -1.9502, -4.5711
1708.5, 687.266, 914.382, -497.99, -43.6493, 1097.03, 3.3618, -1.9502, -4.5711
1700.34, 686.551, 932.229, -497.741, -43.6275, 1085.82, 3.3618, -1.9502, -4.5711
1692.19, 685.836, 949.891, -497.492, -43.6057, 1074.63, 3.3618, -1.9502, -4.5711
1684.03, 685.122, 967.371, -497.243, -43.5839, 1063.44, 3.3618, -1.9502, -4.5711
1675.88, 684.407, 984.667, -496.995, -43.5621, 1052.25, 3.3618, -1.9502, -4.5711
1667.74, 683.694, 1001.78, -496.746, -43.5403, 1041.07, 3.3618, -1.9502, -4.5711
1659.6, 682.98, 1018.71, -496.498, -43.5185, 1029.89, 3.3618, -1.9502, -4.5711
1651.46, 682.267, 1035.45, -496.25, -43.4968, 1018.73, 3.3618, -1.9502, -4.5711
1643.33, 681.554, 1052.02, -496.002, -43.475, 1007.56, 3.3618, -1.9502, -4.5711
1635.2, 680.842, 1068.4, -495.754, -43.4533, 996.403, 3.3618, -1.9502, -4.5711
1627.08, 680.13, 1084.6, -495.506, -43.4316, 985.251, 3.3618, -1.9502, -4.5711
1618.96, 679.418, 1100.61, -495.258, -43.4099, 974.104, 3.3618, -1.9502, -4.5711
1610.84, 678.706, 1116.44, -495.011, -43.3882, 962.962, 3.3618, -1.9502, -4.5711
1602.73, 677.995, 1132.09, -494.763, -43.3665, 951.826, 3.3618, -1.9502, -4.5711
1594.62, 677.285, 1147.56, -494.516, -43.3448, 940.696, 3.3618, -1.9502, -4.5711
1586.52, 676.575, 1162.84, -494.269, -43.3231, 929.572, 3.3618, -1.9502, -4.5711
1578.42, 675.865, 1177.94, -494.022, -43.3015, 918.452, 3.3618, -1.9502, -4.5711
1570.32, 675.155, 1192.86, -493.775, -43.2798, 907.339, 3.3618, -1.9502, -4.5711
1562.23, 674.446, 1207.6, -493.528, -43.2582, 896.231, 3.3618, -1.9502, -4.5711
1554.15, 673.737, 1222.16, -493.281, -43.2365, 885.128, 3.3618, -1.9502, -4.5711
1546.06, 673.028, 1236.53, -493.034, -43.2149, 874.031, 3.3618, -1.9502, -4.5711
1537.98, 672.32, 1250.72, -492.788, -43.1933, 862.94, 3.3618, -1.9502, -4.5711
1529.91, 671.612, 1264.73, -492.542, -43.1717, 851.854, 3.3618, -1.9502, -4.5711
1521.84, 670.905, 1278.56, -492.295, -43.1502, 840.774, 3.3618, -1.9502, -4.5711
1513.77, 670.198, 1292.21, -492.049, -43.1286, 829.699, 3.3618, -1.9502, -4.5711
1505.7, 669.491, 1305.68, -491.803, -43.107, 818.63, 3.3618, -1.9502, -4.5711
1497.65, 668.785, 1318.96, -491.557, -43.0855, 807.566, 3.3618, -1.9502, -4.5711
1489.59, 668.078, 1332.06, -491.312, -43.0639, 796.508, 3.3618, -1.9502, -4.5711
1481.54, 667.373, 1344.98, -491.066, -43.0424, 785.456, 3.3618, -1.9502, -4.5711
1473.49, 666.667, 1357.72, -490.82, -43.0209, 774.409, 3.3618, -1.9502, -4.5711
1465.45, 665.962, 1370.28, -490.575, -42.9994, 763.367, 3.3618, -1.9502, -4.5711
1457.41, 665.258, 1382.66, -490.33, -42.9779, 752.331, 3.3618, -1.9502, -4.5711
1449.37, 664.554, 1394.86, -490.085, -42.9564, 741.3, 3.3618, -1.9502, -4.5711
1441.34, 663.85, 1406.88, -489.84, -42.9349, 730.275, 3.3618, -1.9502, -4.5711
1433.32, 663.146, 1418.71, -489.595, -42.9134, 719.256, 3.3618, -1.9502, -4.5711
1425.29, 662.443, 1430.37, -489.35, -42.892, 708.242, 3.3618, -1.9502, -4.5711
1417.27, 661.74, 1441.84, -489.105, -42.8706, 697.233, 3.3618, -1.9502, -4.5711
1409.26, 661.037, 1453.14, -488.861, -42.8491, 686.23, 3.3618, -1.9502, -4.5711
1401.25, 660.335, 1464.25, -488.616, -42.8277, 675.233, 3.3618, -1.9502, -4.5711
1393.24, 659.633, 1475.19, -488.372, -42.8063, 664.241, 3.3618, -1.9502, -4.5711
1385.24, 658.932, 1485.94, -488.128, -42.7849, 653.254, 3.3618, -1.9502, -4.5711
1377.24, 658.231, 1496.52, -487.884, -42.7635, 642.273, 3.3618, -1.9502, -4.5711
1369.24, 657.53, 1506.91, -487.64, -42.7421, 631.298, 3.3618, -1.9502, -4.5711
1361.25, 656.83, 1517.12, -487.396, -42.7207, 620.328, 3.3618, -1.9502, -4.5711
1353.26, 656.129, 1527.16, -487.152, -42.6994, 609.363, 3.3618, -1.9502, -4.5711
1345.28, 655.43, 1537.01, -486.909, -42.678, 598.404, 3.3618, -1.9502, -4.5711
1337.3, 654.73, 1546.69, -486.665, -42.6567, 587.451, 3.3618, -1.9502, -4.5711
1329.33, 654.031, 1556.18, -486.422, -42.6354, 576.503, 3.3618, -1.9502, -4.5711
1321.36, 653.333, 1565.5, -486.179, -42.6141, 565.56, 3.3618, -1.9502, -4.5711
1313.39, 652.634, 1574.64, -485.936, -42.5928, 554.623, 3.3618, -1.9502, -4.5711
1305.43, 651.936, 1583.6, -485.693, -42.5715, 543.691, 3.3618, -1.9502, -4.5711
1297.47, 651.239, 1592.37, -485.45, -42.5502, 532.765, 3.3618, -1.9502, -4.5711
1289.51, 650.541, 1600.97, -485.207, -42.5289, 521.844, 3.3618, -1.9502, -4.5711
1281.56, 649.844, 1609.39, -484.965, -42.5077, 510.929, 3.3618, -1.9502, -4.5711
1273.61, 649.148, 1617.64, -484.722, -42.4864, 500.019, 3.3618, -1.9502, -4.5711
1265.67, 648.452, 1625.7, -484.48, -42.4652, 489.115, 3.3618, -1.9502, -4.5711
1257.73, 647.756, 1633.58, -484.238, -42.4439, 478.216, 3.3618, -1.9502, -4.5711
1249.79, 647.06, 1641.29, -483.996, -42.4227, 467.322, 3.3618, -1.9502, -4.5711
1241.86, 646.365, 1648.82, -483.754, -42.4015, 456.434, 3.3618, -1.9502, -4.5711
1233.94, 645.67, 1656.16, -483.512, -42.3803, 445.552, 3.3618, -1.9502, -4.5711
1226.01, 644.976, 1663.34, -483.27, -42.3591, 434.674, 3.3618, -1.9502, -4.5711
1218.09, 644.282, 1670.33, -483.028, -42.3379, 423.803, 3.3618, -1.9502, -4.5711
1210.18, 643.588, 1677.14, -482.787, -42.3168, 412.936, 3.3618, -1.9502, -4.5711
1202.27, 642.894, 1683.78, -482.546, -42.2956, 402.076, 3.3618, -1.9502, -4.5711
1194.36, 642.201, 1690.23, -482.304, -42.2745, 391.22, 3.3618, -1.9502, -4.5711
1186.45, 641.508, 1696.52, -482.063, -42.2533, 380.37, 3.3618, -1.9502, -4.5711
1178.56, 640.816, 1702.62, -481.822, -42.2322, 369.526, 3.3618, -1.9502, -4.5711
1170.66, 640.124, 1708.54, -481.581, -42.2111, 358.686, 3.3618, -1.9502, -4.5711
1162.77, 639.432, 1714.29, -481.341, -42.19, 347.853, 3.3618, -1.9502, -4.5711
1154.88, 638.741, 1719.86, -481.1, -42.1689, 337.024, 3.3618, -1.9502, -4.5711
1147, 638.05, 1725.25, -480.859, -42.1478, 326.202, 3.3618, -1.9502, -4.5711
1139.12, 637.359, 1730.46, -480.619, -42.1268, 315.384, 3.3618, -1.9502, -4.5711
1131.24, 636.669, 1735.5, -480.379, -42.1057, 304.572, 3.3618, -1.9502, -4.5711
1123.37, 635.979, 1740.36, -480.139, -42.0846, 293.765, 3.3618, -1.9502, -4.5711
1115.5, 635.289, 1745.04, -479.899, -42.0636, 282.964, 3.3618, -1.9502, -4.5711
1107.64, 634.6, 1749.55, -479.659, -42.0426, 272.168, 3.3618, -1.9502, -4.5711
1099.77, 633.911, 1753.88, -479.419, -42.0216, 261.378, 3.3618, -1.9502, -4.5711
1091.92, 633.222, 1758.03, -479.179, -42.0005, 250.593, 3.3618, -1.9502, -4.5711
1084.07, 632.534, 1762.01, -478.94, -41.9795, 239.813, 3.3618, -1.9502, -4.5711
1076.22, 631.846, 1765.81, -478.7, -41.9586, 229.039, 3.3618, -1.9502, -4.5711
1068.37, 631.158, 1769.43, -478.461, -41.9376, 218.27, 3.3618, -1.9502, -4.5711
1060.53, 630.471, 1772.87, -478.222, -41.9166, 207.506, 3.3618, -1.9502, -4.5711
1052.7, 629.784, 1776.14, -477.983, -41.8957, 196.748, 3.3618, -1.9502, -4.5711
1044.86, 629.098, 1779.24, -477.744, -41.8747, 185.995, 3.3618, -1.9502, -4.5711
1037.03, 628.411, 1782.15, -477.505, -41.8538, 175.248, 3.3618, -1.9502, -4.5711
1029.21, 627.726, 1784.9, -477.266, -41.8329, 164.506, 3.3618, -1.9502, -4.5711
1021.39, 627.04, 1787.46, -477.027, -41.8119, 153.769, 3.3618, -1.9502, -4.5711
1013.57, 626.355, 1789.85, -476.789, -41.791, 143.038, 3.3618, -1.9502, -4.5711
1005.76, 625.67, 1792.06, -476.551, -41.7701, 132.312, 3.3618, -1.9502, -4.5711
997.948, 624.986, 1794.1, -476.312, -41.7493, 121.591, 3.3618, -1.9502, -4.5711
990.143, 624.301, 1795.96, -476.074, -41.7284, 110.876, 3.3618, -1.9502, -4.5711
982.341, 623.618, 1797.65, -475.836, -41.7075, 100.166, 3.3618, -1.9502, -4.5711
974.543, 622.934, 1799.16, -475.598, -41.6867, 89.4619, 3.3618, -1.9502, -4.5711
966.75, 622.251, 1800.49, -475.361, -41.6658, 78.7628, 3.3618, -1.9502, -4.5711
958.96, 621.568, 1801.65, -475.123, -41.645, 68.069, 3.3618, -1.9502, -4.5711
951.174, 620.886, 1802.64, -474.885, -41.6242, 57.3806, 3.3618, -1.9502, -4.5711
943.392, 620.204, 1803.45, -474.648, -41.6034, 46.6975, 3.3618, -1.9502, -4.5711
935.613, 619.522, 1804.08, -474.411, -41.5826, 36.0198, 3.3618, -1.9502, -4.5711
927.839, 618.84, 1804.54, -474.174, -41.5618, 25.3473, 3.3618, -1.9502, -4.5711
920.069, 618.159, 1804.82, -473.937, -41.541, 14.6803, 3.3618, -1.9502, -4.5711
912.302, 617.479, 1804.93, -473.7, -41.5202, 4.01852, 3.3618, -1.9502, -4.5711
904.539, 616.798, 1804.87, -473.463, -41.4995, -6.6379, 3.3618, -1.9502, -4.5711
896.781, 616.118, 1804.63, -473.226, -41.4787, -17.289, 3.3618, -1.9502, -4.5711
889.026, 615.438, 1804.21, -472.989, -41.458, -27.9347, 3.3618, -1.9502, -4.5711
881.275, 614.759, 1803.63, -472.753, -41.4373, -38.5752, 3.3618, -1.9502, -4.5711
873.528, 614.08, 1802.86, -472.517, -41.4166, -49.2103, 3.3618, -1.9502, -4.5711
865.784, 613.401, 1801.92, -472.28, -41.3959, -59.8401, 3.3618, -1.9502, -4.5711
858.045, 612.723, 1800.81, -472.044, -41.3752, -70.4646, 3.3618, -1.9502, -4.5711
850.309, 612.045, 1799.53, -471.808, -41.3545, -81.0838, 3.3618, -1.9502, -4.5711
842.578, 611.367, 1798.07, -471.572, -41.3338, -91.6976, 3.3618, -1.9502, -4.5711
834.85, 610.69, 1796.43, -471.337, -41.3131, -102.306, 3.3618, -1.9502, -4.5711
827.126, 610.013, 1794.63, -471.101, -41.2925, -112.909, 3.3618, -1.9502, -4.5711
819.406, 609.336, 1792.65, -470.865, -41.2718, -123.507, 3.3618, -1.9502, -4.5711
811.69, 608.66, 1790.49, -470.63, -41.2512, -134.1, 3.3618, -1.9502, -4.5711
803.977, 607.984, 1788.16, -470.395, -41.2306, -144.687, 3.3618, -1.9502, -4.5711
796.269, 607.308, 1785.66, -470.16, -41.21, -155.27, 3.3618, -1.9502, -4.5711
788.564, 606.633, 1782.98, -469.925, -41.1894, -165.846, 3.3618, -1.9502, -4.5711
780.863, 605.958, 1780.14, -469.69, -41.1688, -176.418, 3.3618, -1.9502, -4.5711
773.166, 605.283, 1777.11, -469.455, -41.1482, -186.984, 3.3618, -1.9502, -4.5711
765.473, 604.609, 1773.92, -469.22, -41.1276, -197.545, 3.3618, -1.9502, -4.5711
757.784, 603.935, 1770.55, -468.986, -41.1071, -208.101, 3.3618, -1.9502, -4.5711
750.099, 603.261, 1767.01, -468.751, -41.0865, -218.651, 3.3618, -1.9502, -4.5711
742.417, 602.588, 1763.29, -468.517, -41.066, -229.196, 3.3618, -1.9502, -4.5711
734.739, 601.915, 1759.41, -468.282, -41.0454, -239.736, 3.3618, -1.9502, -4.5711
727.066, 601.242, 1755.35, -468.048, -41.0249, -250.27, 3.3618, -1.9502, -4.5711
719.396, 600.57, 1751.12, -467.814, -41.0044, -260.8, 3.3618, -1.9502, -4.5711
711.729, 599.898, 1746.71, -467.581, -40.9839, -271.324, 3.3618, -1.9502, -4.5711
704.067, 599.227, 1742.13, -467.347, -40.9634, -281.842, 3.3618, -1.9502, -4.5711
696.408, 598.555, 1737.38, -467.113, -40.9429, -292.356, 3.3618, -1.9502, -4.5711
688.754, 597.884, 1732.46, -466.88, -40.9225, -302.864, 3.3618, -1.9502, -4.5711
681.103, 597.214, 1727.37, -466.646, -40.902, -313.367, 3.3618, -1.9502, -4.5711
673.456, 596.543, 1722.1, -466.413, -40.8816, -323.865, 3.3618, -1.9502, -4.5711
665.812, 595.873, 1716.66, -466.18, -40.8611, -334.358, 3.3618, -1.9502, -4.5711
658.173, 595.204, 1711.05, -465.947, -40.8407, -344.845, 3.3618, -1.9502, -4.5711
650.537, 594.535, 1705.27, -465.714, -40.8203, -355.327, 3.3618, -1.9502, -4.5711
642.906, 593.866, 1699.32, -465.481, -40.7999, -365.804, 3.3618, -1.9502, -4.5711
635.278, 593.197, 1693.19, -465.248, -40.7795, -376.275, 3.3618, -1.9502, -4.5711
627.654, 592.529, 1686.89, -465.016, -40.7591, -386.741, 3.3618, -1.9502, -4.5711
620.033, 591.861, 1680.43, -464.783, -40.7387, -397.202, 3.3618, -1.9502, -4.5711
612.417, 591.193, 1673.79, -464.551, -40.7183, -407.658, 3.3618, -1.9502, -4.5711
604.804, 590.526, 1666.97, -464.318, -40.698, -418.109, 3.3618, -1.9502, -4.5711
597.195, 589.859, 1659.99, -464.086, -40.6776, -428.554, 3.3618, -1.9502, -4.5711
589.59, 589.193, 1652.84, -463.854, -40.6573, -438.994, 3.3618, -1.9502, -4.5711
581.989, 588.526, 1645.51, -463.622, -40.637, -449.429, 3.3618, -1.9502, -4.5711
574.391, 587.86, 1638.02, -463.391, -40.6166, -459.859, 3.3618, -1.9502, -4.5711
566.797, 587.195, 1630.35, -463.159, -40.5963, -470.284, 3.3618, -1.9502, -4.5711
559.207, 586.529, 1622.51, -462.927, -40.576, -480.703, 3.3618, -1.9502, -4.5711
551.621, 585.865, 1614.5, -462.696, -40.5558, -491.117, 3.3618, -1.9502, -4.5711
544.039, 585.2, 1606.33, -462.465, -40.5355, -501.526, 3.3618, -1.9502, -4.5711
536.46, 584.536, 1597.98, -462.233, -40.5152, -511.93, 3.3618, -1.9502, -4.5711
528.886, 583.872, 1589.46, -462.002, -40.495, -522.328, 3.3618, -1.9502, -4.5711
521.315, 583.208, 1580.77, -461.771, -40.4747, -532.721, 3.3618, -1.9502, -4.5711
513.747, 582.545, 1571.9, -461.54, -40.4545, -543.109, 3.3618, -1.9502, -4.5711
506.184, 581.882, 1562.87, -461.31, -40.4342, -553.492, 3.3618, -1.9502, -4.5711
498.624, 581.219, 1553.67, -461.079, -40.414, -563.87, 3.3618, -1.9502, -4.5711
491.069, 580.557, 1544.3, -460.849, -40.3938, -574.242, 3.3618, -1.9502, -4.5711
483.517, 579.895, 1534.76, -460.618, -40.3736, -584.61, 3.3618, -1.9502, -4.5711
475.968, 579.233, 1525.05, -460.388, -40.3535, -594.972, 3.3618, -1.9502, -4.5711
468.424, 578.572, 1515.17, -460.158, -40.3333, -605.329, 3.3618, -1.9502, -4.5711
460.883, 577.911, 1505.12, -459.928, -40.3131, -615.681, 3.3618, -1.9502, -4.5711
453.346, 577.251, 1494.9, -459.698, -40.293, -626.027, 3.3618, -1.9502, -4.5711
445.813, 576.59, 1484.51, -459.468, -40.2728, -636.369, 3.3618, -1.9502, -4.5711
438.283, 575.93, 1473.95, -459.238, -40.2527, -646.705, 3.3618, -1.9502, -4.5711
430.758, 575.271, 1463.22, -459.009, -40.2326, -657.036, 3.3618, -1.9502, -4.5711
423.236, 574.611, 1452.32, -458.779, -40.2124, -667.362, 3.3618, -1.9502, -4.5711
415.718, 573.952, 1441.25, -458.55, -40.1923, -677.683, 3.3618, -1.9502, -4.5711
408.203, 573.294, 1430.02, -458.321, -40.1722, -687.998, 3.3618, -1.9502, -4.5711
400.693, 572.635, 1418.61, -458.091, -40.1522, -698.309, 3.3618, -1.9502, -4.5711
393.186, 571.977, 1407.04, -457.862, -40.1321, -708.614, 3.3618, -1.9502, -4.5711
385.683, 571.32, 1395.29, -457.634, -40.112, -718.914, 3.3618, -1.9502, -4.5711
378.183, 570.662, 1383.38, -457.405, -40.092, -729.209, 3.3618, -1.9502, -4.5711
370.688, 570.005, 1371.3, -457.176, -40.0719, -739.499, 3.3618, -1.9502, -4.5711
363.196, 569.349, 1359.05, -456.948, -40.0519, -749.784, 3.3618, -1.9502, -4.5711
355.708, 568.693, 1346.63, -456.719, -40.0319, -760.063, 3.3618, -1.9502, -4.5711
348.223, 568.036, 1334.05, -456.491, -40.0119, -770.338, 3.3618, -1.9502, -4.5711
340.742, 567.381, 1321.29, -456.263, -39.9919, -780.607, 3.3618, -1.9502, -4.5711
333.266, 566.725, 1308.37, -456.034, -39.9719, -790.871, 3.3618, -1.9502, -4.5711
325.792, 566.07, 1295.28, -455.806, -39.9519, -801.13, 3.3618, -1.9502, -4.5711
318.323, 565.416, 1282.02, -455.579, -39.9319, -811.384, 3.3618, -1.9502, -4.5711
310.857, 564.761, 1268.59, -455.351, -39.9119, -821.633, 3.3618, -1.9502, -4.5711
303.395, 564.107, 1255, -455.123, -39.892, -831.876, 3.3618, -1.9502, -4.5711
295.937, 563.454, 1241.23, -454.896, -39.872, -842.115, 3.3618, -1.9502, -4.5711
288.483, 562.8, 1227.3, -454.668, -39.8521, -852.348, 3.3618, -1.9502, -4.5711
281.032, 562.147, 1213.2, -454.441, -39.8322, -862.576, 3.3618, -1.9502, -4.5711
273.585, 561.494, 1198.94, -454.214, -39.8123, -872.8, 3.3618, -1.9502, -4.5711
266.141, 560.842, 1184.5, -453.987, -39.7924, -883.018, 3.3618, -1.9502, -4.5711
258.702, 560.19, 1169.9, -453.76, -39.7725, -893.231, 3.3618, -1.9502, -4.5711
251.266, 559.538, 1155.13, -453.533, -39.7526, -903.438, 3.3618, -1.9502, -4.5711
243.834, 558.887, 1140.2, -453.306, -39.7327, -913.641, 3.3618, -1.9502, -4.5711
236.405, 558.235, 1125.09, -453.079, -39.7129, -923.839, 3.3618, -1.9502, -4.5711
228.981, 557.585, 1109.82, -452.853, -39.693, -934.031, 3.3618, -1.9502, -4.5711
221.559, 556.934, 1094.39, -452.627, -39.6732, -944.219, 3.3618, -1.9502, -4.5711
214.142, 556.284, 1078.78, -452.4, -39.6533, -954.401, 3.3618, -1.9502, -4.5711
206.729, 555.634, 1063.01, -452.174, -39.6335, -964.578, 3.3618, -1.9502, -4.5711
199.319, 554.985, 1047.07, -451.948, -39.6137, -974.751, 3.3618, -1.9502, -4.5711
191.912, 554.336, 1030.97, -451.722, -39.5939, -984.918, 3.3618, -1.9502, -4.5711
184.51, 553.687, 1014.7, -451.496, -39.5741, -995.08, 3.3618, -1.9502, -4.5711
177.111, 553.038, 998.26, -451.271, -39.5543, -1005.24, 3.3618, -1.9502, -4.5711
169.716, 552.39, 981.656, -451.045, -39.5345, -1015.39, 3.3618, -1.9502, -4.5711
162.325, 551.742, 964.885, -450.819, -39.5148, -1025.54, 3.3618, -1.9502, -4.5711
154.937, 551.095, 947.949, -450.594, -39.495, -1035.68, 3.3618, -1.9502, -4.5711
147.553, 550.447, 930.846, -450.369, -39.4753, -1045.81, 3.3618, -1.9502, -4.5711
140.173, 549.8, 913.577, -450.144, -39.4555, -1055.95, 3.3618, -1.9502, -4.5711
132.796, 549.154, 896.142, -449.919, -39.4358, -1066.07, 3.3618, -1.9502, -4.5711
125.423, 548.508, 878.541, -449.694, -39.4161, -1076.19, 3.3618, -1.9502, -4.5711
118.054, 547.862, 860.774, -449.469, -39.3964, -1086.31, 3.3618, -1.9502, -4.5711
110.688, 547.216, 842.841, -449.244, -39.3767, -1096.42, 3.3618, -1.9502, -4.5711
103.326, 546.571, 824.743, -449.02, -39.357, -1106.53, 3.3618, -1.9502, -4.5711
95.968, 545.926, 806.479, -448.795, -39.3373, -1116.63, 3.3618, -1.9502, -4.5711
88.6135, 545.281, 788.049, -448.571, -39.3177, -1126.72, 3.3618, -1.9502, -4.5711
81.2626, 544.637, 769.454, -448.346, -39.298, -1136.82, 3.3618, -1.9502, -4.5711
73.9155, 543.993, 750.694, -448.122, -39.2784, -1146.9, 3.3618, -1.9502, -4.5711
66.5719, 543.349, 731.768, -447.898, -39.2587, -1156.98, 3.3618, -1.9502, -4.5711
59.2321, 542.706, 712.677, -447.674, -39.2391, -1167.06, 3.3618, -1.9502, -4.5711
51.8959, 542.063, 693.421, -447.451, -39.2195, -1177.13, 3.3618, -1.9502, -4.5711
44.5634, 541.42, 674, -447.227, -39.1999, -1187.2, 3.3618, -1.9502, -4.5711
37.2346, 540.778, 654.414, -447.003, -39.1803, -1197.26, 3.3618, -1.9502, -4.5711
29.9094, 540.136, 634.664, -446.78, -39.1607, -1207.31, 3.3618, -1.9502, -4.5711
22.5879, 539.494, 614.748, -446.556, -39.1411, -1217.36, 3.3618, -1.9502, -4.5711
15.2701, 538.853, 594.668, -446.333, -39.1215, -1227.41, 3.3618, -1.9502, -4.5711
7.95587, 538.212, 574.423, -446.11, -39.102, -1237.45, 3.3618, -1.9502, -4.5711
0.645335, 537.571, 554.013, -445.887, -39.0824, -1247.49, 3.3618, -1.9502, -4.5711
-6.66155, 536.93, 533.44, -445.664, -39.0629, -1257.52, 3.3618, -1.9502, -4.5711
-13.9648, 536.29, 512.701, -445.441, -39.0434, -1267.54, 3.3618, -1.9502, -4.5711
-21.2644, 535.65, 491.799, -445.219, -39.0238, -1277.56, 3.3618, -1.9502, -4.5711
-28.5603, 535.011, 470.732, -444.996, -39.0043, -1287.58, 3.3618, -1.9502, -4.5711
-35.8526, 534.372, 449.501, -444.774, -38.9848, -1297.59, 3.3618, -1.9502, -4.5711
-43.1412, 533.733, 428.106, -444.551, -38.9653, -1307.59, 3.3618, -1.9502, -4.5711
-50.4262, 533.094, 406.547, -444.329, -38.9459, -1317.6, 3.3618, -1.9502, -4.5711
-57.7075, 532.456, 384.824, -444.107, -38.9264, -1327.59, 3.3618, -1.9502, -4.5711
-64.9852, 531.818, 362.938, -443.885, -38.9069, -1337.58, 3.3618, -1.9502, -4.5711
-72.2593, 531.181, 340.887, -443.663, -38.8875, -1347.57, 3.3618, -1.9502, -4.5711
-79.5297, 530.543, 318.673, -443.441, -38.868, -1357.55, 3.3618, -1.9502, -4.5711
-86.7965, 529.906, 296.296, -443.219, -38.8486, -1367.52, 3.3618, -1.9502, -4.5711
-94.0597, 529.27, 273.755, -442.998, -38.8292, -1377.49, 3.3618, -1.9502, -4.5711
-101.319, 528.634, 251.05, -442.776, -38.8098, -1387.46, 3.3618, -1.9502, -4.5711
-108.575, 527.998, 228.183, -442.555, -38.7904, -1397.42, 3.3618, -1.9502, -4.5711
-115.827, 527.362, 205.152, -442.334, -38.771, -1407.38, 3.3618, -1.9502, -4.5711
-123.076, 526.727, 181.958, -442.113, -38.7516, -1417.33, 3.3618, -1.9502, -4.5711
-130.321, 526.091, 158.6, -441.891, -38.7322, -1427.27, 3.3618, -1.9502, -4.5711
-137.563, 525.457, 135.08, -441.671, -38.7129, -1437.21, 3.3618, -1.9502, -4.5711
-144.8, 524.822, 111.397, -441.45, -38.6935, -1447.15, 3.3618, -1.9502, -4.5711
-151.732, 523.881, 97.1059, -367.513, -113.739, 874.249, 1.26622, -3.84472, -4.42886
-157.755, 522.017, 111.301, -367.329, -113.683, 863.157, 1.26622, -3.84472, -4.42886
-163.774, 520.154, 125.315, -367.145, -113.626, 852.071, 1.26622, -3.84472, -4.42886
-169.791, 518.292, 139.147, -366.962, -113.569, 840.991, 1.26622, -3.84472, -4.42886
-175.804, 516.431, 152.798, -366.778, -113.512, 829.916, 1.26622, -3.84472, -4.42886
-181.815, 514.571, 166.267, -366.595, -113.455, 818.847, 1.26622, -3.84472, -4.42886
-187.822, 512.711, 179.555, -366.412, -113.399, 807.783, 1.26622, -3.84472, -4.42886
-193.827, 510.853, 192.661, -366.228, -113.342, 796.725, 1.26622, -3.84472, -4.42886
-199.828, 508.996, 205.586, -366.045, -113.285, 785.672, 1.26622, -3.84472, -4.42886
-205.827, 507.139, 218.33, -365.862, -113.229, 774.625, 1.26622, -3.84472, -4.42886
-211.822, 505.284, 230.893, -365.679, -113.172, 763.583, 1.26622, -3.84472, -4.42886
-217.815, 503.429, 243.275, -365.497, -113.115, 752.547, 1.26622, -3.84472, -4.42886
-223.804, 501.576, 255.477, -365.314, -113.059, 741.516, 1.26622, -3.84472, -4.42886
-229.791, 499.723, 267.497, -365.131, -113.002, 730.491, 1.26622, -3.84472, -4.42886
-235.774, 497.871, 279.337, -364.949, -112.946, 719.472, 1.26622, -3.84472, -4.42886
-241.755, 496.02, 290.996, -364.766, -112.889, 708.458, 1.26622, -3.84472, -4.42886
-247.732, 494.17, 302.475, -364.584, -112.833, 697.449, 1.26622, -3.84472, -4.42886
-253.707, 492.321, 313.773, -364.402, -112.777, 686.446, 1.26622, -3.84472, -4.42886
-259.679, 490.473, 324.891, -364.219, -112.72, 675.448, 1.26622, -3.84472, -4.42886
-265.647, 488.626, 335.829, -364.037, -112.664, 664.456, 1.26622, -3.84472, -4.42886
-271.613, 486.78, 346.586, -363.855, -112.608, 653.47, 1.26622, -3.84472, -4.42886
-277.575, 484.934, 357.164, -363.673, -112.551, 642.489, 1.26622, -3.84472, -4.42886
-283.535, 483.09, 367.562, -363.492, -112.495, 631.513, 1.26622, -3.84472, -4.42886
-289.492, 481.246, 377.78, -363.31, -112.439, 620.543, 1.26622, -3.84472, -4.42886
-295.445, 479.404, 387.818, -363.128, -112.383, 609.578, 1.26622, -3.84472, -4.42886
-301.396, 477.562, 397.676, -362.947, -112.326, 598.619, 1.26622, -3.84472, -4.42886
-307.344, 475.721, 407.355, -362.765, -112.27, 587.665, 1.26622, -3.84472, -4.42886
-313.288, 473.882, 416.854, -362.584, -112.214, 576.717, 1.26622, -3.84472, -4.42886
-319.23, 472.043, 426.174, -362.403, -112.158, 565.774, 1.26622, -3.84472, -4.42886
-325.169, 470.205, 435.314, -362.221, -112.102, 554.837, 1.26622, -3.84472, -4.42886
-331.105, 468.368, 444.276, -362.04, -112.046, 543.905, 1.26622, -3.84472, -4.42886
-337.038, 466.532, 453.058, -361.859, -111.99, 532.979, 1.26622, -3.84472, -4.42886
-342.967, 464.696, 461.661, -361.678, -111.934, 522.058, 1.26622, -3.84472, -4.42886
-348.894, 462.862, 470.085, -361.498, -111.878, 511.143, 1.26622, -3.84472, -4.42886
-354.818, 461.029, 478.33, -361.317, -111.822, 500.233, 1.26622, -3.84472, -4.42886
-360.739, 459.196, 486.397, -361.136, -111.766, 489.328, 1.26622, -3.84472, -4.42886
-366.657, 457.365, 494.284, -360.956, -111.71, 478.429, 1.26622, -3.84472, -4.42886
-372.573, 455.534, 501.994, -360.775, -111.654, 467.536, 1.26622, -3.84472, -4.42886
-378.485, 453.704, 509.524, -360.595, -111.598, 456.648, 1.26622, -3.84472, -4.42886
-384.394, 451.876, 516.876, -360.415, -111.543, 445.765, 1.26622, -3.84472, -4.42886
-390.3, 450.048, 524.05, -360.234, -111.487, 434.888, 1.26622, -3.84472, -4.42886
-396.203, 448.221, 531.046, -360.054, -111.431, 424.016, 1.26622, -3.84472, -4.42886
-402.104, 446.395, 537.863, -359.874, -111.375, 413.149, 1.26622, -3.84472, -4.42886
-408.001, 444.57, 544.503, -359.694, -111.32, 402.288, 1.26622, -3.84472, -4.42886
-413.895, 442.745, 550.964, -359.515, -111.264, 391.433, 1.26622, -3.84472, -4.42886
-419.787, 440.922, 557.248, -359.335, -111.209, 380.583, 1.26622, -3.84472, -4.42886
-425.675, 439.1, 563.353, -359.155, -111.153, 369.738, 1.26622, -3.84472, -4.42886
-431.561, 437.278, 569.281, -358.976, -111.097, 358.899, 1.26622, -3.84472, -4.42886
-437.444, 435.457, 575.032, -358.796, -111.042, 348.065, 1.26622, -3.84472, -4.42886
-443.323, 433.638, 580.605, -358.617, -110.986, 337.237, 1.26622, -3.84472, -4.42886
-449.2, 431.819, 586, -358.438, -110.931, 326.414, 1.26622, -3.84472, -4.42886
-455.074, 430.001, 591.218, -358.258, -110.875, 315.596, 1.26622, -3.84472, -4.42886
-460.945, 428.184, 596.259, -358.079, -110.82, 304.784, 1.26622, -3.84472, -4.42886
-466.813, 426.368, 601.122, -357.9, -110.765, 293.977, 1.26622, -3.84472, -4.42886
-472.678, 424.553, 605.809, -357.721, -110.709, 283.176, 1.26622, -3.84472, -4.42886
-478.54, 422.739, 610.318, -357.542, -110.654, 272.38, 1.26622, -3.84472, -4.42886
-484.399, 420.926, 614.651, -357.364, -110.598, 261.589, 1.26622, -3.84472, -4.42886
-490.255, 419.113, 618.807, -357.185, -110.543, 250.804, 1.26622, -3.84472, -4.42886
-496.108, 417.302, 622.786, -357.007, -110.488, 240.024, 1.26622, -3.84472, -4.42886
-501.959, 415.491, 626.588, -356.828, -110.433, 229.25, 1.26622, -3.84472, -4.42886
-507.806, 413.681, 630.214, -356.65, -110.377, 218.481, 1.26622, -3.84472, -4.42886
-513.651, 411.873, 633.663, -356.471, -110.322, 207.717, 1.26622, -3.84472, -4.42886
-519.492, 410.065, 636.936, -356.293, -110.267, 196.959, 1.26622, -3.84472, -4.42886
-525.331, 408.258, 640.033, -356.115, -110.212, 186.206, 1.26622, -3.84472, -4.42886
-531.167, 406.452, 642.953, -355.937, -110.157, 175.459, 1.26622, -3.84472, -4.42886
-537, 404.646, 645.697, -355.759, -110.102, 164.716, 1.26622, -3.84472, -4.42886
-542.83, 402.842, 648.266, -355.581, -110.047, 153.98, 1.26622, -3.84472, -4.42886
-548.657, 401.039, 650.658, -355.403, -109.992, 143.248, 1.26622, -3.84472, -4.42886
-554.481, 399.236, 652.874, -355.226, -109.937, 132.522, 1.26622, -3.84472, -4.42886
-560.302, 397.435, 654.915, -355.048, -109.882, 121.802, 1.26622, -3.84472, -4.42886
-566.12, 395.634, 656.78, -354.871, -109.827, 111.086, 1.26622, -3.84472, -4.42886
-571.936, 393.834, 658.469, -354.693, -109.772, 100.376, 1.26622, -3.84472, -4.42886
-577.748, 392.035, 659.983, -354.516, -109.717, 89.6718, 1.26622, -3.84472, -4.42886
-583.558, 390.238, 661.322, -354.339, -109.662, 78.9725, 1.26622, -3.84472, -4.42886
-589.364, 388.44, 662.485, -354.161, -109.607, 68.2786, 1.26622, -3.84472, -4.42886
-595.168, 386.644, 663.473, -353.984, -109.553, 57.5901, 1.26622, -3.84472, -4.42886
-600.969, 384.849, 664.286, -353.807, -109.498, 46.9069, 1.26622, -3.84472, -4.42886
-606.767, 383.055, 664.923, -353.631, -109.443, 36.2291, 1.26622, -3.84472, -4.42886
-612.562, 381.261, 665.386, -353.454, -109.388, 25.5565, 1.26622, -3.84472, -4.42886
-618.354, 379.469, 665.674, -353.277, -109.334, 14.8894, 1.26622, -3.84472, -4.42886
-624.143, 377.677, 665.787, -353.1, -109.279, 4.22751, 1.26622, -3.84472, -4.42886
-629.93, 375.886, 665.725, -352.924, -109.224, -6.42901, 1.26622, -3.84472, -4.42886
-635.713, 374.096, 665.489, -352.748, -109.17, -17.0802, 1.26622, -3.84472, -4.42886
-641.494, 372.307, 665.078, -352.571, -109.115, -27.7261, 1.26622, -3.84472, -4.42886
-647.271, 370.519, 664.492, -352.395, -109.061, -38.3666, 1.26622, -3.84472, -4.42886
-653.046, 368.732, 663.733, -352.219, -109.006, -49.0018, 1.26622, -3.84472, -4.42886
-658.818, 366.946, 662.799, -352.043, -108.952, -59.6317, 1.26622, -3.84472, -4.42886
-664.587, 365.16, 661.69, -351.867, -108.897, -70.2563, 1.26622, -3.84472, -4.42886
-670.353, 363.376, 660.408, -351.691, -108.843, -80.8756, 1.26622, -3.84472, -4.42886
-676.117, 361.592, 658.952, -351.515, -108.788, -91.4896, 1.26622, -3.84472, -4.42886
-681.877, 359.809, 657.322, -351.339, -108.734, -102.098, 1.26622, -3.84472, -4.42886
-687.634, 358.027, 655.517, -351.164, -108.68, -112.702, 1.26622, -3.84472, -4.42886
-693.389, 356.246, 653.54, -350.988, -108.625, -123.3, 1.26622, -3.84472, -4.42886
-699.141, 354.466, 651.388, -350.813, -108.571, -133.892, 1.26622, -3.84472, -4.42886
-704.89, 352.687, 649.063, -350.637, -108.517, -144.48, 1.26622, -3.84472, -4.42886
-710.636, 350.909, 646.564, -350.462, -108.462, -155.062, 1.26622, -3.84472, -4.42886
-716.379, 349.131, 643.892, -350.287, -108.408, -165.639, 1.26622, -3.84472, -4.42886
-722.119, 347.355, 641.047, -350.111, -108.354, -176.211, 1.26622, -3.84472, -4.42886
-727.856, 345.579, 638.028, -349.936, -108.3, -186.777, 1.26622, -3.84472, -4.42886
-733.591, 343.805, 634.836, -349.762, -108.246, -197.338, 1.26622, -3.84472, -4.42886
-739.323, 342.031, 631.472, -349.587, -108.192, -207.894, 1.26622, -3.84472, -4.42886
-745.051, 340.258, 627.934, -349.412, -108.137, -218.444, 1.26622, -3.84472, -4.42886
-750.777, 338.486, 624.223, -349.237, -108.083, -228.989, 1.26622, -3.84472, -4.42886
-756.5, 336.714, 620.34, -349.063, -108.029, -239.529, 1.26622, -3.84472, -4.42886
-762.221, 334.944, 616.283, -348.888, -107.975, -250.064, 1.26622, -3.84472, -4.42886
-767.938, 333.175, 612.055, -348.714, -107.921, -260.593, 1.26622, -3.84472, -4.42886
-773.652, 331.406, 607.653, -348.539, -107.867, -271.117, 1.26622, -3.84472, -4.42886
-779.364, 329.639, 603.079, -348.365, -107.814, -281.636, 1.26622, -3.84472, -4.42886
-785.073, 327.872, 598.333, -348.191, -107.76, -292.15, 1.26622, -3.84472, -4.42886
-790.779, 326.106, 593.414, -348.017, -107.706, -302.658, 1.26622, -3.84472, -4.42886
-796.482, 324.341, 588.324, -347.843, -107.652, -313.161, 1.26622, -3.84472, -4.42886
-802.182, 322.577, 583.061, -347.669, -107.598, -323.659, 1.26622, -3.84472, -4.42886
-807.879, 320.814, 577.626, -347.495, -107.544, -334.152, 1.26622, -3.84472, -4.42886
-813.574, 319.051, 572.019, -347.321, -107.491, -344.639, 1.26622, -3.84472, -4.42886
-819.265, 317.29, 566.24, -347.148, -107.437, -355.121, 1.26622, -3.84472, -4.42886
-824.954, 315.529, 560.29, -346.974, -107.383, -365.598, 1.26622, -3.84472, -4.42886
-830.64, 313.769, 554.168, -346.801, -107.329, -376.07, 1.26622, -3.84472, -4.42886
-836.323, 312.011, 547.874, -346.627, -107.276, -386.536, 1.26622, -3.84472, -4.42886
-842.004, 310.253, 541.409, -346.454, -107.222, -396.997, 1.26622, -3.84472, -4.42886
-847.681, 308.496, 534.772, -346.281, -107.168, -407.453, 1.26622, -3.84472, -4.42886
-853.356, 306.739, 527.964, -346.108, -107.115, -417.904, 1.26622, -3.84472, -4.42886
-859.027, 304.984, 520.985, -345.935, -107.061, -428.349, 1.26622, -3.84472, -4.42886
-864.696, 303.23, 513.834, -345.762, -107.008, -438.79, 1.26622, -3.84472, -4.42886
-870.362, 301.476, 506.513, -345.589, -106.954, -449.225, 1.26622, -3.84472, -4.42886
-876.026, 299.723, 499.02, -345.416, -106.901, -459.654, 1.26622, -3.84472, -4.42886
-881.686, 297.971, 491.357, -345.243, -106.847, -470.079, 1.26622, -3.84472, -4.42886
-887.344, 296.221, 483.522, -345.071, -106.794, -480.498, 1.26622, -3.84472, -4.42886
-892.999, 294.47, 475.517, -344.898, -106.741, -490.913, 1.26622, -3.84472, -4.42886
-898.651, 292.721, 467.342, -344.726, -106.687, -501.322, 1.26622, -3.84472, -4.42886
-904.3, 290.973, 458.995, -344.554, -106.634, -511.725, 1.26622, -3.84472, -4.42886
-909.946, 289.225, 450.478, -344.381, -106.581, -522.124, 1.26622, -3.84472, -4.42886
-915.589, 287.479, 441.791, -344.209, -106.527, -532.517, 1.26622, -3.84472, -4.42886
-921.23, 285.733, 432.934, -344.037, -106.474, -542.905, 1.26622, -3.84472, -4.42886
-926.868, 283.988, 423.906, -343.865, -106.421, -553.288, 1.26622, -3.84472, -4.42886
-932.503, 282.244, 414.708, -343.693, -106.368, -563.666, 1.26622, -3.84472, -4.42886
-938.135, 280.501, 405.34, -343.521, -106.314, -574.039, 1.26622, -3.84472, -4.42886
-943.764, 278.759, 395.802, -343.35, -106.261, -584.406, 1.26622, -3.84472, -4.42886
-949.391, 277.018, 386.094, -343.178, -106.208, -594.769, 1.26622, -3.84472, -4.42886
-955.015, 275.277, 376.217, -343.006, -106.155, -605.126, 1.26622, -3.84472, -4.42886
-960.636, 273.538, 366.169, -342.835, -106.102, -615.477, 1.26622, -3.84472, -4.42886
-966.254, 271.799, 355.952, -342.663, -106.049, -625.824, 1.26622, -3.84472, -4.42886
-971.869, 270.061, 345.566, -342.492, -105.996, -636.166, 1.26622, -3.84472, -4.42886
-977.482, 268.324, 335.01, -342.321, -105.943, -646.502, 1.26622, -3.84472, -4.42886
-983.092, 266.588, 324.284, -342.15, -105.89, -656.833, 1.26622, -3.84472, -4.42886
-988.699, 264.853, 313.39, -341.979, -105.837, -667.159, 1.26622, -3.84472, -4.42886
-994.303, 263.118, 302.326, -341.808, -105.784, -677.48, 1.26622, -3.84472, -4.42886
-999.904, 261.385, 291.092, -341.637, -105.731, -687.796, 1.26622, -3.84472, -4.42886
-1005.5, 259.652, 279.69, -341.466, -105.678, -698.106, 1.26622, -3.84472, -4.42886
-1011.1, 257.921, 268.119, -341.295, -105.626, -708.412, 1.26622, -3.84472, -4.42886
-1016.69, 256.19, 256.379, -341.125, -105.573, -718.712, 1.26622, -3.84472, -4.42886
-1022.28, 254.46, 244.471, -340.954, -105.52, -729.007, 1.26622, -3.84472, -4.42886
-1027.87, 252.73, 232.393, -340.784, -105.467, -739.297, 1.26622, -3.84472, -4.42886
-1033.45, 251.002, 220.147, -340.613, -105.415, -749.582, 1.26622, -3.84472, -4.42886
-1039.03, 249.275, 207.732, -340.443, -105.362, -759.862, 1.26622, -3.84472, -4.42886
-1044.61, 247.548, 195.149, -340.273, -105.309, -770.136, 1.26622, -3.84472, -4.42886
-1050.19, 245.822, 182.398, -340.103, -105.256, -780.405, 1.26622, -3.84472, -4.42886
-1055.76, 244.097, 169.478, -339.933, -105.204, -790.67, 1.26622, -3.84472, -4.42886
-1061.33, 242.373, 156.39, -339.763, -105.151, -800.929, 1.26622, -3.84472, -4.42886
-1066.9, 240.65, 143.134, -339.593, -105.099, -811.183, 1.26622, -3.84472, -4.42886
-1072.47, 238.928, 129.71, -339.423, -105.046, -821.432, 1.26622, -3.84472, -4.42886
-1078.03, 237.207, 116.118, -339.253, -104.994, -831.675, 1.26622, -3.84472, -4.42886
-1083.59, 235.486, 102.358, -339.084, -104.941, -841.914, 1.26622, -3.84472, -4.42886
-1089.16, 233.754, 94.0183, -342.251, -107.872, 511.288, 1.18456, -3.75338, -4.42886
-1094.77, 231.986, 102.266, -342.08, -107.818, 500.378, 1.18456, -3.75338, -4.42886
-1100.37, 230.22, 110.335, -341.909, -107.764, 489.474, 1.18456, -3.75338, -4.42886
-1105.98, 228.454, 118.225, -341.738, -107.71, 478.575, 1.18456, -3.75338, -4.42886
-1111.58, 226.688, 125.936, -341.567, -107.656, 467.681, 1.18456, -3.75338, -4.42886
-1117.17, 224.924, 133.469, -341.396, -107.602, 456.793, 1.18456, -3.75338, -4.42886
-1122.77, 223.161, 140.824, -341.225, -107.549, 445.91, 1.18456, -3.75338, -4.42886
-1128.36, 221.399, 148, -341.055, -107.495, 435.033, 1.18456, -3.75338, -4.42886
-1133.95, 219.637, 154.998, -340.884, -107.441, 424.161, 1.18456, -3.75338, -4.42886
-1139.53, 217.876, 161.818, -340.714, -107.387, 413.294, 1.18456, -3.75338, -4.42886
-1145.12, 216.117, 168.46, -340.544, -107.334, 402.433, 1.18456, -3.75338, -4.42886
-1150.7, 214.358, 174.924, -340.373, -107.28, 391.578, 1.18456, -3.75338, -4.42886
-1156.28, 212.6, 181.21, -340.203, -107.227, 380.728, 1.18456, -3.75338, -4.42886
-1161.85, 210.842, 187.318, -340.033, -107.173, 369.883, 1.18456, -3.75338, -4.42886
-1167.42, 209.086, 193.248, -339.863, -107.119, 359.044, 1.18456, -3.75338, -4.42886
-1172.99, 207.331, 199.001, -339.693, -107.066, 348.21, 1.18456, -3.75338, -4.42886
-1178.56, 205.576, 204.576, -339.523, -107.012, 337.381, 1.18456, -3.75338, -4.42886
-1184.12, 203.823, 209.974, -339.354, -106.959, 326.558, 1.18456, -3.75338, -4.42886
-1189.68, 202.07, 215.194, -339.184, -106.905, 315.74, 1.18456, -3.75338, -4.42886
-1195.24, 200.318, 220.237, -339.014, -106.852, 304.928, 1.18456, -3.75338, -4.42886
-1200.8, 198.567, 225.103, -338.845, -106.798, 294.121, 1.18456, -3.75338, -4.42886
-1206.35, 196.817, 229.792, -338.676, -106.745, 283.32, 1.18456, -3.75338, -4.42886
-1211.9, 195.068, 234.304, -338.506, -106.692, 272.524, 1.18456, -3.75338, -4.42886
-1217.45, 193.319, 238.639, -338.337, -106.638, 261.733, 1.18456, -3.75338, -4.42886
-1222.99, 191.572, 242.797, -338.168, -106.585, 250.948, 1.18456, -3.75338, -4.42886
-1228.53, 189.825, 246.778, -337.999, -106.532, 240.168, 1.18456, -3.75338, -4.42886
-1234.07, 188.079, 250.583, -337.83, -106.478, 229.394, 1.18456, -3.75338, -4.42886
-1239.61, 186.334, 254.211, -337.661, -106.425, 218.624, 1.18456, -3.75338, -4.42886
-1245.14, 184.59, 257.663, -337.492, -106.372, 207.861, 1.18456, -3.75338, -4.42886
-1250.67, 182.847, 260.938, -337.323, -106.319, 197.102, 1.18456, -3.75338, -4.42886
-1256.2, 181.105, 264.037, -337.155, -106.266, 186.35, 1.18456, -3.75338, -4.42886
-1261.73, 179.363, 266.96, -336.986, -106.213, 175.602, 1.18456, -3.75338, -4.42886
-1267.25, 177.623, 269.707, -336.818, -106.159, 164.86, 1.18456, -3.75338, -4.42886
-1272.77, 175.883, 272.277, -336.649, -106.106, 154.123, 1.18456, -3.75338, -4.42886
-1278.29, 174.144, 274.672, -336.481, -106.053, 143.392, 1.18456, -3.75338, -4.42886
-1283.8, 172.407, 276.891, -336.313, -106, 132.665, 1.18456, -3.75338, -4.42886
-1289.31, 170.669, 278.934, -336.145, -105.947, 121.945, 1.18456, -3.75338, -4.42886
-1294.82, 168.933, 280.801, -335.977, -105.894, 111.229, 1.18456, -3.75338, -4.42886
-1300.32, 167.198, 282.493, -335.809, -105.841, 100.519, 1.18456, -3.75338, -4.42886
-1305.83, 165.464, 284.009, -335.641, -105.788, 89.8146, 1.18456, -3.75338, -4.42886
-1311.33, 163.73, 285.35, -335.473, -105.736, 79.1153, 1.18456, -3.75338, -4.42886
-1316.83, 161.997, 286.515, -335.305, -105.683, 68.4214, 1.18456, -3.75338, -4.42886
-1322.32, 160.265, 287.506, -335.138, -105.63, 57.7328, 1.18456, -3.75338, -4.42886
-1327.81, 158.534, 288.321, -334.97, -105.577, 47.0495, 1.18456, -3.75338, -4.42886
-1333.3, 156.804, 288.961, -334.803, -105.524, 36.3716, 1.18456, -3.75338, -4.42886
-1338.79, 155.075, 289.426, -334.635, -105.472, 25.699, 1.18456, -3.75338, -4.42886
-1344.27, 153.347, 289.716, -334.468, -105.419, 15.0317, 1.18456, -3.75338, -4.42886
-1349.75, 151.619, 289.831, -334.301, -105.366, 4.36981, 1.18456, -3.75338, -4.42886
-1355.23, 149.892, 289.772, -334.134, -105.313, -6.28678, 1.18456, -3.75338, -4.42886
-1360.71, 148.167, 289.538, -333.966, -105.261, -16.938, 1.18456, -3.75338, -4.42886
-1366.18, 146.442, 289.129, -333.799, -105.208, -27.584, 1.18456, -3.75338, -4.42886
-1371.65, 144.718, 288.546, -333.633, -105.156, -38.2246, 1.18456, -3.75338, -4.42886
-1377.12, 142.994, 287.789, -333.466, -105.103, -48.8599, 1.18456, -3.75338, -4.42886
-1382.58, 141.272, 286.857, -333.299, -105.05, -59.4899, 1.18456, -3.75338, -4.42886
-1388.04, 139.551, 285.751, -333.133, -104.998, -70.1145, 1.18456, -3.75338, -4.42886
-1393.5, 137.83, 284.471, -332.966, -104.945, -80.7339, 1.18456, -3.75338, -4.42886
-1398.96, 136.11, 283.017, -332.799, -104.893, -91.3479, 1.18456, -3.75338, -4.42886
-1404.41, 134.391, 281.389, -332.633, -104.841, -101.957, 1.18456, -3.75338, -4.42886
-1409.86, 132.673, 279.587, -332.467, -104.788, -112.56, 1.18456, -3.75338, -4.42886
-1415.31, 130.956, 277.612, -332.301, -104.736, -123.158, 1.18456, -3.75338, -4.42886
-1420.76, 129.24, 275.463, -332.134, -104.683, -133.751, 1.18456, -3.75338, -4.42886
-1426.2, 127.524, 273.14, -331.968, -104.631, -144.339, 1.18456, -3.75338, -4.42886
-1431.64, 125.81, 270.644, -331.802, -104.579, -154.921, 1.18456, -3.75338, -4.42886
-1437.08, 124.096, 267.974, -331.637, -104.526, -165.498, 1.18456, -3.75338, -4.42886
-1442.51, 122.383, 265.131, -331.471, -104.474, -176.069, 1.18456, -3.75338, -4.42886
-1447.94, 120.671, 262.114, -331.305, -104.422, -186.636, 1.18456, -3.75338, -4.42886
-1453.37, 118.96, 258.925, -331.139, -104.37, -197.197, 1.18456, -3.75338, -4.42886
-1458.8, 117.249, 255.562, -330.974, -104.318, -207.753, 1.18456, -3.75338, -4.42886
-1464.22, 115.54, 252.027, -330.808, -104.265, -218.303, 1.18456, -3.75338, -4.42886
-1469.64, 113.831, 248.318, -330.643, -104.213, -228.849, 1.18456, -3.75338, -4.42886
-1475.06, 112.123, 244.437, -330.478, -104.161, -239.389, 1.18456, -3.75338, -4.42886
-1480.48, 110.416, 240.383, -330.313, -104.109, -249.923, 1.18456, -3.75338, -4.42886
-1485.89, 108.71, 236.157, -330.147, -104.057, -260.453, 1.18456, -3.75338, -4.42886
-1491.3, 107.005, 231.758, -329.982, -104.005, -270.977, 1.18456, -3.75338, -4.42886
-1496.71, 105.301, 227.186, -329.817, -103.953, -281.496, 1.18456, -3.75338, -4.42886
-1502.11, 103.597, 222.442, -329.652, -103.901, -292.01, 1.18456, -3.75338, -4.42886
-1507.52, 101.895, 217.526, -329.488, -103.849, -302.518, 1.18456, -3.75338, -4.42886
-1512.92, 100.193, 212.437, -329.323, -103.797, -313.021, 1.18456, -3.75338, -4.42886
-1518.31, 98.4919, 207.177, -329.158, -103.745, -323.519, 1.18456, -3.75338, -4.42886
-1523.71, 96.7918, 201.744, -328.994, -103.693, -334.012, 1.18456, -3.75338, -4.42886
-1529.1, 95.0925, 196.14, -328.829, -103.642, -344.499, 1.18456, -3.75338, -4.42886
-1534.49, 93.3941, 190.363, -328.665, -103.59, -354.981, 1.18456, -3.75338, -4.42886
-1539.87, 91.6966, 184.415, -328.501, -103.538, -365.458, 1.18456, -3.75338, -4.42886
-1545.26, 89.9999, 178.295, -328.336, -103.486, -375.93, 1.18456, -3.75338, -4.42886
-1550.64, 88.304, 172.004, -328.172, -103.435, -386.396, 1.18456, -3.75338, -4.42886
-1556.01, 86.609, 165.541, -328.008, -103.383, -396.858, 1.18456, -3.75338, -4.42886
-1561.39, 84.9148, 158.906, -327.844, -103.331, -407.314, 1.18456, -3.75338, -4.42886
-1566.76, 83.2215, 152.101, -327.68, -103.279, -417.764, 1.18456, -3.75338, -4.42886
-1572.13, 81.529, 145.123, -327.516, -103.228, -428.21, 1.18456, -3.75338, -4.42886
-1577.5, 79.8374, 137.975, -327.353, -103.176, -438.65, 1.18456, -3.75338, -4.42886
-1582.86, 78.1466, 130.656, -327.189, -103.125, -449.085, 1.18456, -3.75338, -4.42886
-1588.22, 76.4567, 123.166, -327.025, -103.073, -459.515, 1.18456, -3.75338, -4.42886
-1593.58, 74.7676, 115.504, -326.862, -103.022, -469.94, 1.18456, -3.75338, -4.42886
-1598.94, 73.0794, 107.672, -326.699, -102.97, -480.359, 1.18456, -3.75338, -4.42886
-1604.29, 71.392, 99.6697, -326.535, -102.919, -490.774, 1.18456, -3.75338, -4.42886
-1609.64, 69.7054, 91.4962, -326.372, -102.867, -501.183, 1.18456, -3.75338, -4.42886
-1615.05, 68.0016, 93.1122, -330.745, -104.285, 298.427, 1.14432, -3.62916, -4.42886
-1620.47, 66.2927, 97.8716, -330.58, -104.233, 287.624, 1.14432, -3.62916, -4.42886
-1625.89, 64.5846, 102.454, -330.415, -104.181, 276.826, 1.14432, -3.62916, -4.42886
-1631.3, 62.8773, 106.859, -330.249, -104.129, 266.033, 1.14432, -3.62916, -4.42886
-1636.71, 61.1709, 111.088, -330.084, -104.077, 255.245, 1.14432, -3.62916, -4.42886
-1642.12, 59.4654, 115.14, -329.919, -104.025, 244.463, 1.14432, -3.62916, -4.42886
-1647.53, 57.7607, 119.015, -329.754, -103.973, 233.687, 1.14432, -3.62916, -4.42886
-1652.93, 56.0569, 122.713, -329.59, -103.921, 222.915, 1.14432, -3.62916, -4.42886
-1658.33, 54.3539, 126.235, -329.425, -103.869, 212.15, 1.14432, -3.62916, -4.42886
-1663.73, 52.6518, 129.581, -329.26, -103.817, 201.389, 1.14432, -3.62916, -4.42886
-1669.13, 50.9505, 132.75, -329.095, -103.765, 190.634, 1.14432, -3.62916, -4.42886
-1674.52, 49.2501, 135.743, -328.931, -103.713, 179.884, 1.14432, -3.62916, -4.42886
-1679.91, 47.5505, 138.56, -328.766, -103.661, 169.14, 1.14432, -3.62916, -4.42886
-1685.3, 45.8518, 141.201, -328.602, -103.609, 158.401, 1.14432, -3.62916, -4.42886
-1690.68, 44.1539, 143.665, -328.438, -103.558, 147.667, 1.14432, -3.62916, -4.42886
-1696.06, 42.4569, 145.954, -328.274, -103.506, 136.939, 1.14432, -3.62916, -4.42886
-1701.44, 40.7607, 148.067, -328.109, -103.454, 126.216, 1.14432, -3.62916, -4.42886
-1706.82, 39.0653, 150.005, -327.945, -103.402, 115.499, 1.14432, -3.62916, -4.42886
-1712.19, 37.3708, 151.766, -327.781, -103.351, 104.787, 1.14432, -3.62916, -4.42886
-1717.57, 35.6772, 153.353, -327.618, -103.299, 94.0799, 1.14432, -3.62916, -4.42886
-1722.94, 33.9844, 154.763, -327.454, -103.247, 83.3785, 1.14432, -3.62916, -4.42886
-1728.3, 32.2925, 155.999, -327.29, -103.196, 72.6824, 1.14432, -3.62916, -4.42886
-1733.66, 30.6014, 157.059, -327.126, -103.144, 61.9917, 1.14432, -3.62916, -4.42886
-1739.03, 28.9111, 157.944, -326.963, -103.093, 51.3063, 1.14432, -3.62916, -4.42886
-1744.38, 27.2217, 158.653, -326.799, -103.041, 40.6262, 1.14432, -3.62916, -4.42886
-1749.74, 25.5331, 159.188, -326.636, -102.99, 29.9515, 1.14432, -3.62916, -4.42886
-1755.09, 23.8454, 159.548, -326.473, -102.938, 19.2821, 1.14432, -3.62916, -4.42886
-1760.44, 22.1585, 159.733, -326.31, -102.887, 8.61806, 1.14432, -3.62916, -4.42886
-1765.79, 20.4725, 159.743, -326.147, -102.835, -2.04065, 1.14432, -3.62916, -4.42886
-1771.13, 18.7873, 159.579, -325.983, -102.784, -12.694, 1.14432, -3.62916, -4.42886
-1776.48, 17.103, 159.24, -325.82, -102.732, -23.3421, 1.14432, -3.62916, -4.42886
-1781.81, 15.4195, 158.726, -325.658, -102.681, -33.9848, 1.14432, -3.62916, -4.42886
-1787.15, 13.7368, 158.038, -325.495, -102.63, -44.6222, 1.14432, -3.62916, -4.42886
-1792.49, 12.055, 157.176, -325.332, -102.578, -55.2543, 1.14432, -3.62916, -4.42886
-1797.82, 10.374, 156.139, -325.169, -102.527, -65.8811, 1.14432, -3.62916, -4.42886
-1803.15, 8.69385, 154.929, -325.007, -102.476, -76.5026, 1.14432, -3.62916, -4.42886
-1808.47, 7.01455, 153.544, -324.844, -102.425, -87.1188, 1.14432, -3.62916, -4.42886
-1813.79, 5.33608, 151.986, -324.682, -102.373, -97.7296, 1.14432, -3.62916, -4.42886
-1819.12, 3.65846, 150.253, -324.52, -102.322, -108.335, 1.14432, -3.62916, -4.42886
-1824.43, 1.98167, 148.347, -324.357, -102.271, -118.935, 1.14432, -3.62916, -4.42886
-1829.75, 0.305726, 146.267, -324.195, -102.22, -129.53, 1.14432, -3.62916, -4.42886
-1835.06, -1.36938, 144.013, -324.033, -102.169, -140.12, 1.14432, -3.62916, -4.42886
-1840.37, -3.04365, 141.586, -323.871, -102.118, -150.704, 1.14432, -3.62916, -4.42886
-1845.68, -4.71709, 138.985, -323.709, -102.067, -161.283, 1.14432, -3.62916, -4.42886
-1850.98, -6.38969, 136.211, -323.548, -102.016, -171.857, 1.14432, -3.62916, -4.42886
-1856.29, -8.06145, 133.264, -323.386, -101.965, -182.426, 1.14432, -3.62916, -4.42886
-1861.58, -9.73237, 130.143, -323.224, -101.914, -192.989, 1.14432, -3.62916, -4.42886
-1866.88, -11.4025, 126.85, -323.063, -101.863, -203.547, 1.14432, -3.62916, -4.42886
-1872.18, -13.0717, 123.383, -322.901, -101.812, -214.099, 1.14432, -3.62916, -4.42886
-1877.47, -14.7401, 119.744, -322.74, -101.761, -224.647, 1.14432, -3.62916, -4.42886
-1882.76, -16.4077, 115.931, -322.578, -101.71, -235.189, 1.14432, -3.62916, -4.42886
-1888.04, -18.0745, 111.946, -322.417, -101.659, -245.726, 1.14432, -3.62916, -4.42886
-1893.33, -19.7404, 107.789, -322.256, -101.608, -256.257, 1.14432, -3.62916, -4.42886
-1898.61, -21.4055, 103.458, -322.095, -101.558, -266.784, 1.14432, -3.62916, -4.42886
-1903.88, -23.0697, 98.9553, -321.934, -101.507, -277.305, 1.14432, -3.62916, -4.42886
-1909.16, -24.7332, 94.28, -321.773, -101.456, -287.82, 1.14432, -3.62916, -4.42886
-1914.44, -26.3992, 91.3887, -324.286, -102.249, 178.999, 1.12122, -3.55597, -4.42886
-1919.76, -28.0748, 94.191, -324.123, -102.198, 168.255, 1.12122, -3.55597, -4.42886
-1925.07, -29.7496, 96.8172, -323.961, -102.147, 157.516, 1.12122, -3.55597, -4.42886
-1930.38, -31.4235, 99.2675, -323.799, -102.096, 146.783, 1.12122, -3.55597, -4.42886
-1935.69, -33.0965, 101.542, -323.638, -102.045, 136.055, 1.12122, -3.55597, -4.42886
-1940.99, -34.7688, 103.64, -323.476, -101.994, 125.333, 1.12122, -3.55597, -4.42886
-1946.29, -36.4402, 105.563, -323.314, -101.943, 114.616, 1.12122, -3.55597, -4.42886
-1951.59, -38.1108, 107.311, -323.152, -101.892, 103.904, 1.12122, -3.55597, -4.42886
-1956.88, -39.7805, 108.882, -322.991, -101.841, 93.1976, 1.12122, -3.55597, -4.42886
-1962.18, -41.4494, 110.278, -322.829, -101.79, 82.4966, 1.12122, -3.55597, -4.42886
-1967.47, -43.1175, 111.499, -322.668, -101.739, 71.801, 1.12122, -3.55597, -4.42886
-1972.75, -44.7847, 112.545, -322.507, -101.688, 61.1107, 1.12122, -3.55597, -4.42886
-1978.04, -46.4511, 113.415, -322.345, -101.638, 50.4257, 1.12122, -3.55597, -4.42886
-1983.32, -48.1167, 114.111, -322.184, -101.587, 39.7461, 1.12122, -3.55597, -4.42886
-1988.6, -49.7814, 114.631, -322.023, -101.536, 29.0718, 1.12122, -3.55597, -4.42886
-1993.88, -51.4453, 114.977, -321.862, -101.485, 18.4029, 1.12122, -3.55597, -4.42886
-1999.15, -53.1083, 115.147, -321.701, -101.434, 7.73929, 1.12122, -3.55597, -4.42886
-2004.42, -54.7706, 115.143, -321.54, -101.384, -2.91898, 1.12122, -3.55597, -4.42886
-2009.69, -56.432, 114.964, -321.38, -101.333, -13.5719, 1.12122, -3.55597, -4.42886
-2014.96, -58.0926, 114.611, -321.219, -101.282, -24.2195, 1.12122, -3.55597, -4.42886
-2020.22, -59.7523, 114.083, -321.058, -101.232, -34.8618, 1.12122, -3.55597, -4.42886
-2025.49, -61.4112, 113.38, -320.898, -101.181, -45.4988, 1.12122, -3.55597, -4.42886
-2030.74, -63.0693, 112.504, -320.738, -101.131, -56.1305, 1.12122, -3.55597, -4.42886
-2036, -64.7266, 111.453, -320.577, -101.08, -66.7568, 1.12122, -3.55597, -4.42886
-2041.25, -66.383, 110.228, -320.417, -101.029, -77.3779, 1.12122, -3.55597, -4.42886
-2046.5, -68.0386, 108.829, -320.257, -100.979, -87.9936, 1.12122, -3.55597, -4.42886
-2051.75, -69.6934, 107.256, -320.097, -100.928, -98.604, 1.12122, -3.55597, -4.42886
-2057, -71.3473, 105.509, -319.937, -100.878, -109.209, 1.12122, -3.55597, -4.42886
-2062.24, -73.0004, 103.589, -319.777, -100.828, -119.809, 1.12122, -3.55597, -4.42886
-2067.48, -74.6527, 101.494, -319.617, -100.777, -130.403, 1.12122, -3.55597, -4.42886
-2072.72, -76.3042, 99.2263, -319.457, -100.727, -140.993, 1.12122, -3.55597, -4.42886
-2077.95, -77.9548, 96.7848, -319.297, -100.676, -151.577, 1.12122, -3.55597, -4.42886
-2083.19, -79.6046, 94.1698, -319.138, -100.626, -162.155, 1.12122, -3.55597, -4.42886
-2088.42, -81.2536, 91.3816, -318.978, -100.576, -172.729, 1.12122, -3.55597, -4.42886
-2093.66, -82.9079, 91.9213, -320.382, -101.018, 101.453, 1.10772, -3.51317, -4.42886
-2098.91, -84.5633, 93.4529, -320.221, -100.968, 90.7482, 1.10772, -3.51317, -4.42886
-2104.16, -86.2179, 94.809, -320.061, -100.917, 80.0485, 1.10772, -3.51317, -4.42886
-2109.41, -87.8716, 95.9897, -319.901, -100.867, 69.354, 1.10772, -3.51317, -4.42886
