4078.844482,465.192841,276.575531,-17.548174,-1329.135498,-173.709915,-1597,-16377,-16391,2.19658,0.365551,-0.059998,0,0,0,1,100,1.,-0.999969,-0.330688,-0.999969,0.,0,0,0
4078.668945,443.418274,273.441803,-19.868031,-1324.361694,-219.97937,-1975,-16401,-16329,2.193926,0.453827,-0.03071,0,0,0,1,100,1.,-0.999969,-0.330688,-0.999969,0.,0,0,0
4078.45459,421.729309,269.55365,-22.222803,-1318.253052,-266.09964,-2352,-16424,-16250,2.191172,0.539588,0.005322,0,0,0,1,100,1.,-0.999969,-0.330688,-0.999969,0.,0,0,0
4078.20166,400.140503,264.911011,-24.58692,-1310.796265,-312.061707,-2730,-16448,-16149,2.188418,0.6201,0.047525,0,0,0,1,100,1.,-0.999969,-0.330688,-0.999969,0.,0,0,0
4077.909912,378.68396,259.514008,-26.967262,-1301.9823,-357.836578,-3108,-16471,-16032,2.185795,0.693693,0.094882,0,0,0,1,100,1.,-0.999969,-0.330688,-0.999969,0.,0,0,0
4077.57959,357.382233,253.372513,-29.354345,-1291.797485,-403.389618,-3486,-16495,-15900,2.183237,0.762112,0.146264,0,0,0,1,100,1.,-0.999969,-0.330688,-0.999969,0.,0,0,0
4077.178711,336.250183,246.48645,-49.518131,-1280.16394,-443.543549,-3860,-16531,-15747,2.079311,1.276758,-0.28255,0,0,0,1,100,1.,-0.999969,-0.330688,-0.999969,0.,0,0,0
4076.393311,315.31369,238.945465,-69.545921,-1267.272827,-484.335449,-4209,-16699,-15487,2.012692,1.603314,-0.597018,0,0,0,1,100,1.,-0.999969,-0.330688,-0.999969,0.,0,0,0
4075.317871,294.589966,230.733154,-82.887405,-1253.241211,-526.223145,-4542,-16941,-15168,1.985846,1.722707,-0.799416,0,0,0,1,100,1.,-0.999969,-0.330688,-0.999969,0.,0,0,0
4074.034912,274.10202,221.835907,-92.753136,-1238.07605,-568.27832,-4864,-17245,-14811,1.971416,1.80064,-0.965024,0,0,0,1,100,1.,-0.999969,-0.330688,-0.999969,0.,0,0,0
4072.583984,253.866699,212.252777,-119.537521,-1221.344116,-606.735413,-5175,-17593,-14427,2.036814,1.554777,-0.720394,0,0,0,1,100,1.,-0.999969,-0.330688,-0.999969,0.,0,0,0
4070.587158,233.913849,202.051788,-172.838226,-1203.32373,-631.895447,-5488,-17883,-14073,2.015162,2.467718,-0.524809,0,0,0,1,100,1.,-0.999969,-0.330688,-0.999969,0.,0,0,0
4067.675781,214.260025,191.474762,-211.037598,-1185.400269,-659.321777,-5754,-18280,-13478,1.980057,3.253036,-0.549028,0,0,0,1,100,1.,-0.999969,-0.330688,-0.999969,0.,0,0,0
4064.228516,194.906342,180.411942,-231.163269,-1166.977051,-693.079102,-5970,-18773,-12735,1.978845,3.536339,-0.62902,0,0,0,1,100,1.,-0.999969,-0.330688,-0.999969,0.,0,0,0
4060.500488,175.843964,168.785568,-269.378265,-1145.661133,-722.033508,-6147,-19331,-11926,1.852683,2.524967,-0.966914,0,0,0,1,100,1.,-0.999969,-0.330688,-0.999969,0.,0,0,0
4055.701416,157.160004,156.91188,-366.540039,-1121.226196,-712.254456,-6312,-19855,-11250,1.996017,3.527627,-0.543184,0,0,0,1,100,1.,-0.999969,-0.330688,-0.999969,0.,0,0,0
4049.563965,138.873093,145.044724,-411.155457,-1096.840576,-731.676208,-6417,-20443,-10392,2.020921,3.901215,-0.547947,0,0,0,1,100,1.,-0.999969,-0.330688,-0.999969,0.,0,0,0
4042.791016,120.991928,132.808807,-439.426666,-1071.641846,-758.332336,-6459,-21082,-9462,1.864001,4.050543,-0.872445,0,0,0,1,100,1.,-0.999969,-0.330688,-0.999969,0.,0,0,0
4035.261475,103.542587,120.350548,-535.840576,-1041.064209,-731.606079,-6400,-21797,-8562,1.490009,3.852856,-1.392776,0,0,0,1,100,1.,-0.999969,-0.330688,-0.999969,0.,0,0,0
4026.200195,86.593918,108.293343,-607.264954,-1010.789001,-722.42688,-6287,-22506,-7692,1.917372,4.083156,-0.912087,0,0,0,1,100,1.,-0.999969,-0.330688,-0.999969,0.,0,0,0
4016.110352,70.148201,96.291115,-648.448303,-979.848572,-733.339539,-6137,-23193,-6776,1.625504,4.270422,-1.260606,0,0,0,1,100,1.,-0.999969,-0.330688,-0.999969,0.,0,0,0
4005.165283,54.220543,84.315071,-733.682251,-943.914001,-690.381653,-5872,-23907,-5925,0.9427,4.166811,-1.933555,0,0,0,1,100,1.,-0.999969,-0.330688,-0.999969,0.,0,0,0
3992.824707,38.886185,73.056511,-813.35199,-908.192749,-647.905212,-5527,-24615,-5154,1.57178,4.398296,-1.436362,0,0,0,1,100,1.,-0.999969,-0.330688,-0.999969,0.,0,0,0
3979.32251,24.134613,62.345203,-863.697205,-872.735962,-621.982727,-5154,-25267,-4332,1.269074,5.009152,-1.396096,0,0,0,1,100,1.,-0.999969,-0.330688,-0.999969,0.,0,0,0
3964.901855,9.983067,52.283806,-942.417908,-833.984924,-547.207336,-4613,-25875,-3572,1.206117,4.681803,-1.505529,0,0,0,1,100,1.,-0.999969,-0.330688,-0.999969,0.,0,0,0
3949.179443,-3.536346,43.509888,-1005.407837,-794.976807,-485.756104,-4087,-26423,-2873,0.913558,4.885282,-1.663909,0,0,0,1,100,1.,-0.999969,-0.330688,-0.999969,0.,0,1,0
3932.565186,-16.416735,35.603321,-1050.183472,-756.455505,-423.815094,-3462,-26924,-2233,0.611661,5.085521,-1.530197,0,0,0,1,100,1.,-0.999969,-0.330688,-0.999969,0.,0,1,0
3915.038818,-28.724838,28.745405,-1113.480347,-721.503601,-346.623627,-2768,-27366,-1707,0.252668,5.001039,-1.8329,0,0,0,1,100,1.,-0.999969,-0.330688,-0.999969,0.,0,1,0
3896.436035,-40.482452,23.220726,-1172.497559,-688.688599,-263.756531,-2041,-27788,-1226,0.327877,4.806758,-1.821556,0,0,0,1,100,1.,-0.999969,-0.330688,-0.999969,0.,0,1,0
3876.871826,-51.688068,19.088699,-1224.450806,-651.822083,-195.116409,-1357,-28175,-858,-0.62563,4.168574,-2.079354,0,0,0,1,100,1.,-0.999969,-0.330688,-0.999969,0.,0,1,0
3856.519775,-62.284008,16.019218,-1264.578979,-616.138855,-126.378365,-678,-28555,-642,0.895848,3.981905,-2.006973,0,0,0,1,100,1.,-0.999969,-0.330688,-0.999969,0.,0,1,0
3835.518066,-72.300262,14.109483,-1302.428955,-578.51886,-46.076103,-163,-28911,-257,0.417296,2.182136,-1.999052,0,0,0,1,100,1.,-0.999969,-0.330688,-0.999969,0.,0,1,0
3813.909424,-81.657135,13.36359,-1335.356689,-536.164673,-16.29266,122,-29257,-114,0.199432,1.253284,-2.015319,0,0,0,1,100,1.,-0.999969,-0.330688,-0.999969,0.,0,1,0
3791.774414,-90.331215,13.178653,-1363.750122,-494.201385,35.612221,256,-29604,4,0.421245,0.02799,-2.002234,0,0,0,1,100,1.,-0.999969,-0.330688,-0.999969,0.,0,1,0
3769.172119,-98.298386,13.708425,-1390.99939,-449.924652,47.573284,221,-29950,49,0.156606,-0.31454,-1.987321,0,0,0,1,100,1.,-0.999969,-0.330688,-0.999969,0.,0,1,0
3746.137695,-105.530457,14.354651,-1416.675049,-405.382263,45.528564,159,-30291,52,0.075433,-0.31939,-1.980579,0,0,0,1,100,1.,-0.999969,-0.330688,-0.999969,0.,0,1,0
3722.680664,-112.027451,14.953644,-1440.775635,-360.895416,40.340443,101,-30629,47,0.027739,-0.276478,-1.977563,0,0,0,1,100,1.,-0.999969,-0.330688,-0.999969,0.,0,1,0
3698.831787,-117.789337,15.460652,-1463.364868,-316.25824,34.292377,51,-30968,39,0.002089,-0.222215,-1.976377,0,0,0,1,100,1.,-0.984192,-0.330688,-0.984192,0.,0,1,0
3674.627441,-122.816139,15.863568,-1484.494019,-271.146729,28.584745,13,-31306,31,-0.010531,-0.17176,-1.977536,0,0,0,1,100,1.,-0.803101,-0.330688,-0.803101,0.,0,1,0
3650.076416,-127.096199,16.17141,-1504.176147,-225.522964,23.694271,-18,-31644,23,-0.015632,-0.128921,-1.976335,0,0,0,1,100,1.,-0.590515,-0.330688,-0.590515,0.,0,1,0
3625.208008,-130.623154,16.403191,-1522.623169,-181.323563,19.737062,-41,-31982,15,-0.016081,-0.094421,-1.91626,0,0,0,1,100,1.,-0.338562,-0.220459,-0.338562,0.,0,1,0
3600.041016,-133.426987,16.576939,-1540.082642,-139.640915,16.642109,-57,-32307,8,-0.013682,-0.068349,-1.773239,0,0,0,1,100,1.,0.,0.,0.,0.,0,1,0
3574.584473,-135.557068,16.703318,-1556.701416,-101.249649,14.295624,-72,-32605,0,-0.009314,-0.048489,-1.547103,0,0,0,1,100,1.,0.,0.,0.,0.,0,1,0
3548.867432,-137.079147,16.791344,-1572.717407,-67.85125,12.536485,-80,32672,-8,-0.003962,-0.032809,-1.224156,0,0,0,1,100,1.,0.,0.,0.,0.,0,1,0
3522.888916,-138.070251,16.860023,-1588.246338,-36.987526,11.249582,-88,32476,-8,0.001901,-0.022396,-0.913999,0,0,0,1,100,1.,0.,0.,0.,0.,0,1,0
3496.657227,-138.554245,16.909361,-1603.375488,-7.578156,10.30438,-96,32326,-8,0.004168,-0.013541,-0.688768,0,0,0,1,100,1.,0.,0.,0.,0.,0,1,0
3470.173584,-138.563889,16.939354,-1618.299927,19.22621,9.620713,-104,32215,-8,0.005461,-0.005172,-0.522429,0,0,0,1,100,1.,0.141724,0.,0.141724,0.,0,1,0
3443.447998,-138.146317,16.959024,-1633.191772,42.824802,9.188526,-104,32128,-8,0.006461,0.001624,-0.398145,0,0,0,1,100,1.,0.362183,0.,0.362183,0.,0,0,0
3416.481201,-137.358627,16.978697,-1648.344238,60.54612,8.879541,-104,32064,-8,0.006487,0.003235,-0.230779,0,0,0,1,100,1.,0.448792,0.,0.448792,0.,0,0,0
3389.450195,-136.329666,16.998369,-1648.703735,70.143982,8.704675,-104,32033,-8,0.005916,0.003767,0.009979,0,0,0,1,100,1.,0.661377,0.,0.661377,0.,0,0,0
3362.420654,-135.159454,17.,-1648.239136,75.092262,8.541749,-104,32042,-8,0.00578,0.0039,0.236056,0,0,0,1,100,1.,0.929077,0.,0.929077,0.,0,0,0
3335.408691,-133.931732,17.,-1647.972778,72.889191,8.484571,-104,32092,-8,0.0054,0.004,0.509148,0,0,0,1,100,1.,0.999969,0.,0.999969,0.,0,0,0
3308.398438,-132.776367,17.,-1647.597046,62.307457,8.47,-104,32188,-8,0.004726,0.0041,0.844138,0,0,0,1,100,1.,0.999969,0.,0.999969,0.,0,0,0
3281.388428,-131.809418,17.,-1647.126465,46.637341,8.47,-104,32342,-8,0.004841,0.0041,1.130749,0,0,0,1,100,1.,0.999969,0.,0.999969,0.,0,0,0
3254.385254,-131.121536,17.,-1646.470703,26.608658,8.47,-104,32541,-8,0.005402,0.004167,1.342369,0,0,0,1,100,1.,0.999969,0.,0.999969,0.,0,0,0
3227.401367,-130.782364,17.,-1645.345337,2.103547,8.47,-104,-32765,-8,0.005992,0.004264,1.497681,0,0,0,1,100,1.,0.999969,0.,0.999969,0.,0,0,0
3200.436768,-130.855057,17.,-1643.459106,-26.735657,8.47,-104,-32505,-8,0.006522,0.004361,1.613127,0,0,0,1,100,1.,0.999969,0.,0.999969,0.,0,0,0
3173.507324,-131.415649,17.,-1640.544067,-59.565426,8.48,-104,-32229,-8,0.006857,0.004557,1.700258,0,0,0,1,100,1.,0.999969,0.,0.999969,0.,0,0,0
3146.631836,-132.534805,17.,-1636.38208,-95.753479,8.48,-104,-31938,-8,0.007054,0.004754,1.766951,0,0,0,1,100,1.,0.999969,0.,0.999969,0.,0,0,0
3119.824707,-134.259567,17.,-1630.79541,-134.803253,8.485092,-104,-31637,-8,0.0072,0.004951,1.818663,0,0,0,1,100,1.,0.999969,0.,0.999969,0.,0,0,0
3093.114258,-136.637466,17.,-1623.679932,-176.078964,8.49,-104,-31328,-8,0.0072,0.005148,1.859123,0,0,0,1,100,1.,0.999969,0.,0.999969,0.,0,1,0
3066.529541,-139.691956,17.,-1614.926025,-219.120224,8.49,-104,-31011,-8,0.0072,0.005344,1.891189,0,0,0,1,100,1.,0.999969,0.,0.999969,0.,0,1,0
3039.970703,-143.479279,17.,-1615.943237,-265.674835,8.427673,-104,-30689,-8,0.007341,0.005723,1.915814,0,0,0,1,100,1.,0.999969,0.,0.999969,0.,0,1,0
3013.322754,-148.057953,17.,-1619.681763,-314.555878,8.382438,-104,-30364,-8,0.0075,0.006176,1.933736,0,0,0,1,100,1.,0.999969,0.,0.999969,0.,0,1,0
2986.630127,-153.449097,17.,-1621.534302,-364.791046,8.356546,-104,-30034,-8,0.0075,0.006569,1.94663,0,0,0,1,100,1.,0.40155,-0.409424,0.40155,0.,0,1,0
2959.915283,-159.668945,17.,-1621.429932,-416.224091,8.349999,-104,-29703,-8,0.0075,0.006963,1.955625,0,0,0,1,100,1.,0.,-0.409424,0.,0.,0,1,0
2933.207764,-166.72879,17.,-1622.780518,-461.586456,8.327202,-104,-29376,-8,0.009296,0.007812,1.750841,0,0,0,1,100,1.,-0.188965,-0.40155,-0.188965,0.,0,1,0
2906.468018,-174.507568,17.,-1625.800293,-500.812378,8.307529,-104,-29090,-8,0.011324,0.008899,1.369409,0,0,0,1,100,1.,-0.362183,-0.40155,-0.362183,0.,0,1,0
2879.677734,-182.915497,17.,-1629.488403,-536.493408,8.287858,-104,-28878,-8,0.0123,0.009643,0.960781,0,0,0,1,100,1.,-0.488159,-0.40155,-0.488159,0.,0,1,0
2852.817627,-191.890137,17.,-1634.365234,-567.983032,8.268185,-104,-28735,-8,0.012582,0.010118,0.571581,0,0,0,1,100,1.,-0.677124,-0.464539,-0.677124,0.,0,1,0
2825.878418,-201.367493,17.,-1641.108154,-594.242249,8.25,-104,-28653,-8,0.01247,0.0103,0.213021,0,0,0,1,100,1.,-0.873962,-0.519653,-0.873962,0.,0,1,0
2798.819092,-211.244644,17.,-1650.516479,-613.55011,8.248841,-104,-28633,-8,0.012477,0.0104,-0.138777,0,0,0,1,100,1.,-0.929077,-0.527527,-0.929077,0.,0,1,0
2771.592773,-221.404831,17.,-1663.161011,-624.444397,8.24,-104,-28676,-8,0.012492,0.010492,-0.499734,0,0,0,1,100,1.,-0.929077,-0.51178,-0.929077,0.,0,1,0
2744.142334,-231.71492,17.,-1678.685181,-627.746643,8.24,-104,-28780,-8,0.012285,0.01029,-0.82123,0,0,0,1,100,1.,-0.929077,-0.488159,-0.929077,0.,0,1,0
2716.36377,-242.076447,17.,-1696.742676,-624.295166,8.24,-104,-28934,-8,0.011591,0.009896,-1.067384,0,0,0,1,100,1.,-0.936951,-0.472412,-0.936951,0.,0,1,0
2688.340088,-252.325455,17.,-1716.939331,-614.183167,8.24,-104,-29131,-8,0.010804,0.009403,-1.246417,0,0,0,1,100,1.,-0.944824,-0.472412,-0.944824,0.,0,1,0
2659.976074,-262.380127,17.,-1738.937866,-597.452087,8.24,-104,-29351,-8,0.010213,0.009009,-1.383126,0,0,0,1,100,1.,-0.944824,-0.464539,-0.944824,0.,0,1,0
2631.244873,-272.136536,17.,-1762.133301,-574.842407,8.24,-104,-29594,-8,0.009815,0.008615,-1.48999,0,0,0,1,100,1.,-0.944824,-0.456665,-0.944824,0.,0,1,0
2602.127197,-281.489594,17.,-1786.067871,-546.862427,8.231088,-104,-29857,-8,0.009611,0.008222,-1.571632,0,0,0,1,100,1.,-0.944824,-0.456665,-0.944824,0.,0,1,0
2572.622559,-290.362671,17.,-1810.293945,-514.000977,8.23,-104,-30132,-8,0.0095,0.007828,-1.634994,0,0,0,1,100,1.,-0.960571,-0.440918,-0.960571,0.,0,1,0
2542.712891,-298.671539,17.,-1834.384277,-476.923859,8.23,-104,-30418,-8,0.0095,0.007535,-1.684554,0,0,0,1,100,1.,-0.960571,-0.425171,-0.960571,0.,0,1,0
2512.414551,-306.354889,17.,-1858.024902,-435.726196,8.23,-104,-30712,-8,0.0095,0.007241,-1.731163,0,0,0,1,100,1.,-0.968445,-0.425171,-0.968445,0.,0,1,0
2481.729492,-313.349426,17.,-1880.900391,-391.153503,8.23,-104,-31015,-8,0.009576,0.006948,-1.768349,0,0,0,1,100,1.,-0.968445,-0.425171,-0.968445,0.,0,1,0
2450.664795,-319.586426,17.,-1902.75293,-343.408417,8.23,-104,-31321,-8,0.0097,0.006655,-1.801473,0,0,0,1,100,1.,-0.968445,-0.425171,-0.968445,0.,0,1,0
2419.249756,-325.025757,17.,-1923.364136,-293.035126,8.23,-104,-31635,-8,0.009769,0.006361,-1.828043,0,0,0,1,100,1.,-0.968445,-0.425171,-0.968445,0.,0,1,0
2387.509766,-329.629364,17.,-1942.556885,-240.257462,8.22,-104,-31950,-8,0.009866,0.006034,-1.849285,0,0,0,1,100,1.,-0.968445,-0.425171,-0.968445,0.,0,1,0
2355.459961,-333.359253,17.,-1960.189209,-185.441101,8.22,-104,-32271,-8,0.010063,0.005774,-1.866369,0,0,0,1,100,1.,-0.968445,-0.425171,-0.968445,0.,0,1,0
2323.122559,-336.177338,17.,-1976.130737,-128.659164,8.22,-104,-32594,-8,0.01016,0.00544,-1.880375,0,0,0,1,100,1.,-0.968445,-0.425171,-0.968445,0.,0,1,0
2290.535889,-338.0513,17.,-1990.273071,-70.244629,8.22,-104,32620,-8,0.0103,0.005087,-1.89173,0,0,0,1,100,1.,-0.968445,-0.425171,-0.968445,0.,0,1,0
2257.721924,-338.956726,17.,-2002.53125,-10.431175,8.22,-104,32291,-8,0.0104,0.004794,-1.900982,0,0,0,1,100,1.,-0.968445,-0.425171,-0.968445,0.,0,1,0
2224.715576,-338.870636,17.,-2012.799927,50.858208,8.22,-104,31960,-8,0.0105,0.00445,-1.908692,0,0,0,1,100,1.,-0.968445,-0.425171,-0.968445,0.,0,1,0
2191.549805,-337.773956,17.,-2021.003662,113.356606,8.22,-104,31630,-8,0.010647,0.004107,-1.915195,0,0,0,1,100,1.,-0.968445,-0.425171,-0.968445,0.,0,1,0
2158.248047,-335.63739,17.,-2027.114258,176.847977,8.22,-104,31299,-8,0.010743,0.003813,-1.920538,0,0,0,1,100,1.,-0.968445,-0.425171,-0.968445,0.,0,1,0
2124.867676,-332.456421,17.,-2031.097656,241.120743,8.22,-104,30969,-8,0.0108,0.00342,-1.92476,0,0,0,1,100,1.,-0.976318,-0.425171,-0.976318,0.,0,1,0
2091.427246,-328.217163,17.,-2032.933716,306.036224,8.22,-104,30638,-8,0.0109,0.003127,-1.92815,0,0,0,1,100,1.,-0.968445,-0.425171,-0.968445,0.,0,1,0
2057.9646,-322.910614,17.,-2032.555908,371.533325,8.22,-104,30308,-8,0.011,0.002733,-1.933569,0,0,0,1,100,1.,-0.976318,-0.425171,-0.976318,0.,0,1,0
2024.518188,-316.520782,17.,-2030.022095,437.337799,8.22,-104,29977,-8,0.011,0.00244,-1.93592,0,0,0,1,100,1.,-0.976318,-0.425171,-0.976318,0.,0,1,0
1991.125732,-309.047668,17.,-2025.259033,503.474579,8.22,-104,29646,-8,0.0111,0.002046,-1.939364,0,0,0,1,100,1.,-0.976318,-0.425171,-0.976318,0.,0,1,0
1957.825439,-300.488861,17.,-2018.186646,569.981445,8.22,-104,29307,-8,0.0112,0.001653,-1.943201,0,0,0,1,100,1.,-0.976318,-0.425171,-0.976318,0.,0,0,0
1924.645264,-290.829468,17.,-2008.698364,636.896851,8.22,-104,28969,-8,0.0112,0.001359,-1.946284,0,0,0,1,100,1.,-0.960571,-0.456665,-0.960571,0.,0,0,0
1891.723633,-280.113617,17.,-1987.83313,700.419189,8.27511,-104,28631,-8,0.011066,0.,-1.949156,0,0,0,1,100,1.,-0.77948,-0.472412,-0.77948,0.,0,0,0
1859.241821,-268.391815,17.,-1958.761597,760.889465,8.322751,-104,28292,-8,0.010686,0.,-1.947225,0,0,0,1,100,1.,-0.740112,-0.472412,-0.740112,0.,0,0,0
1827.25354,-255.677277,17.,-1928.839111,818.893311,8.351048,-104,27954,-8,0.009969,0.,-1.889513,0,0,0,1,100,1.,-0.496033,-0.464539,-0.496033,0.,0,0,0
1795.749634,-242.026276,17.,-1897.930054,874.852661,8.36,-104,27628,-8,0.009493,0.,-1.804219,0,0,0,1,100,1.,0.,0.,0.,0.,0,0,0
1764.759033,-227.466873,17.,-1867.192139,927.296509,8.36,-104,27318,-8,0.008788,0.,-1.661466,0,0,0,1,100,1.,0.181091,0.,0.181091,0.,0,0,0
1734.270508,-212.067444,17.,-1839.464844,972.675354,8.37,-104,27035,-8,0.007297,0.,-1.365652,0,0,0,1,100,1.,0.448792,-0.141724,0.448792,0.,0,0,0
1704.219971,-195.957626,17.,-1814.794312,1011.637695,8.379737,-104,26815,-8,0.006216,0.,-0.99136,0,0,0,1,100,1.,0.622009,-0.141724,0.622009,0.,0,0,0
1674.489624,-179.212738,17.,-1794.916138,1042.098633,8.389999,-104,26664,-8,0.005311,0.001578,-0.533161,0,0,0,1,100,1.,0.905457,-0.149597,0.905457,0.,0,0,0
1645.138428,-162.032974,17.,-1779.289551,1065.533325,8.39912,-104,26586,-8,0.005091,0.002,-0.104988,0,0,0,1,100,1.,0.999969,-0.149597,0.999969,0.,0,0,0
1616.01416,-144.500381,17.,-1770.122925,1078.690674,8.41,-104,26587,-8,0.0047,0.0023,0.360736,0,0,0,1,100,1.,0.999969,-0.149597,0.999969,0.,0,0,0
1587.010864,-126.794449,17.,-1766.314941,1083.601929,8.428465,-104,26664,-8,0.005054,0.002131,0.75762,0,0,0,1,100,1.,0.999969,-0.149597,0.999969,0.,0,0,0
1558.051636,-109.031937,17.,-1767.566895,1080.627563,8.438137,-104,26805,-8,0.005825,0.001556,1.052448,0,0,0,1,100,1.,0.999969,-0.149597,0.999969,0.,0,0,0
1529.052856,-91.352554,17.,-1773.714722,1069.42041,8.45,-104,26993,-8,0.006612,0.000263,1.268835,0,0,0,1,100,1.,0.999969,-0.149597,0.999969,0.,0,0,0
1499.934326,-73.890953,17.,-1784.07666,1050.270142,8.46,-104,27215,-8,0.007324,0.,1.428893,0,0,0,1,100,1.,0.999969,-0.149597,0.999969,0.,0,0,0
1470.631714,-56.773113,17.,-1797.604004,1024.187866,8.47,-104,27460,-8,0.007743,0.,1.549305,0,0,0,1,100,1.,0.999969,-0.149597,0.999969,0.,0,0,0
1441.099365,-40.106285,17.,-1813.390991,992.012817,8.48,-104,27728,-8,0.008137,0.,1.641539,0,0,0,1,100,1.,0.999969,-0.149597,0.999969,0.,0,0,0
1411.30542,-23.992065,17.,-1830.704834,954.33667,8.486499,-104,28010,-8,0.008365,0.,1.713316,0,0,0,1,100,1.,0.999969,-0.149597,0.999969,0.,0,0,0
1381.221436,-8.516035,17.,-1848.76416,912.087097,8.49,-104,28302,-8,0.008562,0.,1.769721,0,0,0,1,100,1.,0.999969,-0.149597,0.999969,0.,0,0,0
1350.83728,6.253063,17.,-1866.987427,865.890991,8.495843,-104,28603,-8,0.008758,0.,1.814579,0,0,0,1,100,1.,0.999969,-0.346436,0.999969,0.,0,0,0
1320.157227,20.246695,17.,-1884.891724,816.329407,8.5,-104,28912,-8,0.0089,0.,1.850445,0,0,0,1,100,1.,0.51178,-0.543274,0.51178,0.,0,0,0
1289.188232,33.421635,17.,-1902.084717,763.867126,8.5,-104,29227,-8,0.008952,0.,1.879348,0,0,0,1,100,1.,0.,-0.574768,0.,0.,0,0,0
1257.948364,45.74514,17.,-1916.938843,715.998596,8.49,-104,29542,-8,0.010592,0.,1.710806,0,0,0,1,100,1.,-0.165344,-0.574768,-0.165344,0.,0,0,0
1226.465698,57.303368,17.,-1929.05957,674.778748,8.475468,-104,29820,-8,0.012817,0.,1.339509,0,0,0,1,100,1.,-0.275574,-0.574768,-0.275574,0.,0,0,0
1194.803955,68.207809,17.,-1939.452759,637.010681,8.46,-104,30029,-8,0.013984,0.,0.94785,0,0,0,1,100,1.,-0.519653,-0.574768,-0.519653,0.,0,0,0
1162.971924,78.509384,17.,-1948.22998,603.325928,8.45,-104,30174,-8,0.014222,0.,0.59868,0,0,0,1,100,1.,-0.684998,-0.574768,-0.684998,0.,0,0,0
1131.002197,88.29126,17.,-1954.688843,577.490601,8.44,-104,30261,-8,0.0145,0.,0.230163,0,0,0,1,100,1.,-0.866089,-0.582642,-0.866089,0.,0,0,0
1098.942871,97.680771,17.,-1958.806396,560.305542,8.436778,-104,30281,-8,0.014668,0.,-0.141506,0,0,0,1,100,1.,-0.897583,-0.590515,-0.897583,0.,0,0,0
1066.821899,106.823906,17.,-1960.358887,552.684082,8.429999,-104,30240,-8,0.014742,0.,-0.508305,0,0,0,1,100,1.,-0.897583,-0.582642,-0.897583,0.,0,0,0
1034.680054,115.88282,17.,-1959.663086,553.506653,8.42,-104,30139,-8,0.014297,0.,-0.817791,0,0,0,1,100,1.,-0.91333,-0.559021,-0.91333,0.,0,0,0
1002.569763,124.985161,17.,-1956.754272,562.080811,8.42,-104,29987,-8,0.01351,0.,-1.049296,0,0,0,1,100,1.,-0.929077,-0.51178,-0.929077,0.,0,0,0
970.511963,134.256943,17.,-1951.312744,578.350159,8.41,-104,29795,-8,0.012743,0.,-1.224174,0,0,0,1,100,1.,-0.936951,-0.488159,-0.936951,0.,0,0,0
938.546265,143.821274,17.,-1943.15918,601.681335,8.41,-104,29577,-8,0.012153,0.,-1.362169,0,0,0,1,100,1.,-0.936951,-0.472412,-0.936951,0.,0,0,0
906.728516,153.797516,17.,-1932.310669,630.839233,8.41,-104,29336,-8,0.011675,0.,-1.47156,0,0,0,1,100,1.,-0.944824,-0.472412,-0.944824,0.,0,0,0
875.09668,164.271729,17.,-1918.828613,664.717102,8.409073,-104,29079,-8,0.011281,0.,-1.556519,0,0,0,1,100,1.,-0.944824,-0.472412,-0.944824,0.,0,0,0
843.699463,175.309998,17.,-1902.731567,702.421448,8.4,-104,28807,-8,0.010994,0.,-1.624474,0,0,0,1,100,1.,-0.944824,-0.472412,-0.944824,0.,0,0,0
812.583618,186.978104,17.,-1884.005859,743.278503,8.4,-104,28524,-8,0.010797,0.,-1.679027,0,0,0,1,100,1.,-0.944824,-0.472412,-0.944824,0.,0,0,0
781.77771,199.334213,17.,-1862.772461,786.455139,8.4,-104,28233,-8,0.010601,0.,-1.721885,0,0,0,1,100,1.,-0.944824,-0.472412,-0.944824,0.,0,0,0
751.34198,212.40123,17.,-1839.104492,831.336243,8.4,-104,27934,-8,0.0105,0.,-1.755874,0,0,0,1,100,1.,-0.944824,-0.472412,-0.944824,0.,0,0,0
721.302368,226.222595,17.,-1813.047119,877.440491,8.4,-104,27627,-8,0.0104,0.,-1.783075,0,0,0,1,100,1.,-0.944824,-0.472412,-0.944824,0.,0,0,0
691.697021,240.798386,17.,-1784.700928,924.325867,8.391039,-104,27320,-8,0.0103,0.,-1.805019,0,0,0,1,100,1.,-0.944824,-0.472412,-0.944824,0.,0,0,0
662.563782,256.137238,17.,-1754.235474,971.486084,8.389999,-104,27006,-8,0.010214,0.,-1.822652,0,0,0,1,100,1.,-0.897583,-0.472412,-0.897583,0.,0,0,0
633.940796,272.249878,17.,-1721.654297,1018.723999,8.389999,-104,26691,-8,0.010117,0.,-1.836947,0,0,0,1,100,1.,-0.889709,-0.472412,-0.889709,0.,0,0,0
605.858032,289.136261,17.,-1687.72168,1065.052856,8.389999,-104,26376,-8,0.00982,0.,-1.826911,0,0,0,1,100,1.,-0.157471,-0.330688,-0.157471,0.,0,0,0
578.334656,306.788818,17.,-1652.101685,1110.765869,8.389999,-104,26062,-8,0.0097,0.,-1.815775,0,0,0,1,100,1.,0.125977,-0.157471,0.125977,0.,0,0,0
551.367554,325.14917,17.,-1623.419312,1146.927979,8.38,-104,25761,-8,0.007587,0.,-1.475758,0,0,0,1,100,1.,0.228333,-0.157471,0.228333,0.,0,0,0
524.854797,344.085297,17.,-1597.430664,1178.55481,8.38,-104,25527,-8,0.00629,0.,-1.065562,0,0,0,1,100,1.,0.433044,-0.181091,0.433044,0.,0,0,0
498.763672,363.523071,17.,-1573.433594,1206.842896,8.386666,-104,25360,-8,0.006,0.,-0.703137,0,0,0,1,100,1.,0.724365,-0.188965,0.724365,0.,0,0,0
473.049713,383.409088,17.,-1553.990723,1229.265869,8.396338,-104,25255,-8,0.005863,0.,-0.336321,0,0,0,1,100,1.,0.936951,-0.196838,0.936951,0.,0,0,0
447.633942,403.629272,17.,-1541.228149,1243.57251,8.41,-104,25214,-8,0.0055,0.,0.081819,0,0,0,1,100,1.,0.999969,-0.212585,0.999969,0.,0,0,0
422.395508,424.046173,17.,-1535.14856,1249.860229,8.425683,-104,25242,-8,0.005357,0.,0.509025,0,0,0,1,100,1.,0.999969,-0.212585,0.999969,0.,0,0,0
397.235718,444.540375,17.,-1534.729858,1249.430664,8.435355,-104,25344,-8,0.005661,0.,0.868741,0,0,0,1,100,1.,0.999969,-0.212585,0.999969,0.,0,0,0
372.069489,464.998749,17.,-1539.690674,1242.435425,8.445027,-104,25502,-8,0.006251,0.,1.137921,0,0,0,1,100,1.,0.999969,-0.212585,0.999969,0.,0,0,0
346.791748,485.316833,17.,-1549.65625,1228.809814,8.4547,-104,25705,-8,0.006841,0.,1.334356,0,0,0,1,100,1.,0.999969,-0.212585,0.999969,0.,0,0,0
321.336121,505.384674,17.,-1563.9646,1208.748901,8.464373,-104,25938,-8,0.007387,0.,1.480032,0,0,0,1,100,1.,0.999969,-0.212585,0.999969,0.,0,0,0
295.6315,525.108093,17.,-1581.641357,1182.886719,8.474045,-104,26195,-8,0.007781,0.,1.589873,0,0,0,1,100,1.,0.999969,-0.212585,0.999969,0.,0,0,0
269.619324,544.376648,17.,-1601.831421,1151.794556,8.48,-104,26469,-8,0.008137,0.,1.674115,0,0,0,1,100,1.,0.999969,-0.212585,0.999969,0.,0,0,0
243.264862,563.122131,17.,-1623.710449,1116.088501,8.49,-104,26758,-8,0.008334,0.,1.739526,0,0,0,1,100,1.,0.999969,-0.212585,0.999969,0.,0,0,0
216.559143,581.26123,17.,-1646.556152,1076.38562,8.49,-104,27054,-8,0.008531,0.,1.790788,0,0,0,1,100,1.,0.999969,-0.212585,0.999969,0.,0,0,0
189.473145,598.737183,17.,-1669.752686,1033.285645,8.492733,-104,27359,-8,0.008727,0.,1.831266,0,0,0,1,100,1.,0.999969,-0.212585,0.999969,0.,0,0,0
162.002686,615.491943,17.,-1692.822998,987.233948,8.5,-104,27670,-8,0.008924,0.,1.863416,0,0,0,1,100,1.,0.999969,-0.212585,0.999969,0.,0,0,0
134.162048,631.485657,17.,-1715.411865,938.55426,8.5,-104,27986,-8,0.009,0.,1.889248,0,0,0,1,100,1.,0.999969,-0.212585,0.999969,0.,0,0,0
105.948555,646.672485,17.,-1737.166626,887.63501,8.5,-104,28309,-8,0.0091,0.,1.909993,0,0,0,1,100,1.,0.999969,-0.212585,0.999969,0.,0,0,0
77.386856,661.014587,17.,-1757.852783,834.74408,8.501423,-104,28631,-8,0.0091,0.,1.926739,0,0,0,1,100,1.,0.999969,-0.212585,0.999969,0.,0,0,0
48.489155,674.485107,17.,-1777.212769,780.309387,8.51,-104,28958,-8,0.0091,0.,1.940146,0,0,0,1,100,1.,0.999969,-0.212585,0.999969,0.,0,0,0
19.2827,687.05426,17.,-1795.135376,724.371338,8.51,-104,29289,-8,0.0091,0.,1.951068,0,0,0,1,100,1.,0.999969,-0.212585,0.999969,0.,0,0,0
-10.213482,698.694885,17.,-1811.467285,667.205994,8.51,-104,29619,-8,0.0091,0.,1.959967,0,0,0,1,100,1.,0.999969,-0.212585,0.999969,0.,0,0,0
-39.970375,709.40686,17.,-1826.095581,609.096191,8.51,-104,29950,-8,0.0091,0.,1.967034,0,0,0,1,100,1.,0.999969,-0.212585,0.999969,0.,0,0,0
-69.96048,719.155762,17.,-1838.914429,550.276978,8.51,-104,30280,-8,0.0091,0.,1.972544,0,0,0,1,100,1.,0.999969,-0.212585,0.999969,0.,0,0,0
-100.154579,727.934631,17.,-1849.880737,490.923126,8.51,-104,30615,-8,0.0091,0.001667,1.976791,0,0,0,1,100,1.,0.999969,-0.212585,0.999969,0.,0,0,0
-130.522995,735.737183,17.,-1858.980957,430.896973,8.51,-104,30953,-8,0.009009,0.002374,1.980252,0,0,0,1,100,1.,0.999969,-0.212585,0.999969,0.,0,0,0
-161.027908,742.553101,17.,-1866.158325,370.311371,8.51,-104,31291,-8,0.008912,0.002776,1.983132,0,0,0,1,100,1.,0.999969,-0.212585,0.999969,0.,0,0,0
-191.641281,748.382507,17.,-1871.374268,309.357544,8.51,-104,31630,-8,0.008815,0.003085,1.985432,0,0,0,1,100,1.,0.999969,-0.212585,0.999969,0.,0,0,0
-222.335114,753.207153,17.,-1874.608887,248.209366,8.51,-104,31968,-8,0.008719,0.003363,1.987152,0,0,0,1,100,1.,0.999969,-0.212585,0.999969,0.,0,0,0
-253.069122,757.025879,17.,-1875.851074,186.991165,8.51,-104,32306,-8,0.0086,0.003656,1.988391,0,0,0,1,100,1.,0.999969,-0.212585,0.999969,0.,0,0,0
-283.816864,759.838745,17.,-1875.108154,125.828552,8.51,-104,32645,-8,0.0085,0.00395,1.989125,0,0,0,1,100,1.,0.999969,-0.212585,0.999969,0.,0,0,0
-314.540283,761.652832,17.,-1872.375122,64.818474,8.51,-104,-32553,-8,0.008328,0.004172,1.989543,0,0,0,1,100,1.,0.999969,-0.212585,0.999969,0.,0,0,0
-345.21817,762.473511,17.,-1867.66626,4.049173,8.51,-104,-32214,-8,0.0082,0.004468,1.9897,0,0,0,1,100,1.,0.999969,-0.212585,0.999969,0.,0,0,0
-375.815033,762.2948,17.,-1861.007324,-56.403278,8.51,-104,-31876,-8,0.008035,0.00473,1.989535,0,0,0,1,100,1.,0.999969,-0.212585,0.999969,0.,0,0,0
-406.292786,761.129517,17.,-1852.414062,-116.446632,8.51,-104,-31538,-8,0.007838,0.004962,1.989176,0,0,0,1,100,1.,0.999969,-0.212585,0.999969,0.,0,0,0
-436.619293,758.9776,17.,-1841.89209,-176.017502,8.51,-104,-31199,-8,0.007741,0.005217,1.988624,0,0,0,1,100,1.,0.999969,-0.212585,0.999969,0.,0,0,0
-466.769989,755.854675,17.,-1829.476074,-235.048859,8.51,-104,-30861,-8,0.007545,0.005455,1.987979,0,0,0,1,100,1.,0.999969,-0.212585,0.999969,0.,0,0,0
-496.706848,751.764526,17.,-1815.198853,-293.478424,8.51,-104,-30523,-8,0.007348,0.005704,1.987192,0,0,0,1,100,1.,0.999969,-0.212585,0.999969,0.,0,0,0
-526.406677,746.722046,17.,-1799.069336,-351.235016,8.51,-104,-30184,-8,0.007151,0.005949,1.986356,0,0,0,1,100,1.,0.952698,-0.212585,0.952698,0.,0,1,0
-555.835999,740.736206,17.,-1781.121338,-408.25705,8.51,-104,-29846,-8,0.006955,0.006145,1.985373,0,0,0,1,100,1.,0.842468,-0.212585,0.842468,0.,0,1,0
-585.075684,733.784973,17.,-1772.927856,-467.387848,8.44315,-104,-29509,-8,0.007042,0.006626,1.966892,0,0,0,1,100,1.,0.64563,-0.212585,0.64563,0.,0,1,0
-614.253418,725.845581,17.,-1767.999512,-526.06134,8.38223,-104,-29180,-8,0.007539,0.007217,1.907952,0,0,0,1,100,1.,0.503906,-0.220459,0.503906,0.,0,1,0
-643.340271,716.946106,17.,-1762.797729,-581.842773,8.346442,-104,-28860,-8,0.008271,0.007907,1.780747,0,0,0,1,100,1.,0.385803,-0.212585,0.385803,0.,0,1,0
-672.343567,707.144531,17.,-1757.337524,-635.090088,8.326771,-104,-28567,-8,0.0088,0.008597,1.611822,0,0,0,1,100,1.,0.338562,-0.212585,0.338562,0.,0,1,0
-701.256653,696.471863,17.,-1751.878784,-685.64856,8.309999,-104,-28304,-8,0.009,0.009158,1.426066,0,0,0,1,100,1.,0.307068,-0.181091,0.307068,0.,0,1,0
-730.072998,684.982483,17.,-1746.477295,-733.78064,8.307425,-104,-28072,-8,0.008949,0.009526,1.254687,0,0,0,1,100,1.,0.307068,-0.165344,0.307068,0.,0,1,0
-758.80481,672.714478,17.,-1741.370605,-779.418091,8.3,-104,-27866,-8,0.008555,0.0097,1.10878,0,0,0,1,100,1.,0.322815,-0.165344,0.322815,0.,0,1,0
-787.459351,659.705872,17.,-1736.6521,-822.688904,8.3,-104,-27684,-8,0.008062,0.0097,0.994153,0,0,0,1,100,1.,0.37793,-0.165344,0.37793,0.,0,1,0
-816.036438,645.994751,17.,-1732.440918,-863.669678,8.3,-104,-27523,-8,0.007568,0.009684,0.912451,0,0,0,1,100,1.,0.496033,-0.165344,0.496033,0.,0,1,0
-844.537415,631.617798,17.,-1728.578857,-902.837341,8.3,-104,-27370,-8,0.006962,0.009487,0.870334,0,0,0,1,100,1.,0.64563,-0.165344,0.64563,0.,0,1,0
-872.979431,616.59491,17.,-1724.389893,-941.301697,8.3,-104,-27225,-8,0.006172,0.009191,0.884227,0,0,0,1,100,1.,0.842468,-0.165344,0.842468,0.,0,1,0
-901.344055,600.952515,17.,-1719.310547,-979.85321,8.3,-104,-27075,-8,0.005282,0.008894,0.960312,0,0,0,1,100,1.,0.999969,-0.165344,0.999969,0.,0,1,0
-929.620728,584.671387,17.,-1712.529297,-1019.5,8.3,-104,-26913,-8,0.004392,0.008497,1.101584,0,0,0,1,100,1.,0.999969,-0.165344,0.999969,0.,0,1,0
-957.78125,567.721802,17.,-1703.44519,-1060.835938,8.309952,-104,-26720,-8,0.003602,0.008201,1.288365,0,0,0,1,100,1.,0.999969,-0.165344,0.999969,0.,0,1,0
-985.776001,550.080444,17.,-1692.399414,-1103.392578,8.32,-104,-26493,-8,0.0034,0.0081,1.457039,0,0,0,1,100,1.,0.999969,-0.165344,0.999969,0.,0,1,0
-1013.578003,531.733459,17.,-1679.310303,-1147.161255,8.32,-104,-26241,-8,0.003493,0.008293,1.581234,0,0,0,1,100,1.,0.999969,-0.165344,0.999969,0.,0,1,0
-1041.158203,512.670654,17.,-1663.59729,-1192.563965,8.32,-104,-25970,-8,0.0036,0.008679,1.673665,0,0,0,1,100,1.,0.999969,-0.165344,0.999969,0.,0,1,0
-1068.460449,492.846191,17.,-1644.953613,-1239.615234,8.32,-104,-25684,-8,0.0036,0.008886,1.74321,0,0,0,1,100,1.,0.999969,-0.165344,0.999969,0.,0,1,0
-1095.445923,472.239655,17.,-1623.151611,-1288.211426,8.328313,-104,-25386,-8,0.0036,0.009183,1.796334,0,0,0,1,100,1.,0.999969,-0.165344,0.999969,0.,0,1,0
-1122.058472,450.821991,17.,-1598.199097,-1338.028931,8.33,-104,-25079,-8,0.0035,0.00938,1.837272,0,0,0,1,100,1.,0.999969,-0.165344,0.999969,0.,0,1,0
-1148.251221,428.591888,17.,-1570.138184,-1388.74646,8.33,-104,-24765,-8,0.003323,0.009577,1.869133,0,0,0,1,100,1.,0.834595,-0.212585,0.834595,0.,0,1,0
-1173.956909,405.524628,17.,-1539.05542,-1440.008667,8.33,-104,-24448,-8,0.003127,0.009773,1.89413,0,0,0,1,100,1.,0.503906,-0.330688,0.503906,0.,0,1,0
-1199.15332,381.612732,17.,-1507.263672,-1490.0177,8.33,-104,-24128,-8,0.0033,0.01034,1.841773,0,0,0,1,100,1.,0.173218,-0.346436,0.173218,0.,0,0,0
-1223.833496,356.892853,17.,-1477.390625,-1536.949463,8.323325,-104,-23825,-8,0.003967,0.011467,1.653922,0,0,0,1,100,1.,0.,-0.338562,0.,0.,0,0,0
-1247.926392,331.538696,17.,-1441.625,-1569.978271,8.389041,-104,-23557,-8,0.004663,0.012527,1.356157,0,0,0,1,100,1.,0.,-0.299194,0.,0.,0,0,0
-1271.418823,305.684296,17.,-1406.590088,-1597.800415,8.426019,-104,-23342,-8,0.00474,0.013,1.041996,0,0,0,1,100,1.,0.,-0.291321,0.,0.,0,0,0
-1294.336792,279.383331,17.,-1373.419556,-1623.287842,8.44,-104,-23179,-8,0.004229,0.012729,0.797087,0,0,0,1,100,1.,-0.157471,-0.275574,-0.157471,0.,0,0,0
-1316.729736,252.677521,17.,-1343.227661,-1645.870117,8.44,-104,-23054,-8,0.003639,0.012139,0.613906,0,0,0,1,100,1.,-0.2677,-0.275574,-0.2677,0.,0,0,0
-1338.649902,225.614975,17.,-1318.609009,-1663.989868,8.44,-104,-22960,-8,0.00345,0.0121,0.410993,0,0,0,1,100,1.,-0.409424,-0.299194,-0.409424,0.,0,0,0
-1360.18335,198.277023,17.,-1299.56604,-1677.851562,8.44,-104,-22903,-8,0.003353,0.012153,0.197574,0,0,0,1,100,1.,-0.582642,-0.354309,-0.582642,0.,0,1,0
-1381.424805,170.725128,17.,-1286.60022,-1687.205811,8.435618,-104,-22880,-8,0.0034,0.0123,-0.031093,0,0,0,1,100,1.,-0.637756,-0.37793,-0.637756,0.,0,1,0
-1402.560913,142.944809,17.,-1287.088501,-1701.027466,8.353788,-104,-22898,-8,0.0036,0.012781,-0.289678,0,0,0,1,100,1.,-0.755859,-0.40155,-0.755859,0.,0,1,0
-1423.77063,114.8955,17.,-1295.970215,-1714.400879,8.292549,-104,-22960,-8,0.003663,0.0131,-0.524156,0,0,0,1,100,1.,-0.873962,-0.425171,-0.873962,0.,0,1,0
-1445.146729,86.647652,17.,-1311.046387,-1722.976196,8.266603,-104,-23062,-8,0.0037,0.0133,-0.746326,0,0,0,1,100,1.,-0.905457,-0.440918,-0.905457,0.,0,1,0
-1466.800415,58.277321,17.,-1332.541626,-1726.266724,8.24693,-104,-23202,-8,0.003931,0.0134,-0.96665,0,0,0,1,100,1.,-0.944824,-0.456665,-0.944824,0.,0,1,0
-1488.829346,29.873325,17.,-1359.452271,-1724.780518,8.23,-104,-23379,-8,0.004,0.013273,-1.15522,0,0,0,1,100,1.,-0.952698,-0.456665,-0.952698,0.,0,1,0
-1511.320557,1.518328,17.,-1391.321045,-1718.515259,8.23,-104,-23588,-8,0.004,0.013052,-1.311858,1,0,0,1,100,1.,-0.952698,-0.456665,-0.952698,0.,0,1,0
-1534.35498,-26.711601,17.,-1427.576172,-1707.522705,8.23,-104,-23822,-8,0.004,0.012658,-1.436879,1,0,0,1,100,1.,-0.952698,-0.456665,-0.952698,0.,0,1,0
-1558.002686,-54.742153,17.,-1467.416626,-1692.09375,8.228241,-104,-24076,-8,0.004,0.012265,-1.531835,1,0,0,1,100,1.,-0.952698,-0.456665,-0.952698,0.,0,1,0
-1582.314453,-82.513412,17.,-1510.376953,-1672.218628,8.22,-104,-24344,-8,0.004014,0.011871,-1.60405,1,0,0,1,100,1.,-0.952698,-0.456665,-0.952698,0.,0,1,0
-1607.353027,-109.932503,17.,-1555.677979,-1648.246216,8.22,-104,-24624,-8,0.004111,0.011489,-1.659382,1,0,0,1,100,1.,-0.952698,-0.456665,-0.952698,0.,0,1,0
-1633.138428,-136.941605,17.,-1602.786133,-1620.343262,8.22,-104,-24911,-8,0.004308,0.011292,-1.702204,1,0,0,1,100,1.,-0.952698,-0.456665,-0.952698,0.,0,1,0
-1659.707886,-163.475098,17.,-1651.14624,-1588.76123,8.22,-104,-25207,-8,0.004504,0.011096,-1.735536,1,0,0,1,100,1.,-0.952698,-0.456665,-0.952698,0.,0,1,0
-1687.070312,-189.4758,17.,-1697.928955,-1551.43396,8.199759,-104,-25506,-8,0.004701,0.010899,-1.762648,1,0,0,1,100,1.,-0.952698,-0.456665,-0.952698,0.,0,1,0
-1715.171509,-214.81456,17.,-1738.778198,-1505.502441,8.170208,-104,-25813,-8,0.004996,0.010702,-1.785767,1,0,0,1,100,1.,-0.952698,-0.456665,-0.952698,0.,0,1,0
-1743.951782,-239.377121,17.,-1779.562622,-1457.065308,8.150535,-104,-26120,-8,0.005389,0.010505,-1.804618,1,0,0,1,100,1.,-0.952698,-0.456665,-0.952698,0.,0,1,0
-1773.39917,-263.137604,17.,-1819.857422,-1406.402954,8.15,-104,-26434,-8,0.005691,0.010409,-1.819961,1,0,0,1,100,1.,-0.952698,-0.456665,-0.952698,0.,0,1,0
-1803.514771,-286.058044,17.,-1859.514526,-1353.519287,8.15,-104,-26749,-8,0.005988,0.010212,-1.832674,1,0,0,1,100,1.,-0.952698,-0.456665,-0.952698,0.,0,1,0
-1834.269531,-308.100342,17.,-1898.183105,-1298.723511,8.15,-104,-27064,-8,0.00627,0.010015,-1.843141,1,0,0,1,100,1.,-0.952698,-0.456665,-0.952698,0.,0,1,0
-1865.654663,-329.226501,17.,-1935.610596,-1242.240845,8.15,-104,-27382,-8,0.006563,0.009818,-1.851561,1,0,0,1,100,1.,-0.952698,-0.456665,-0.952698,0.,0,1,0
-1897.650879,-349.41626,17.,-1971.791748,-1183.961548,8.15,-104,-27704,-8,0.006778,0.009622,-1.858661,1,0,0,1,100,1.,-0.952698,-0.456665,-0.952698,0.,0,1,0
-1930.239258,-368.640656,17.,-2006.57666,-1123.990723,8.15,-104,-28027,-8,0.007075,0.009425,-1.864674,1,0,0,1,100,1.,-0.952698,-0.456665,-0.952698,0.,0,1,0
-1963.390869,-386.873505,17.,-2039.776855,-1062.546143,8.15,-104,-28350,-8,0.007372,0.009228,-1.869721,1,0,0,1,100,1.,-0.960571,-0.456665,-0.960571,0.,0,1,0
-1997.079712,-404.093597,17.,-2071.261963,-999.774109,8.15,-104,-28672,-8,0.007637,0.009032,-1.8738,1,0,0,1,100,1.,-0.960571,-0.456665,-0.960571,0.,0,0,0
-2031.284546,-420.271912,17.,-2100.966797,-935.721191,8.15,-104,-28995,-8,0.007965,0.008735,-1.880385,1,0,0,1,100,1.,-0.960571,-0.456665,-0.960571,0.,0,0,0
-2065.844238,-435.35083,17.,-2123.752197,-869.22467,8.250936,-104,-29317,-8,0.007938,0.008314,-1.884575,1,0,0,1,100,1.,-0.960571,-0.456665,-0.960571,0.,0,0,0
-2100.741455,-449.3237,17.,-2143.427979,-801.601624,8.311719,-104,-29640,-8,0.0079,0.007724,-1.888255,1,0,0,1,100,1.,-0.960571,-0.456665,-0.960571,0.,0,0,0
-2135.950439,-462.188354,17.,-2161.013184,-733.322205,8.345531,-104,-29963,-8,0.0079,0.007289,-1.891585,1,0,0,1,100,1.,-0.960571,-0.456665,-0.960571,0.,0,0,0
-2171.444336,-473.93103,17.,-2176.474365,-664.524658,8.36,-104,-30287,-8,0.0079,0.006896,-1.89458,1,0,0,1,100,1.,-0.960571,-0.456665,-0.960571,0.,0,0,0
-2207.184326,-484.546844,17.,-2189.802979,-595.064697,8.36,-104,-30618,-8,0.007949,0.006502,-1.89758,1,0,0,1,100,1.,-0.889709,-0.456665,-0.889709,0.,0,0,0
-2243.122559,-494.021332,17.,-2200.965088,-524.916626,8.36,-104,-30948,-8,0.008145,0.006255,-1.900728,1,0,0,1,100,1.,-0.692871,-0.385803,-0.692871,0.,0,0,0
-2279.236084,-502.344513,17.,-2209.921387,-455.248779,8.36,-104,-31277,-8,0.0081,0.005958,-1.878118,1,0,0,1,100,1.,-0.464539,-0.236206,-0.464539,0.,0,0,0
-2315.486328,-509.530212,17.,-2216.776611,-388.248566,8.36,-104,-31598,-8,0.007522,0.005622,-1.784601,1,0,0,1,100,1.,-0.314941,-0.141724,-0.314941,0.,0,0,0
-2351.849121,-515.628235,17.,-2221.740234,-325.152405,8.36,-104,-31899,-8,0.006629,0.005329,-1.610635,1,0,0,1,100,1.,0.,0.,0.,0.,0,0,0
-2388.292236,-520.711365,17.,-2225.074707,-265.884247,8.36,-104,-32169,-8,0.0061,0.005068,-1.400861,1,0,0,1,100,1.,0.,0.,0.,0.,0,0,0
-2424.780273,-524.845398,17.,-2227.096436,-213.142059,8.362909,-104,-32402,-8,0.005242,0.004871,-1.116518,1,0,0,1,100,1.,0.,0.,0.,0.,0,0,0
-2461.294678,-528.146606,17.,-2228.1521,-164.992722,8.37,-104,-32585,-8,0.005252,0.004674,-0.859586,1,0,0,1,100,1.,0.,0.,0.,0.,0,0,0
-2497.825928,-530.666687,17.,-2228.477783,-121.264313,8.38,-104,-32726,-8,0.005768,0.0045,-0.66666,1,0,0,1,100,1.,0.,0.,0.,0.,0,0,0
-2534.357422,-532.498718,17.,-2228.337158,-82.883598,8.38,-104,32703,-8,0.006358,0.004481,-0.51974,1,0,0,1,100,1.,0.,0.,0.,0.,0,0,0
-2570.888916,-533.720337,17.,-2227.926758,-49.967083,8.381598,-104,32614,-8,0.006948,0.0044,-0.406726,1,0,0,1,100,1.,0.,0.,0.,0.,0,0,0
-2607.408936,-534.425415,17.,-2227.383057,-22.042515,8.389999,-104,32548,-8,0.007425,0.0043,-0.319359,1,0,0,1,100,1.,0.,0.,0.,0.,0,0,0
-2643.920654,-534.690002,17.,-2226.8125,1.157221,8.389999,-104,32494,-8,0.007809,0.0043,-0.251174,1,0,0,1,100,1.,0.,0.,0.,0.,0,0,0
-2680.421875,-534.589539,17.,-2226.243408,20.483192,8.4,-104,32451,-8,0.008006,0.004294,-0.198109,1,0,0,1,100,1.,0.,0.,0.,0.,0,0,0
-2716.913818,-534.181396,17.,-2225.723145,36.400581,8.4,-104,32416,-8,0.008203,0.0042,-0.156493,1,0,0,1,100,1.,0.,0.,0.,0.,0,0,0
-2753.405762,-533.531433,17.,-2225.260986,49.474701,8.4,-104,32388,-8,0.0084,0.0042,-0.123862,1,0,0,1,100,1.,0.,0.,0.,0.,0,0,0
-2789.878418,-532.67688,17.,-2224.857178,60.062469,8.4,-104,32364,-8,0.008596,0.0042,-0.098249,1,0,0,1,100,1.,0.,0.,0.,0.,0,0,0
-2826.350586,-531.657532,17.,-2224.511719,68.853737,8.4,-104,32345,-8,0.0087,0.0042,-0.078161,1,0,0,1,100,1.,0.,0.,0.,0.,0,0,0
-2862.822998,-530.492432,17.,-2224.214355,76.029045,8.408977,-104,32329,-8,0.0087,0.0041,-0.062267,1,0,0,1,100,1.,-0.118103,0.,-0.118103,0.,0,0,0
-2899.276855,-529.219177,17.,-2223.966064,81.973633,8.41,-104,32313,-8,0.008786,0.0041,-0.049797,1,0,0,1,100,1.,-0.196838,0.,-0.196838,0.,0,0,0
-2935.72998,-527.84082,17.,-2223.618408,89.084335,8.41,-104,32301,-8,0.009366,0.004,-0.097639,1,0,0,1,100,1.,-0.456665,-0.181091,-0.456665,0.,0,0,0
-2972.182617,-526.346497,17.,-2223.202148,96.78965,8.41,-104,32275,-8,0.00978,0.004,-0.171959,1,0,0,1,100,1.,-0.818848,-0.346436,-0.818848,0.,0,0,0
-3008.627686,-524.713074,17.,-2222.344971,108.972038,8.41,-104,32235,-8,0.01083,0.0039,-0.348976,1,0,0,1,100,1.,-0.999969,-0.40155,-0.999969,0.,0,0,0
-3045.053467,-522.848816,17.,-2220.523438,128.072495,8.41,-104,32161,-8,0.012294,0.0037,-0.654262,1,0,0,1,100,1.,-0.999969,-0.37793,-0.999969,0.,0,0,0
-3081.442871,-520.655701,17.,-2217.842285,152.074768,8.41,-104,32035,-8,0.01307,0.0036,-0.970597,1,0,0,1,100,1.,-0.999969,-0.370056,-0.999969,0.,0,0,0
-3117.786621,-518.057678,17.,-2214.470215,179.661011,8.41,-104,31857,-8,0.012866,0.0035,-1.20944,1,0,0,1,100,1.,-0.999969,-0.338562,-0.999969,0.,0,0,0
-3154.072754,-514.988647,17.,-2210.019287,211.941666,8.4,-104,31642,-8,0.012309,0.003336,-1.384971,1,0,0,1,100,1.,-0.999969,-0.322815,-0.999969,0.,0,0,0
-3190.27832,-511.366547,17.,-2204.112793,249.225266,8.4,-104,31396,-8,0.011719,0.00314,-1.51584,1,0,0,1,100,1.,-0.999969,-0.322815,-0.999969,0.,0,0,0
-3226.381836,-507.117645,17.,-2196.387695,291.501465,8.4,-104,31128,-8,0.011286,0.002943,-1.615264,1,0,0,1,100,1.,-0.999969,-0.322815,-0.999969,0.,0,0,0
-3262.354004,-502.154175,17.,-2186.615479,338.158142,8.4,-104,30844,-8,0.010946,0.002746,-1.69188,1,0,0,1,100,1.,-0.999969,-0.322815,-0.999969,0.,0,0,0
-3298.155273,-496.411133,17.,-2174.620605,388.481659,8.389999,-104,30551,-8,0.01075,0.00255,-1.751769,1,0,0,1,100,1.,-0.999969,-0.322815,-0.999969,0.,0,0,0
-3333.743896,-489.826202,17.,-2160.333984,441.683655,8.389999,-104,30246,-8,0.010553,0.002253,-1.799093,1,0,0,1,100,1.,-0.999969,-0.322815,-0.999969,0.,0,0,0
-3369.095947,-482.366913,17.,-2143.634277,497.249695,8.389999,-104,29934,-8,0.0104,0.001956,-1.837005,1,0,0,1,100,1.,-0.999969,-0.322815,-0.999969,0.,0,0,0
-3404.164307,-473.984375,17.,-2124.480225,554.634766,8.389999,-104,29613,-8,0.0104,0.001659,-1.867645,1,0,0,1,100,1.,-0.999969,-0.322815,-0.999969,0.,0,0,0
-3438.905518,-464.655884,17.,-2102.832031,613.370972,8.389999,-104,29291,-8,0.010363,0.001363,-1.892619,1,0,0,1,100,1.,-0.999969,-0.322815,-0.999969,0.,0,0,0
-3473.281982,-454.360107,17.,-2078.789795,672.836304,8.389999,-104,28963,-8,0.0103,0.000725,-1.913067,1,0,0,1,100,1.,-0.999969,-0.322815,-0.999969,0.,0,0,0
-3507.255371,-443.094055,17.,-2052.305664,732.783447,8.389999,-104,28632,-8,0.0103,0.,-1.929939,1,0,0,1,100,1.,-0.999969,-0.322815,-0.999969,0.,0,0,0
-3540.787598,-430.841431,17.,-2023.501343,792.760193,8.389999,-104,28301,-8,0.0103,0.,-1.943805,1,0,0,1,100,1.,-0.999969,-0.322815,-0.999969,0.,0,0,0
-3573.840576,-417.604675,17.,-1992.393677,852.532104,8.389999,-104,27962,-8,0.0102,0.,-1.955384,1,0,0,1,100,1.,-0.999969,-0.322815,-0.999969,0.,0,0,0
-3606.376709,-403.38858,17.,-1958.956177,911.967957,8.389999,-104,27624,-8,0.0102,0.,-1.965122,1,0,0,1,100,1.,-0.999969,-0.322815,-0.999969,0.,0,0,0
-3638.357666,-388.197662,17.,-1923.334717,970.734558,8.389999,-104,27286,-8,0.0101,0.,-1.973254,1,0,0,1,100,1.,-0.999969,-0.322815,-0.999969,0.,0,0,0
-3669.745117,-372.050995,17.,-1885.643311,1028.566284,8.38856,-104,26947,-8,0.010086,0.,-1.980032,1,0,0,1,100,1.,-0.999969,-0.322815,-0.999969,0.,0,0,0
-3700.501465,-354.95755,17.,-1845.994995,1085.275146,8.38,-104,26608,-8,0.01,0.,-1.985567,1,0,0,1,100,1.,-0.999969,-0.322815,-0.999969,0.,0,0,0
-3730.599365,-336.94635,17.,-1804.372314,1140.831665,8.38,-104,26262,-8,0.009992,0.,-1.990272,1,0,0,1,100,1.,-0.999969,-0.322815,-0.999969,0.,0,0,0
-3760.009033,-318.026367,17.,-1760.694702,1195.249146,8.38,-104,25916,-8,0.0098,0.,-1.994491,1,0,0,1,100,1.,-0.999969,-0.322815,-0.999969,0.,0,0,0
-3788.693115,-298.216736,17.000769,-1713.711304,1248.848999,16.093357,-104,25570,-8,-0.003348,0.381319,-2.007592,1,0,0,1,100,1.,-0.999969,-0.330688,-0.999969,0.,0,0,0
-3816.569336,-277.522369,17.256008,-1659.908691,1303.980469,42.193195,-6,25224,-103,0.007868,1.663952,-2.046173,1,0,0,1,100,1.,-0.999969,-0.322815,-0.999969,0.,0,0,0
-3843.562744,-255.925354,17.947851,-1590.539795,1357.993408,114.86541,233,24866,-280,0.301516,3.613068,-2.16168,1,0,0,1,100,1.,-0.999969,-0.322815,-0.999969,0.,0,0,0
-3869.325928,-233.429321,20.023968,-1515.920776,1414.245483,181.057037,755,24470,-748,0.096431,4.98989,-2.202139,0,0,0,1,100,1.,-0.999969,-0.322815,-0.999969,0.,0,0,0
-3893.876221,-210.031754,23.229994,-1410.389404,1464.622437,331.793854,1339,24028,-1274,-0.117044,4.9994,-2.011666,0,0,0,1,100,1.,-0.999969,-0.322815,-0.999969,0.,0,0,0
-3916.349854,-185.878571,29.188854,-1295.411011,1507.06604,422.398865,1978,23580,-2127,-0.581384,5.332486,-1.204429,0,0,0,1,100,1.,-0.999969,-0.322815,-0.999969,0.,0,0,0
-3936.926514,-161.129135,36.581001,-1164.747192,1534.922729,554.163147,2616,23155,-2958,-0.179661,5.153768,-1.426877,0,0,0,1,100,1.,-0.999969,-0.322815,-0.999969,0.,0,0,0
-3955.61499,-135.845032,45.877804,-1078.9021,1567.14917,606.800354,3081,22709,-3768,-0.925295,5.314909,-1.069132,0,0,0,1,100,1.,-0.999969,-0.322815,-0.999969,0.,0,0,0
-3973.075439,-110.034302,55.710606,-967.761108,1594.219849,674.356873,3475,22231,-4655,-0.799299,5.291664,-1.257773,0,0,0,1,100,1.,-0.999969,-0.322815,-0.999969,0.,0,0,0
-3988.439209,-83.80368,67.018616,-863.338257,1618.266968,736.89856,3798,21708,-5576,-1.207695,5.225087,-1.140682,0,0,0,1,100,1.,-0.897583,-0.322815,-0.897583,0.,0,0,0
-4002.431152,-57.179317,78.934135,-818.834656,1642.992432,720.626465,4025,21159,-6528,-1.217441,5.090373,-1.232124,0,0,0,1,100,1.,-0.385803,0.,-0.385803,0.,0,0,0
-4015.288086,-30.161762,90.904701,-670.645813,1664.658691,790.509583,4185,20582,-7470,-1.374166,4.698023,-1.23402,0,0,0,1,100,1.,0.,0.,0.,0.,0,0,0
-4026.027588,-2.805252,103.792656,-610.377991,1682.537598,792.703125,4259,20024,-8364,-1.186807,4.413281,-1.074261,0,0,0,1,100,1.,0.,0.,0.,0.,0,0,0
